ISO-10303-21;
HEADER;
/* Generated by software containing ST-Developer
 * from STEP Tools, Inc. (www.steptools.com) 
 */

FILE_DESCRIPTION(
/* description */ ('KiCad electronic assembly'),
/* implementation_level */ '2;1');

FILE_NAME(
/* name */ '3D HACK-PAD Body.step',
/* time_stamp */ '2026-08-26T18:26:33-06:00',
/* author */ (''),
/* organization */ (''),
/* preprocessor_version */ 'ST-DEVELOPER v20.1',
/* originating_system */ 'Autodesk Translation Framework v15.8.0.0',
/* authorisation */ '');

FILE_SCHEMA (('AUTOMOTIVE_DESIGN { 1 0 10303 214 3 1 1 }'));
ENDSEC;

DATA;
#10=MECHANICAL_DESIGN_GEOMETRIC_PRESENTATION_REPRESENTATION('',(#13),#5634);
#11=SHAPE_REPRESENTATION_RELATIONSHIP('SRR','None',#5640,#12);
#12=ADVANCED_BREP_SHAPE_REPRESENTATION('',(#14),#5633);
#13=STYLED_ITEM('',(#5650),#14);
#14=MANIFOLD_SOLID_BREP('Body1',#3510);
#15=CYLINDRICAL_SURFACE('',#3601,3.5);
#16=CYLINDRICAL_SURFACE('',#3604,1.125);
#17=CYLINDRICAL_SURFACE('',#3607,1.125);
#18=CYLINDRICAL_SURFACE('',#3610,1.125);
#19=CYLINDRICAL_SURFACE('',#3614,1.125);
#20=CYLINDRICAL_SURFACE('',#3617,10.);
#21=CYLINDRICAL_SURFACE('',#3620,9.99999999999999);
#22=CYLINDRICAL_SURFACE('',#3625,10.);
#23=CYLINDRICAL_SURFACE('',#3630,10.);
#24=CYLINDRICAL_SURFACE('',#3641,8.);
#25=CYLINDRICAL_SURFACE('',#3664,3.50000000000001);
#26=CYLINDRICAL_SURFACE('',#3665,3.5);
#27=CYLINDRICAL_SURFACE('',#3666,3.73525399408556);
#28=CYLINDRICAL_SURFACE('',#3671,2.5);
#29=CYLINDRICAL_SURFACE('',#3674,2.5);
#30=CYLINDRICAL_SURFACE('',#3687,5.);
#31=CYLINDRICAL_SURFACE('',#3690,5.);
#32=CYLINDRICAL_SURFACE('',#3708,1.);
#33=CYLINDRICAL_SURFACE('',#3714,1.);
#34=CYLINDRICAL_SURFACE('',#3721,1.);
#35=CYLINDRICAL_SURFACE('',#3724,1.);
#36=CYLINDRICAL_SURFACE('',#3737,1.0625);
#37=FACE_BOUND('',#361,.T.);
#38=FACE_BOUND('',#363,.T.);
#39=FACE_BOUND('',#365,.T.);
#40=FACE_BOUND('',#385,.T.);
#41=FACE_BOUND('',#386,.T.);
#42=FACE_BOUND('',#387,.T.);
#43=FACE_BOUND('',#388,.T.);
#44=FACE_BOUND('',#389,.T.);
#45=FACE_BOUND('',#391,.T.);
#46=FACE_BOUND('',#392,.T.);
#47=FACE_BOUND('',#400,.T.);
#48=FACE_BOUND('',#427,.T.);
#49=FACE_BOUND('',#439,.T.);
#50=FACE_BOUND('',#443,.T.);
#51=FACE_BOUND('',#459,.T.);
#52=FACE_BOUND('',#460,.T.);
#53=FACE_BOUND('',#461,.T.);
#54=FACE_BOUND('',#462,.T.);
#55=FACE_BOUND('',#470,.T.);
#56=CIRCLE('',#3591,3.5);
#57=CIRCLE('',#3592,1.125);
#58=CIRCLE('',#3594,3.5);
#59=CIRCLE('',#3595,1.125);
#60=CIRCLE('',#3597,3.50000000000001);
#61=CIRCLE('',#3598,1.125);
#62=CIRCLE('',#3602,3.5);
#63=CIRCLE('',#3605,1.125);
#64=CIRCLE('',#3608,1.125);
#65=CIRCLE('',#3611,1.125);
#66=CIRCLE('',#3612,1.125);
#67=CIRCLE('',#3615,1.125);
#68=CIRCLE('',#3618,10.);
#69=CIRCLE('',#3619,10.);
#70=CIRCLE('',#3621,9.99999999999999);
#71=CIRCLE('',#3622,9.99999999999999);
#72=CIRCLE('',#3623,9.99999999999999);
#73=CIRCLE('',#3624,9.99999999999999);
#74=CIRCLE('',#3626,10.);
#75=CIRCLE('',#3627,10.);
#76=CIRCLE('',#3628,10.);
#77=CIRCLE('',#3629,10.);
#78=CIRCLE('',#3631,10.);
#79=CIRCLE('',#3632,10.);
#80=CIRCLE('',#3636,8.);
#81=CIRCLE('',#3638,1.0625);
#82=CIRCLE('',#3642,8.);
#83=CIRCLE('',#3647,3.5);
#84=CIRCLE('',#3648,3.50000000000001);
#85=CIRCLE('',#3650,1.0625);
#86=CIRCLE('',#3661,2.5);
#87=CIRCLE('',#3662,2.5);
#88=CIRCLE('',#3667,3.73525399408556);
#89=CIRCLE('',#3668,3.73525399408556);
#90=CIRCLE('',#3672,2.5);
#91=CIRCLE('',#3675,2.5);
#92=CIRCLE('',#3688,5.);
#93=CIRCLE('',#3689,5.);
#94=CIRCLE('',#3691,5.);
#95=CIRCLE('',#3692,5.);
#96=CIRCLE('',#3709,1.);
#97=CIRCLE('',#3710,1.);
#98=CIRCLE('',#3715,1.);
#99=CIRCLE('',#3716,1.);
#100=CIRCLE('',#3722,1.);
#101=CIRCLE('',#3723,1.);
#102=CIRCLE('',#3725,1.);
#103=CIRCLE('',#3726,1.);
#104=FACE_OUTER_BOUND('',#282,.T.);
#105=FACE_OUTER_BOUND('',#283,.T.);
#106=FACE_OUTER_BOUND('',#284,.T.);
#107=FACE_OUTER_BOUND('',#285,.T.);
#108=FACE_OUTER_BOUND('',#286,.T.);
#109=FACE_OUTER_BOUND('',#287,.T.);
#110=FACE_OUTER_BOUND('',#288,.T.);
#111=FACE_OUTER_BOUND('',#289,.T.);
#112=FACE_OUTER_BOUND('',#290,.T.);
#113=FACE_OUTER_BOUND('',#291,.T.);
#114=FACE_OUTER_BOUND('',#292,.T.);
#115=FACE_OUTER_BOUND('',#293,.T.);
#116=FACE_OUTER_BOUND('',#294,.T.);
#117=FACE_OUTER_BOUND('',#295,.T.);
#118=FACE_OUTER_BOUND('',#296,.T.);
#119=FACE_OUTER_BOUND('',#297,.T.);
#120=FACE_OUTER_BOUND('',#298,.T.);
#121=FACE_OUTER_BOUND('',#299,.T.);
#122=FACE_OUTER_BOUND('',#300,.T.);
#123=FACE_OUTER_BOUND('',#301,.T.);
#124=FACE_OUTER_BOUND('',#302,.T.);
#125=FACE_OUTER_BOUND('',#303,.T.);
#126=FACE_OUTER_BOUND('',#304,.T.);
#127=FACE_OUTER_BOUND('',#305,.T.);
#128=FACE_OUTER_BOUND('',#306,.T.);
#129=FACE_OUTER_BOUND('',#307,.T.);
#130=FACE_OUTER_BOUND('',#308,.T.);
#131=FACE_OUTER_BOUND('',#309,.T.);
#132=FACE_OUTER_BOUND('',#310,.T.);
#133=FACE_OUTER_BOUND('',#311,.T.);
#134=FACE_OUTER_BOUND('',#312,.T.);
#135=FACE_OUTER_BOUND('',#313,.T.);
#136=FACE_OUTER_BOUND('',#314,.T.);
#137=FACE_OUTER_BOUND('',#315,.T.);
#138=FACE_OUTER_BOUND('',#316,.T.);
#139=FACE_OUTER_BOUND('',#317,.T.);
#140=FACE_OUTER_BOUND('',#318,.T.);
#141=FACE_OUTER_BOUND('',#319,.T.);
#142=FACE_OUTER_BOUND('',#320,.T.);
#143=FACE_OUTER_BOUND('',#321,.T.);
#144=FACE_OUTER_BOUND('',#322,.T.);
#145=FACE_OUTER_BOUND('',#323,.T.);
#146=FACE_OUTER_BOUND('',#324,.T.);
#147=FACE_OUTER_BOUND('',#325,.T.);
#148=FACE_OUTER_BOUND('',#326,.T.);
#149=FACE_OUTER_BOUND('',#327,.T.);
#150=FACE_OUTER_BOUND('',#328,.T.);
#151=FACE_OUTER_BOUND('',#329,.T.);
#152=FACE_OUTER_BOUND('',#330,.T.);
#153=FACE_OUTER_BOUND('',#331,.T.);
#154=FACE_OUTER_BOUND('',#332,.T.);
#155=FACE_OUTER_BOUND('',#333,.T.);
#156=FACE_OUTER_BOUND('',#334,.T.);
#157=FACE_OUTER_BOUND('',#335,.T.);
#158=FACE_OUTER_BOUND('',#336,.T.);
#159=FACE_OUTER_BOUND('',#337,.T.);
#160=FACE_OUTER_BOUND('',#338,.T.);
#161=FACE_OUTER_BOUND('',#339,.T.);
#162=FACE_OUTER_BOUND('',#340,.T.);
#163=FACE_OUTER_BOUND('',#341,.T.);
#164=FACE_OUTER_BOUND('',#342,.T.);
#165=FACE_OUTER_BOUND('',#343,.T.);
#166=FACE_OUTER_BOUND('',#344,.T.);
#167=FACE_OUTER_BOUND('',#345,.T.);
#168=FACE_OUTER_BOUND('',#346,.T.);
#169=FACE_OUTER_BOUND('',#347,.T.);
#170=FACE_OUTER_BOUND('',#348,.T.);
#171=FACE_OUTER_BOUND('',#349,.T.);
#172=FACE_OUTER_BOUND('',#350,.T.);
#173=FACE_OUTER_BOUND('',#351,.T.);
#174=FACE_OUTER_BOUND('',#352,.T.);
#175=FACE_OUTER_BOUND('',#353,.T.);
#176=FACE_OUTER_BOUND('',#354,.T.);
#177=FACE_OUTER_BOUND('',#355,.T.);
#178=FACE_OUTER_BOUND('',#356,.T.);
#179=FACE_OUTER_BOUND('',#357,.T.);
#180=FACE_OUTER_BOUND('',#358,.T.);
#181=FACE_OUTER_BOUND('',#359,.T.);
#182=FACE_OUTER_BOUND('',#360,.T.);
#183=FACE_OUTER_BOUND('',#362,.T.);
#184=FACE_OUTER_BOUND('',#364,.T.);
#185=FACE_OUTER_BOUND('',#366,.T.);
#186=FACE_OUTER_BOUND('',#367,.T.);
#187=FACE_OUTER_BOUND('',#368,.T.);
#188=FACE_OUTER_BOUND('',#369,.T.);
#189=FACE_OUTER_BOUND('',#370,.T.);
#190=FACE_OUTER_BOUND('',#371,.T.);
#191=FACE_OUTER_BOUND('',#372,.T.);
#192=FACE_OUTER_BOUND('',#373,.T.);
#193=FACE_OUTER_BOUND('',#374,.T.);
#194=FACE_OUTER_BOUND('',#375,.T.);
#195=FACE_OUTER_BOUND('',#376,.T.);
#196=FACE_OUTER_BOUND('',#377,.T.);
#197=FACE_OUTER_BOUND('',#378,.T.);
#198=FACE_OUTER_BOUND('',#379,.T.);
#199=FACE_OUTER_BOUND('',#380,.T.);
#200=FACE_OUTER_BOUND('',#381,.T.);
#201=FACE_OUTER_BOUND('',#382,.T.);
#202=FACE_OUTER_BOUND('',#383,.T.);
#203=FACE_OUTER_BOUND('',#384,.T.);
#204=FACE_OUTER_BOUND('',#390,.T.);
#205=FACE_OUTER_BOUND('',#393,.T.);
#206=FACE_OUTER_BOUND('',#394,.T.);
#207=FACE_OUTER_BOUND('',#395,.T.);
#208=FACE_OUTER_BOUND('',#396,.T.);
#209=FACE_OUTER_BOUND('',#397,.T.);
#210=FACE_OUTER_BOUND('',#398,.T.);
#211=FACE_OUTER_BOUND('',#399,.T.);
#212=FACE_OUTER_BOUND('',#401,.T.);
#213=FACE_OUTER_BOUND('',#402,.T.);
#214=FACE_OUTER_BOUND('',#403,.T.);
#215=FACE_OUTER_BOUND('',#404,.T.);
#216=FACE_OUTER_BOUND('',#405,.T.);
#217=FACE_OUTER_BOUND('',#406,.T.);
#218=FACE_OUTER_BOUND('',#407,.T.);
#219=FACE_OUTER_BOUND('',#408,.T.);
#220=FACE_OUTER_BOUND('',#409,.T.);
#221=FACE_OUTER_BOUND('',#410,.T.);
#222=FACE_OUTER_BOUND('',#411,.T.);
#223=FACE_OUTER_BOUND('',#412,.T.);
#224=FACE_OUTER_BOUND('',#413,.T.);
#225=FACE_OUTER_BOUND('',#414,.T.);
#226=FACE_OUTER_BOUND('',#415,.T.);
#227=FACE_OUTER_BOUND('',#416,.T.);
#228=FACE_OUTER_BOUND('',#417,.T.);
#229=FACE_OUTER_BOUND('',#418,.T.);
#230=FACE_OUTER_BOUND('',#419,.T.);
#231=FACE_OUTER_BOUND('',#420,.T.);
#232=FACE_OUTER_BOUND('',#421,.T.);
#233=FACE_OUTER_BOUND('',#422,.T.);
#234=FACE_OUTER_BOUND('',#423,.T.);
#235=FACE_OUTER_BOUND('',#424,.T.);
#236=FACE_OUTER_BOUND('',#425,.T.);
#237=FACE_OUTER_BOUND('',#426,.T.);
#238=FACE_OUTER_BOUND('',#428,.T.);
#239=FACE_OUTER_BOUND('',#429,.T.);
#240=FACE_OUTER_BOUND('',#430,.T.);
#241=FACE_OUTER_BOUND('',#431,.T.);
#242=FACE_OUTER_BOUND('',#432,.T.);
#243=FACE_OUTER_BOUND('',#433,.T.);
#244=FACE_OUTER_BOUND('',#434,.T.);
#245=FACE_OUTER_BOUND('',#435,.T.);
#246=FACE_OUTER_BOUND('',#436,.T.);
#247=FACE_OUTER_BOUND('',#437,.T.);
#248=FACE_OUTER_BOUND('',#438,.T.);
#249=FACE_OUTER_BOUND('',#440,.T.);
#250=FACE_OUTER_BOUND('',#441,.T.);
#251=FACE_OUTER_BOUND('',#442,.T.);
#252=FACE_OUTER_BOUND('',#444,.T.);
#253=FACE_OUTER_BOUND('',#445,.T.);
#254=FACE_OUTER_BOUND('',#446,.T.);
#255=FACE_OUTER_BOUND('',#447,.T.);
#256=FACE_OUTER_BOUND('',#448,.T.);
#257=FACE_OUTER_BOUND('',#449,.T.);
#258=FACE_OUTER_BOUND('',#450,.T.);
#259=FACE_OUTER_BOUND('',#451,.T.);
#260=FACE_OUTER_BOUND('',#452,.T.);
#261=FACE_OUTER_BOUND('',#453,.T.);
#262=FACE_OUTER_BOUND('',#454,.T.);
#263=FACE_OUTER_BOUND('',#455,.T.);
#264=FACE_OUTER_BOUND('',#456,.T.);
#265=FACE_OUTER_BOUND('',#457,.T.);
#266=FACE_OUTER_BOUND('',#458,.T.);
#267=FACE_OUTER_BOUND('',#463,.T.);
#268=FACE_OUTER_BOUND('',#464,.T.);
#269=FACE_OUTER_BOUND('',#465,.T.);
#270=FACE_OUTER_BOUND('',#466,.T.);
#271=FACE_OUTER_BOUND('',#467,.T.);
#272=FACE_OUTER_BOUND('',#468,.T.);
#273=FACE_OUTER_BOUND('',#469,.T.);
#274=FACE_OUTER_BOUND('',#471,.T.);
#275=FACE_OUTER_BOUND('',#472,.T.);
#276=FACE_OUTER_BOUND('',#473,.T.);
#277=FACE_OUTER_BOUND('',#474,.T.);
#278=FACE_OUTER_BOUND('',#475,.T.);
#279=FACE_OUTER_BOUND('',#476,.T.);
#280=FACE_OUTER_BOUND('',#477,.T.);
#281=FACE_OUTER_BOUND('',#478,.T.);
#282=EDGE_LOOP('',(#2186,#2187,#2188,#2189));
#283=EDGE_LOOP('',(#2190,#2191,#2192,#2193));
#284=EDGE_LOOP('',(#2194,#2195,#2196,#2197));
#285=EDGE_LOOP('',(#2198,#2199,#2200,#2201));
#286=EDGE_LOOP('',(#2202,#2203,#2204,#2205));
#287=EDGE_LOOP('',(#2206,#2207,#2208,#2209));
#288=EDGE_LOOP('',(#2210,#2211,#2212,#2213));
#289=EDGE_LOOP('',(#2214,#2215,#2216,#2217));
#290=EDGE_LOOP('',(#2218,#2219,#2220,#2221));
#291=EDGE_LOOP('',(#2222,#2223,#2224,#2225));
#292=EDGE_LOOP('',(#2226,#2227,#2228,#2229));
#293=EDGE_LOOP('',(#2230,#2231,#2232,#2233));
#294=EDGE_LOOP('',(#2234,#2235,#2236,#2237));
#295=EDGE_LOOP('',(#2238,#2239,#2240,#2241));
#296=EDGE_LOOP('',(#2242,#2243,#2244,#2245));
#297=EDGE_LOOP('',(#2246,#2247,#2248,#2249));
#298=EDGE_LOOP('',(#2250,#2251,#2252,#2253));
#299=EDGE_LOOP('',(#2254,#2255,#2256,#2257));
#300=EDGE_LOOP('',(#2258,#2259,#2260,#2261));
#301=EDGE_LOOP('',(#2262,#2263,#2264,#2265));
#302=EDGE_LOOP('',(#2266,#2267,#2268,#2269));
#303=EDGE_LOOP('',(#2270,#2271,#2272,#2273));
#304=EDGE_LOOP('',(#2274,#2275,#2276,#2277));
#305=EDGE_LOOP('',(#2278,#2279,#2280,#2281,#2282,#2283,#2284,#2285));
#306=EDGE_LOOP('',(#2286,#2287,#2288,#2289));
#307=EDGE_LOOP('',(#2290,#2291,#2292,#2293));
#308=EDGE_LOOP('',(#2294,#2295,#2296,#2297));
#309=EDGE_LOOP('',(#2298,#2299,#2300,#2301));
#310=EDGE_LOOP('',(#2302,#2303,#2304,#2305));
#311=EDGE_LOOP('',(#2306,#2307,#2308,#2309));
#312=EDGE_LOOP('',(#2310,#2311,#2312,#2313));
#313=EDGE_LOOP('',(#2314,#2315,#2316,#2317));
#314=EDGE_LOOP('',(#2318,#2319,#2320,#2321));
#315=EDGE_LOOP('',(#2322,#2323,#2324,#2325));
#316=EDGE_LOOP('',(#2326,#2327,#2328,#2329));
#317=EDGE_LOOP('',(#2330,#2331,#2332,#2333));
#318=EDGE_LOOP('',(#2334,#2335,#2336,#2337));
#319=EDGE_LOOP('',(#2338,#2339,#2340,#2341));
#320=EDGE_LOOP('',(#2342,#2343,#2344,#2345));
#321=EDGE_LOOP('',(#2346,#2347,#2348,#2349));
#322=EDGE_LOOP('',(#2350,#2351,#2352,#2353));
#323=EDGE_LOOP('',(#2354,#2355,#2356,#2357,#2358,#2359,#2360,#2361,#2362,
#2363,#2364,#2365));
#324=EDGE_LOOP('',(#2366,#2367,#2368,#2369));
#325=EDGE_LOOP('',(#2370,#2371,#2372,#2373));
#326=EDGE_LOOP('',(#2374,#2375,#2376,#2377));
#327=EDGE_LOOP('',(#2378,#2379,#2380,#2381));
#328=EDGE_LOOP('',(#2382,#2383,#2384,#2385));
#329=EDGE_LOOP('',(#2386,#2387,#2388,#2389));
#330=EDGE_LOOP('',(#2390,#2391,#2392,#2393));
#331=EDGE_LOOP('',(#2394,#2395,#2396,#2397));
#332=EDGE_LOOP('',(#2398,#2399,#2400,#2401));
#333=EDGE_LOOP('',(#2402,#2403,#2404,#2405));
#334=EDGE_LOOP('',(#2406,#2407,#2408,#2409));
#335=EDGE_LOOP('',(#2410,#2411,#2412,#2413));
#336=EDGE_LOOP('',(#2414,#2415,#2416,#2417,#2418,#2419,#2420,#2421,#2422,
#2423,#2424,#2425));
#337=EDGE_LOOP('',(#2426,#2427,#2428,#2429));
#338=EDGE_LOOP('',(#2430,#2431,#2432,#2433));
#339=EDGE_LOOP('',(#2434,#2435,#2436,#2437));
#340=EDGE_LOOP('',(#2438,#2439,#2440,#2441));
#341=EDGE_LOOP('',(#2442,#2443,#2444,#2445));
#342=EDGE_LOOP('',(#2446,#2447,#2448,#2449));
#343=EDGE_LOOP('',(#2450,#2451,#2452,#2453));
#344=EDGE_LOOP('',(#2454,#2455,#2456,#2457));
#345=EDGE_LOOP('',(#2458,#2459,#2460,#2461,#2462,#2463,#2464,#2465));
#346=EDGE_LOOP('',(#2466,#2467,#2468,#2469));
#347=EDGE_LOOP('',(#2470,#2471,#2472,#2473));
#348=EDGE_LOOP('',(#2474,#2475,#2476,#2477));
#349=EDGE_LOOP('',(#2478,#2479,#2480,#2481));
#350=EDGE_LOOP('',(#2482,#2483,#2484,#2485));
#351=EDGE_LOOP('',(#2486,#2487,#2488,#2489));
#352=EDGE_LOOP('',(#2490,#2491,#2492,#2493));
#353=EDGE_LOOP('',(#2494,#2495,#2496,#2497));
#354=EDGE_LOOP('',(#2498,#2499,#2500,#2501,#2502,#2503,#2504,#2505));
#355=EDGE_LOOP('',(#2506,#2507,#2508,#2509));
#356=EDGE_LOOP('',(#2510,#2511,#2512,#2513));
#357=EDGE_LOOP('',(#2514,#2515,#2516,#2517));
#358=EDGE_LOOP('',(#2518,#2519,#2520,#2521));
#359=EDGE_LOOP('',(#2522,#2523,#2524,#2525));
#360=EDGE_LOOP('',(#2526,#2527,#2528,#2529,#2530));
#361=EDGE_LOOP('',(#2531));
#362=EDGE_LOOP('',(#2532,#2533,#2534,#2535,#2536));
#363=EDGE_LOOP('',(#2537));
#364=EDGE_LOOP('',(#2538,#2539,#2540,#2541,#2542));
#365=EDGE_LOOP('',(#2543));
#366=EDGE_LOOP('',(#2544,#2545,#2546,#2547));
#367=EDGE_LOOP('',(#2548,#2549,#2550,#2551));
#368=EDGE_LOOP('',(#2552,#2553,#2554,#2555));
#369=EDGE_LOOP('',(#2556,#2557,#2558,#2559));
#370=EDGE_LOOP('',(#2560,#2561,#2562,#2563));
#371=EDGE_LOOP('',(#2564));
#372=EDGE_LOOP('',(#2565,#2566,#2567,#2568));
#373=EDGE_LOOP('',(#2569));
#374=EDGE_LOOP('',(#2570,#2571,#2572,#2573));
#375=EDGE_LOOP('',(#2574));
#376=EDGE_LOOP('',(#2575,#2576,#2577,#2578));
#377=EDGE_LOOP('',(#2579));
#378=EDGE_LOOP('',(#2580,#2581,#2582,#2583));
#379=EDGE_LOOP('',(#2584,#2585,#2586,#2587,#2588,#2589,#2590,#2591));
#380=EDGE_LOOP('',(#2592,#2593,#2594,#2595,#2596,#2597,#2598,#2599));
#381=EDGE_LOOP('',(#2600,#2601,#2602,#2603));
#382=EDGE_LOOP('',(#2604,#2605,#2606,#2607));
#383=EDGE_LOOP('',(#2608,#2609,#2610,#2611));
#384=EDGE_LOOP('',(#2612,#2613,#2614,#2615));
#385=EDGE_LOOP('',(#2616));
#386=EDGE_LOOP('',(#2617,#2618,#2619,#2620,#2621,#2622,#2623,#2624,#2625,
#2626,#2627,#2628,#2629,#2630,#2631,#2632,#2633,#2634,#2635,#2636));
#387=EDGE_LOOP('',(#2637,#2638,#2639,#2640,#2641,#2642,#2643,#2644,#2645,
#2646,#2647,#2648));
#388=EDGE_LOOP('',(#2649,#2650,#2651,#2652,#2653,#2654,#2655,#2656,#2657,
#2658,#2659,#2660));
#389=EDGE_LOOP('',(#2661,#2662,#2663,#2664,#2665,#2666,#2667,#2668,#2669,
#2670,#2671,#2672,#2673,#2674,#2675,#2676,#2677,#2678,#2679,#2680,#2681,
#2682,#2683,#2684));
#390=EDGE_LOOP('',(#2685,#2686,#2687,#2688,#2689,#2690));
#391=EDGE_LOOP('',(#2691,#2692,#2693,#2694));
#392=EDGE_LOOP('',(#2695));
#393=EDGE_LOOP('',(#2696,#2697,#2698,#2699,#2700,#2701,#2702,#2703,#2704,
#2705));
#394=EDGE_LOOP('',(#2706,#2707,#2708,#2709));
#395=EDGE_LOOP('',(#2710,#2711,#2712,#2713));
#396=EDGE_LOOP('',(#2714,#2715,#2716,#2717));
#397=EDGE_LOOP('',(#2718,#2719,#2720,#2721));
#398=EDGE_LOOP('',(#2722,#2723,#2724,#2725));
#399=EDGE_LOOP('',(#2726,#2727,#2728,#2729,#2730,#2731,#2732,#2733,#2734,
#2735,#2736,#2737,#2738,#2739,#2740,#2741,#2742,#2743,#2744,#2745,#2746,
#2747,#2748));
#400=EDGE_LOOP('',(#2749,#2750,#2751,#2752));
#401=EDGE_LOOP('',(#2753));
#402=EDGE_LOOP('',(#2754,#2755,#2756,#2757));
#403=EDGE_LOOP('',(#2758,#2759,#2760,#2761));
#404=EDGE_LOOP('',(#2762,#2763,#2764,#2765));
#405=EDGE_LOOP('',(#2766,#2767,#2768,#2769));
#406=EDGE_LOOP('',(#2770,#2771,#2772,#2773));
#407=EDGE_LOOP('',(#2774,#2775,#2776,#2777,#2778,#2779,#2780,#2781));
#408=EDGE_LOOP('',(#2782,#2783,#2784,#2785,#2786,#2787));
#409=EDGE_LOOP('',(#2788,#2789,#2790,#2791,#2792,#2793,#2794,#2795));
#410=EDGE_LOOP('',(#2796,#2797,#2798,#2799,#2800,#2801));
#411=EDGE_LOOP('',(#2802,#2803,#2804,#2805,#2806,#2807,#2808,#2809,#2810,
#2811,#2812,#2813,#2814,#2815));
#412=EDGE_LOOP('',(#2816,#2817,#2818,#2819));
#413=EDGE_LOOP('',(#2820,#2821,#2822,#2823));
#414=EDGE_LOOP('',(#2824,#2825,#2826,#2827));
#415=EDGE_LOOP('',(#2828,#2829,#2830,#2831));
#416=EDGE_LOOP('',(#2832,#2833,#2834,#2835));
#417=EDGE_LOOP('',(#2836,#2837,#2838,#2839));
#418=EDGE_LOOP('',(#2840,#2841,#2842,#2843,#2844));
#419=EDGE_LOOP('',(#2845,#2846,#2847,#2848));
#420=EDGE_LOOP('',(#2849,#2850,#2851,#2852));
#421=EDGE_LOOP('',(#2853,#2854,#2855,#2856));
#422=EDGE_LOOP('',(#2857,#2858,#2859,#2860));
#423=EDGE_LOOP('',(#2861,#2862,#2863,#2864));
#424=EDGE_LOOP('',(#2865,#2866,#2867,#2868));
#425=EDGE_LOOP('',(#2869,#2870,#2871,#2872));
#426=EDGE_LOOP('',(#2873,#2874,#2875,#2876,#2877));
#427=EDGE_LOOP('',(#2878));
#428=EDGE_LOOP('',(#2879,#2880,#2881,#2882));
#429=EDGE_LOOP('',(#2883,#2884,#2885,#2886,#2887,#2888,#2889,#2890,#2891,
#2892));
#430=EDGE_LOOP('',(#2893,#2894,#2895,#2896));
#431=EDGE_LOOP('',(#2897,#2898,#2899,#2900));
#432=EDGE_LOOP('',(#2901,#2902,#2903,#2904));
#433=EDGE_LOOP('',(#2905,#2906,#2907,#2908));
#434=EDGE_LOOP('',(#2909,#2910,#2911,#2912));
#435=EDGE_LOOP('',(#2913,#2914,#2915,#2916));
#436=EDGE_LOOP('',(#2917,#2918,#2919,#2920));
#437=EDGE_LOOP('',(#2921,#2922,#2923,#2924));
#438=EDGE_LOOP('',(#2925,#2926,#2927,#2928));
#439=EDGE_LOOP('',(#2929,#2930,#2931,#2932));
#440=EDGE_LOOP('',(#2933,#2934,#2935,#2936,#2937,#2938,#2939,#2940,#2941,
#2942,#2943,#2944,#2945,#2946));
#441=EDGE_LOOP('',(#2947,#2948,#2949,#2950,#2951,#2952,#2953,#2954,#2955,
#2956,#2957,#2958,#2959,#2960));
#442=EDGE_LOOP('',(#2961,#2962,#2963,#2964,#2965,#2966,#2967,#2968,#2969,
#2970,#2971,#2972,#2973,#2974));
#443=EDGE_LOOP('',(#2975));
#444=EDGE_LOOP('',(#2976,#2977,#2978,#2979,#2980,#2981,#2982,#2983));
#445=EDGE_LOOP('',(#2984,#2985,#2986,#2987));
#446=EDGE_LOOP('',(#2988,#2989,#2990,#2991));
#447=EDGE_LOOP('',(#2992,#2993,#2994,#2995));
#448=EDGE_LOOP('',(#2996,#2997,#2998,#2999));
#449=EDGE_LOOP('',(#3000,#3001,#3002,#3003));
#450=EDGE_LOOP('',(#3004,#3005,#3006,#3007));
#451=EDGE_LOOP('',(#3008,#3009,#3010,#3011,#3012,#3013,#3014,#3015,#3016,
#3017,#3018,#3019));
#452=EDGE_LOOP('',(#3020,#3021,#3022,#3023));
#453=EDGE_LOOP('',(#3024,#3025,#3026,#3027));
#454=EDGE_LOOP('',(#3028,#3029,#3030,#3031));
#455=EDGE_LOOP('',(#3032,#3033,#3034,#3035));
#456=EDGE_LOOP('',(#3036,#3037,#3038,#3039));
#457=EDGE_LOOP('',(#3040,#3041,#3042,#3043));
#458=EDGE_LOOP('',(#3044,#3045,#3046,#3047));
#459=EDGE_LOOP('',(#3048,#3049,#3050,#3051));
#460=EDGE_LOOP('',(#3052,#3053,#3054,#3055));
#461=EDGE_LOOP('',(#3056,#3057,#3058,#3059));
#462=EDGE_LOOP('',(#3060,#3061,#3062,#3063));
#463=EDGE_LOOP('',(#3064,#3065,#3066,#3067));
#464=EDGE_LOOP('',(#3068,#3069,#3070,#3071,#3072,#3073,#3074,#3075,#3076,
#3077,#3078,#3079));
#465=EDGE_LOOP('',(#3080,#3081,#3082,#3083));
#466=EDGE_LOOP('',(#3084,#3085,#3086,#3087));
#467=EDGE_LOOP('',(#3088,#3089,#3090,#3091));
#468=EDGE_LOOP('',(#3092,#3093,#3094,#3095,#3096,#3097,#3098,#3099));
#469=EDGE_LOOP('',(#3100,#3101,#3102,#3103,#3104,#3105,#3106,#3107));
#470=EDGE_LOOP('',(#3108,#3109,#3110,#3111));
#471=EDGE_LOOP('',(#3112,#3113,#3114,#3115));
#472=EDGE_LOOP('',(#3116,#3117,#3118,#3119,#3120,#3121,#3122,#3123,#3124,
#3125,#3126,#3127,#3128,#3129,#3130,#3131,#3132,#3133,#3134,#3135));
#473=EDGE_LOOP('',(#3136,#3137,#3138,#3139));
#474=EDGE_LOOP('',(#3140,#3141,#3142,#3143,#3144,#3145,#3146,#3147,#3148,
#3149,#3150,#3151,#3152,#3153,#3154,#3155,#3156,#3157,#3158,#3159));
#475=EDGE_LOOP('',(#3160,#3161,#3162,#3163));
#476=EDGE_LOOP('',(#3164,#3165,#3166,#3167));
#477=EDGE_LOOP('',(#3168,#3169,#3170,#3171));
#478=EDGE_LOOP('',(#3172,#3173,#3174,#3175));
#479=LINE('',#4643,#926);
#480=LINE('',#4645,#927);
#481=LINE('',#4647,#928);
#482=LINE('',#4648,#929);
#483=LINE('',#4651,#930);
#484=LINE('',#4653,#931);
#485=LINE('',#4654,#932);
#486=LINE('',#4657,#933);
#487=LINE('',#4659,#934);
#488=LINE('',#4660,#935);
#489=LINE('',#4662,#936);
#490=LINE('',#4663,#937);
#491=LINE('',#4664,#938);
#492=LINE('',#4669,#939);
#493=LINE('',#4671,#940);
#494=LINE('',#4673,#941);
#495=LINE('',#4674,#942);
#496=LINE('',#4677,#943);
#497=LINE('',#4679,#944);
#498=LINE('',#4680,#945);
#499=LINE('',#4683,#946);
#500=LINE('',#4685,#947);
#501=LINE('',#4686,#948);
#502=LINE('',#4688,#949);
#503=LINE('',#4689,#950);
#504=LINE('',#4690,#951);
#505=LINE('',#4694,#952);
#506=LINE('',#4696,#953);
#507=LINE('',#4697,#954);
#508=LINE('',#4700,#955);
#509=LINE('',#4702,#956);
#510=LINE('',#4703,#957);
#511=LINE('',#4706,#958);
#512=LINE('',#4708,#959);
#513=LINE('',#4709,#960);
#514=LINE('',#4711,#961);
#515=LINE('',#4712,#962);
#516=LINE('',#4713,#963);
#517=LINE('',#4718,#964);
#518=LINE('',#4720,#965);
#519=LINE('',#4722,#966);
#520=LINE('',#4723,#967);
#521=LINE('',#4726,#968);
#522=LINE('',#4728,#969);
#523=LINE('',#4729,#970);
#524=LINE('',#4732,#971);
#525=LINE('',#4734,#972);
#526=LINE('',#4735,#973);
#527=LINE('',#4738,#974);
#528=LINE('',#4740,#975);
#529=LINE('',#4741,#976);
#530=LINE('',#4744,#977);
#531=LINE('',#4746,#978);
#532=LINE('',#4747,#979);
#533=LINE('',#4749,#980);
#534=LINE('',#4750,#981);
#535=LINE('',#4753,#982);
#536=LINE('',#4755,#983);
#537=LINE('',#4756,#984);
#538=LINE('',#4758,#985);
#539=LINE('',#4759,#986);
#540=LINE('',#4760,#987);
#541=LINE('',#4764,#988);
#542=LINE('',#4766,#989);
#543=LINE('',#4767,#990);
#544=LINE('',#4770,#991);
#545=LINE('',#4772,#992);
#546=LINE('',#4773,#993);
#547=LINE('',#4775,#994);
#548=LINE('',#4776,#995);
#549=LINE('',#4778,#996);
#550=LINE('',#4779,#997);
#551=LINE('',#4784,#998);
#552=LINE('',#4786,#999);
#553=LINE('',#4788,#1000);
#554=LINE('',#4789,#1001);
#555=LINE('',#4792,#1002);
#556=LINE('',#4794,#1003);
#557=LINE('',#4795,#1004);
#558=LINE('',#4798,#1005);
#559=LINE('',#4800,#1006);
#560=LINE('',#4801,#1007);
#561=LINE('',#4804,#1008);
#562=LINE('',#4806,#1009);
#563=LINE('',#4807,#1010);
#564=LINE('',#4810,#1011);
#565=LINE('',#4812,#1012);
#566=LINE('',#4813,#1013);
#567=LINE('',#4816,#1014);
#568=LINE('',#4818,#1015);
#569=LINE('',#4819,#1016);
#570=LINE('',#4822,#1017);
#571=LINE('',#4824,#1018);
#572=LINE('',#4825,#1019);
#573=LINE('',#4828,#1020);
#574=LINE('',#4830,#1021);
#575=LINE('',#4831,#1022);
#576=LINE('',#4834,#1023);
#577=LINE('',#4836,#1024);
#578=LINE('',#4837,#1025);
#579=LINE('',#4840,#1026);
#580=LINE('',#4842,#1027);
#581=LINE('',#4843,#1028);
#582=LINE('',#4846,#1029);
#583=LINE('',#4848,#1030);
#584=LINE('',#4849,#1031);
#585=LINE('',#4851,#1032);
#586=LINE('',#4852,#1033);
#587=LINE('',#4857,#1034);
#588=LINE('',#4859,#1035);
#589=LINE('',#4861,#1036);
#590=LINE('',#4862,#1037);
#591=LINE('',#4865,#1038);
#592=LINE('',#4867,#1039);
#593=LINE('',#4868,#1040);
#594=LINE('',#4871,#1041);
#595=LINE('',#4873,#1042);
#596=LINE('',#4874,#1043);
#597=LINE('',#4877,#1044);
#598=LINE('',#4879,#1045);
#599=LINE('',#4880,#1046);
#600=LINE('',#4883,#1047);
#601=LINE('',#4885,#1048);
#602=LINE('',#4886,#1049);
#603=LINE('',#4889,#1050);
#604=LINE('',#4891,#1051);
#605=LINE('',#4892,#1052);
#606=LINE('',#4895,#1053);
#607=LINE('',#4897,#1054);
#608=LINE('',#4898,#1055);
#609=LINE('',#4901,#1056);
#610=LINE('',#4903,#1057);
#611=LINE('',#4904,#1058);
#612=LINE('',#4907,#1059);
#613=LINE('',#4909,#1060);
#614=LINE('',#4910,#1061);
#615=LINE('',#4913,#1062);
#616=LINE('',#4915,#1063);
#617=LINE('',#4916,#1064);
#618=LINE('',#4919,#1065);
#619=LINE('',#4921,#1066);
#620=LINE('',#4922,#1067);
#621=LINE('',#4924,#1068);
#622=LINE('',#4925,#1069);
#623=LINE('',#4930,#1070);
#624=LINE('',#4932,#1071);
#625=LINE('',#4934,#1072);
#626=LINE('',#4935,#1073);
#627=LINE('',#4938,#1074);
#628=LINE('',#4940,#1075);
#629=LINE('',#4941,#1076);
#630=LINE('',#4944,#1077);
#631=LINE('',#4946,#1078);
#632=LINE('',#4947,#1079);
#633=LINE('',#4950,#1080);
#634=LINE('',#4952,#1081);
#635=LINE('',#4953,#1082);
#636=LINE('',#4956,#1083);
#637=LINE('',#4958,#1084);
#638=LINE('',#4959,#1085);
#639=LINE('',#4962,#1086);
#640=LINE('',#4964,#1087);
#641=LINE('',#4965,#1088);
#642=LINE('',#4968,#1089);
#643=LINE('',#4970,#1090);
#644=LINE('',#4971,#1091);
#645=LINE('',#4973,#1092);
#646=LINE('',#4974,#1093);
#647=LINE('',#4975,#1094);
#648=LINE('',#4980,#1095);
#649=LINE('',#4982,#1096);
#650=LINE('',#4984,#1097);
#651=LINE('',#4985,#1098);
#652=LINE('',#4988,#1099);
#653=LINE('',#4990,#1100);
#654=LINE('',#4991,#1101);
#655=LINE('',#4994,#1102);
#656=LINE('',#4996,#1103);
#657=LINE('',#4997,#1104);
#658=LINE('',#5000,#1105);
#659=LINE('',#5002,#1106);
#660=LINE('',#5003,#1107);
#661=LINE('',#5006,#1108);
#662=LINE('',#5008,#1109);
#663=LINE('',#5009,#1110);
#664=LINE('',#5012,#1111);
#665=LINE('',#5014,#1112);
#666=LINE('',#5015,#1113);
#667=LINE('',#5018,#1114);
#668=LINE('',#5020,#1115);
#669=LINE('',#5021,#1116);
#670=LINE('',#5023,#1117);
#671=LINE('',#5024,#1118);
#672=LINE('',#5025,#1119);
#673=LINE('',#5029,#1120);
#674=LINE('',#5031,#1121);
#675=LINE('',#5032,#1122);
#676=LINE('',#5035,#1123);
#677=LINE('',#5037,#1124);
#678=LINE('',#5038,#1125);
#679=LINE('',#5040,#1126);
#680=LINE('',#5041,#1127);
#681=LINE('',#5043,#1128);
#682=LINE('',#5044,#1129);
#683=LINE('',#5049,#1130);
#684=LINE('',#5051,#1131);
#685=LINE('',#5053,#1132);
#686=LINE('',#5056,#1133);
#687=LINE('',#5064,#1134);
#688=LINE('',#5066,#1135);
#689=LINE('',#5068,#1136);
#690=LINE('',#5069,#1137);
#691=LINE('',#5075,#1138);
#692=LINE('',#5079,#1139);
#693=LINE('',#5081,#1140);
#694=LINE('',#5082,#1141);
#695=LINE('',#5087,#1142);
#696=LINE('',#5089,#1143);
#697=LINE('',#5090,#1144);
#698=LINE('',#5093,#1145);
#699=LINE('',#5095,#1146);
#700=LINE('',#5096,#1147);
#701=LINE('',#5099,#1148);
#702=LINE('',#5103,#1149);
#703=LINE('',#5105,#1150);
#704=LINE('',#5106,#1151);
#705=LINE('',#5110,#1152);
#706=LINE('',#5115,#1153);
#707=LINE('',#5121,#1154);
#708=LINE('',#5127,#1155);
#709=LINE('',#5134,#1156);
#710=LINE('',#5137,#1157);
#711=LINE('',#5143,#1158);
#712=LINE('',#5147,#1159);
#713=LINE('',#5151,#1160);
#714=LINE('',#5154,#1161);
#715=LINE('',#5160,#1162);
#716=LINE('',#5164,#1163);
#717=LINE('',#5168,#1164);
#718=LINE('',#5171,#1165);
#719=LINE('',#5177,#1166);
#720=LINE('',#5180,#1167);
#721=LINE('',#5183,#1168);
#722=LINE('',#5185,#1169);
#723=LINE('',#5186,#1170);
#724=LINE('',#5189,#1171);
#725=LINE('',#5191,#1172);
#726=LINE('',#5192,#1173);
#727=LINE('',#5194,#1174);
#728=LINE('',#5195,#1175);
#729=LINE('',#5199,#1176);
#730=LINE('',#5201,#1177);
#731=LINE('',#5202,#1178);
#732=LINE('',#5205,#1179);
#733=LINE('',#5207,#1180);
#734=LINE('',#5209,#1181);
#735=LINE('',#5210,#1182);
#736=LINE('',#5214,#1183);
#737=LINE('',#5215,#1184);
#738=LINE('',#5217,#1185);
#739=LINE('',#5218,#1186);
#740=LINE('',#5220,#1187);
#741=LINE('',#5223,#1188);
#742=LINE('',#5228,#1189);
#743=LINE('',#5230,#1190);
#744=LINE('',#5232,#1191);
#745=LINE('',#5233,#1192);
#746=LINE('',#5236,#1193);
#747=LINE('',#5238,#1194);
#748=LINE('',#5239,#1195);
#749=LINE('',#5242,#1196);
#750=LINE('',#5244,#1197);
#751=LINE('',#5245,#1198);
#752=LINE('',#5248,#1199);
#753=LINE('',#5250,#1200);
#754=LINE('',#5252,#1201);
#755=LINE('',#5254,#1202);
#756=LINE('',#5255,#1203);
#757=LINE('',#5259,#1204);
#758=LINE('',#5261,#1205);
#759=LINE('',#5263,#1206);
#760=LINE('',#5264,#1207);
#761=LINE('',#5268,#1208);
#762=LINE('',#5270,#1209);
#763=LINE('',#5272,#1210);
#764=LINE('',#5274,#1211);
#765=LINE('',#5276,#1212);
#766=LINE('',#5278,#1213);
#767=LINE('',#5279,#1214);
#768=LINE('',#5280,#1215);
#769=LINE('',#5283,#1216);
#770=LINE('',#5285,#1217);
#771=LINE('',#5287,#1218);
#772=LINE('',#5288,#1219);
#773=LINE('',#5295,#1220);
#774=LINE('',#5297,#1221);
#775=LINE('',#5299,#1222);
#776=LINE('',#5300,#1223);
#777=LINE('',#5304,#1224);
#778=LINE('',#5306,#1225);
#779=LINE('',#5308,#1226);
#780=LINE('',#5309,#1227);
#781=LINE('',#5313,#1228);
#782=LINE('',#5315,#1229);
#783=LINE('',#5317,#1230);
#784=LINE('',#5318,#1231);
#785=LINE('',#5320,#1232);
#786=LINE('',#5321,#1233);
#787=LINE('',#5323,#1234);
#788=LINE('',#5324,#1235);
#789=LINE('',#5326,#1236);
#790=LINE('',#5327,#1237);
#791=LINE('',#5329,#1238);
#792=LINE('',#5330,#1239);
#793=LINE('',#5332,#1240);
#794=LINE('',#5334,#1241);
#795=LINE('',#5340,#1242);
#796=LINE('',#5343,#1243);
#797=LINE('',#5344,#1244);
#798=LINE('',#5347,#1245);
#799=LINE('',#5348,#1246);
#800=LINE('',#5350,#1247);
#801=LINE('',#5352,#1248);
#802=LINE('',#5358,#1249);
#803=LINE('',#5361,#1250);
#804=LINE('',#5364,#1251);
#805=LINE('',#5366,#1252);
#806=LINE('',#5367,#1253);
#807=LINE('',#5370,#1254);
#808=LINE('',#5371,#1255);
#809=LINE('',#5375,#1256);
#810=LINE('',#5378,#1257);
#811=LINE('',#5379,#1258);
#812=LINE('',#5383,#1259);
#813=LINE('',#5385,#1260);
#814=LINE('',#5387,#1261);
#815=LINE('',#5391,#1262);
#816=LINE('',#5392,#1263);
#817=LINE('',#5393,#1264);
#818=LINE('',#5397,#1265);
#819=LINE('',#5399,#1266);
#820=LINE('',#5401,#1267);
#821=LINE('',#5402,#1268);
#822=LINE('',#5404,#1269);
#823=LINE('',#5407,#1270);
#824=LINE('',#5409,#1271);
#825=LINE('',#5410,#1272);
#826=LINE('',#5413,#1273);
#827=LINE('',#5414,#1274);
#828=LINE('',#5417,#1275);
#829=LINE('',#5418,#1276);
#830=LINE('',#5419,#1277);
#831=LINE('',#5420,#1278);
#832=LINE('',#5422,#1279);
#833=LINE('',#5426,#1280);
#834=LINE('',#5428,#1281);
#835=LINE('',#5430,#1282);
#836=LINE('',#5431,#1283);
#837=LINE('',#5435,#1284);
#838=LINE('',#5437,#1285);
#839=LINE('',#5439,#1286);
#840=LINE('',#5440,#1287);
#841=LINE('',#5446,#1288);
#842=LINE('',#5452,#1289);
#843=LINE('',#5456,#1290);
#844=LINE('',#5458,#1291);
#845=LINE('',#5460,#1292);
#846=LINE('',#5461,#1293);
#847=LINE('',#5465,#1294);
#848=LINE('',#5467,#1295);
#849=LINE('',#5469,#1296);
#850=LINE('',#5470,#1297);
#851=LINE('',#5473,#1298);
#852=LINE('',#5474,#1299);
#853=LINE('',#5476,#1300);
#854=LINE('',#5478,#1301);
#855=LINE('',#5480,#1302);
#856=LINE('',#5482,#1303);
#857=LINE('',#5483,#1304);
#858=LINE('',#5486,#1305);
#859=LINE('',#5487,#1306);
#860=LINE('',#5490,#1307);
#861=LINE('',#5491,#1308);
#862=LINE('',#5492,#1309);
#863=LINE('',#5494,#1310);
#864=LINE('',#5497,#1311);
#865=LINE('',#5499,#1312);
#866=LINE('',#5500,#1313);
#867=LINE('',#5503,#1314);
#868=LINE('',#5505,#1315);
#869=LINE('',#5506,#1316);
#870=LINE('',#5509,#1317);
#871=LINE('',#5511,#1318);
#872=LINE('',#5512,#1319);
#873=LINE('',#5515,#1320);
#874=LINE('',#5517,#1321);
#875=LINE('',#5518,#1322);
#876=LINE('',#5521,#1323);
#877=LINE('',#5523,#1324);
#878=LINE('',#5524,#1325);
#879=LINE('',#5527,#1326);
#880=LINE('',#5529,#1327);
#881=LINE('',#5530,#1328);
#882=LINE('',#5534,#1329);
#883=LINE('',#5535,#1330);
#884=LINE('',#5537,#1331);
#885=LINE('',#5539,#1332);
#886=LINE('',#5540,#1333);
#887=LINE('',#5541,#1334);
#888=LINE('',#5546,#1335);
#889=LINE('',#5550,#1336);
#890=LINE('',#5552,#1337);
#891=LINE('',#5553,#1338);
#892=LINE('',#5556,#1339);
#893=LINE('',#5558,#1340);
#894=LINE('',#5559,#1341);
#895=LINE('',#5563,#1342);
#896=LINE('',#5564,#1343);
#897=LINE('',#5565,#1344);
#898=LINE('',#5571,#1345);
#899=LINE('',#5574,#1346);
#900=LINE('',#5576,#1347);
#901=LINE('',#5577,#1348);
#902=LINE('',#5579,#1349);
#903=LINE('',#5581,#1350);
#904=LINE('',#5582,#1351);
#905=LINE('',#5583,#1352);
#906=LINE('',#5584,#1353);
#907=LINE('',#5587,#1354);
#908=LINE('',#5588,#1355);
#909=LINE('',#5592,#1356);
#910=LINE('',#5593,#1357);
#911=LINE('',#5594,#1358);
#912=LINE('',#5595,#1359);
#913=LINE('',#5596,#1360);
#914=LINE('',#5601,#1361);
#915=LINE('',#5607,#1362);
#916=LINE('',#5610,#1363);
#917=LINE('',#5613,#1364);
#918=LINE('',#5614,#1365);
#919=LINE('',#5616,#1366);
#920=LINE('',#5618,#1367);
#921=LINE('',#5619,#1368);
#922=LINE('',#5621,#1369);
#923=LINE('',#5623,#1370);
#924=LINE('',#5626,#1371);
#925=LINE('',#5630,#1372);
#926=VECTOR('',#3742,10.);
#927=VECTOR('',#3743,10.);
#928=VECTOR('',#3744,10.);
#929=VECTOR('',#3745,10.);
#930=VECTOR('',#3748,10.);
#931=VECTOR('',#3749,10.);
#932=VECTOR('',#3750,10.);
#933=VECTOR('',#3753,10.);
#934=VECTOR('',#3754,10.);
#935=VECTOR('',#3755,10.);
#936=VECTOR('',#3758,10.);
#937=VECTOR('',#3759,10.);
#938=VECTOR('',#3760,10.);
#939=VECTOR('',#3765,10.);
#940=VECTOR('',#3766,10.);
#941=VECTOR('',#3767,10.);
#942=VECTOR('',#3768,10.);
#943=VECTOR('',#3771,10.);
#944=VECTOR('',#3772,10.);
#945=VECTOR('',#3773,10.);
#946=VECTOR('',#3776,10.);
#947=VECTOR('',#3777,10.);
#948=VECTOR('',#3778,10.);
#949=VECTOR('',#3781,10.);
#950=VECTOR('',#3782,10.);
#951=VECTOR('',#3783,10.);
#952=VECTOR('',#3788,10.);
#953=VECTOR('',#3789,10.);
#954=VECTOR('',#3790,10.);
#955=VECTOR('',#3793,10.);
#956=VECTOR('',#3794,10.);
#957=VECTOR('',#3795,10.);
#958=VECTOR('',#3798,10.);
#959=VECTOR('',#3799,10.);
#960=VECTOR('',#3800,10.);
#961=VECTOR('',#3803,10.);
#962=VECTOR('',#3804,10.);
#963=VECTOR('',#3805,10.);
#964=VECTOR('',#3810,10.);
#965=VECTOR('',#3811,10.);
#966=VECTOR('',#3812,10.);
#967=VECTOR('',#3813,10.);
#968=VECTOR('',#3816,10.);
#969=VECTOR('',#3817,10.);
#970=VECTOR('',#3818,10.);
#971=VECTOR('',#3821,10.);
#972=VECTOR('',#3822,10.);
#973=VECTOR('',#3823,10.);
#974=VECTOR('',#3826,10.);
#975=VECTOR('',#3827,10.);
#976=VECTOR('',#3828,10.);
#977=VECTOR('',#3831,10.);
#978=VECTOR('',#3832,10.);
#979=VECTOR('',#3833,10.);
#980=VECTOR('',#3836,10.);
#981=VECTOR('',#3837,10.);
#982=VECTOR('',#3840,10.);
#983=VECTOR('',#3841,10.);
#984=VECTOR('',#3842,10.);
#985=VECTOR('',#3845,10.);
#986=VECTOR('',#3846,10.);
#987=VECTOR('',#3847,10.);
#988=VECTOR('',#3852,10.);
#989=VECTOR('',#3853,10.);
#990=VECTOR('',#3854,10.);
#991=VECTOR('',#3857,10.);
#992=VECTOR('',#3858,10.);
#993=VECTOR('',#3859,10.);
#994=VECTOR('',#3862,10.);
#995=VECTOR('',#3863,10.);
#996=VECTOR('',#3866,10.);
#997=VECTOR('',#3867,10.);
#998=VECTOR('',#3872,10.);
#999=VECTOR('',#3873,10.);
#1000=VECTOR('',#3874,10.);
#1001=VECTOR('',#3875,10.);
#1002=VECTOR('',#3878,10.);
#1003=VECTOR('',#3879,10.);
#1004=VECTOR('',#3880,10.);
#1005=VECTOR('',#3883,10.);
#1006=VECTOR('',#3884,10.);
#1007=VECTOR('',#3885,10.);
#1008=VECTOR('',#3888,10.);
#1009=VECTOR('',#3889,10.);
#1010=VECTOR('',#3890,10.);
#1011=VECTOR('',#3893,10.);
#1012=VECTOR('',#3894,10.);
#1013=VECTOR('',#3895,10.);
#1014=VECTOR('',#3898,10.);
#1015=VECTOR('',#3899,10.);
#1016=VECTOR('',#3900,10.);
#1017=VECTOR('',#3903,10.);
#1018=VECTOR('',#3904,10.);
#1019=VECTOR('',#3905,10.);
#1020=VECTOR('',#3908,10.);
#1021=VECTOR('',#3909,10.);
#1022=VECTOR('',#3910,10.);
#1023=VECTOR('',#3913,10.);
#1024=VECTOR('',#3914,10.);
#1025=VECTOR('',#3915,10.);
#1026=VECTOR('',#3918,10.);
#1027=VECTOR('',#3919,10.);
#1028=VECTOR('',#3920,10.);
#1029=VECTOR('',#3923,10.);
#1030=VECTOR('',#3924,10.);
#1031=VECTOR('',#3925,10.);
#1032=VECTOR('',#3928,10.);
#1033=VECTOR('',#3929,10.);
#1034=VECTOR('',#3934,10.);
#1035=VECTOR('',#3935,10.);
#1036=VECTOR('',#3936,10.);
#1037=VECTOR('',#3937,10.);
#1038=VECTOR('',#3940,10.);
#1039=VECTOR('',#3941,10.);
#1040=VECTOR('',#3942,10.);
#1041=VECTOR('',#3945,10.);
#1042=VECTOR('',#3946,10.);
#1043=VECTOR('',#3947,10.);
#1044=VECTOR('',#3950,10.);
#1045=VECTOR('',#3951,10.);
#1046=VECTOR('',#3952,10.);
#1047=VECTOR('',#3955,10.);
#1048=VECTOR('',#3956,10.);
#1049=VECTOR('',#3957,10.);
#1050=VECTOR('',#3960,10.);
#1051=VECTOR('',#3961,10.);
#1052=VECTOR('',#3962,10.);
#1053=VECTOR('',#3965,10.);
#1054=VECTOR('',#3966,10.);
#1055=VECTOR('',#3967,10.);
#1056=VECTOR('',#3970,10.);
#1057=VECTOR('',#3971,10.);
#1058=VECTOR('',#3972,10.);
#1059=VECTOR('',#3975,10.);
#1060=VECTOR('',#3976,10.);
#1061=VECTOR('',#3977,10.);
#1062=VECTOR('',#3980,10.);
#1063=VECTOR('',#3981,10.);
#1064=VECTOR('',#3982,10.);
#1065=VECTOR('',#3985,10.);
#1066=VECTOR('',#3986,10.);
#1067=VECTOR('',#3987,10.);
#1068=VECTOR('',#3990,10.);
#1069=VECTOR('',#3991,10.);
#1070=VECTOR('',#3996,10.);
#1071=VECTOR('',#3997,10.);
#1072=VECTOR('',#3998,10.);
#1073=VECTOR('',#3999,10.);
#1074=VECTOR('',#4002,10.);
#1075=VECTOR('',#4003,10.);
#1076=VECTOR('',#4004,10.);
#1077=VECTOR('',#4007,10.);
#1078=VECTOR('',#4008,10.);
#1079=VECTOR('',#4009,10.);
#1080=VECTOR('',#4012,10.);
#1081=VECTOR('',#4013,10.);
#1082=VECTOR('',#4014,10.);
#1083=VECTOR('',#4017,10.);
#1084=VECTOR('',#4018,10.);
#1085=VECTOR('',#4019,10.);
#1086=VECTOR('',#4022,10.);
#1087=VECTOR('',#4023,10.);
#1088=VECTOR('',#4024,10.);
#1089=VECTOR('',#4027,10.);
#1090=VECTOR('',#4028,10.);
#1091=VECTOR('',#4029,10.);
#1092=VECTOR('',#4032,10.);
#1093=VECTOR('',#4033,10.);
#1094=VECTOR('',#4034,10.);
#1095=VECTOR('',#4039,10.);
#1096=VECTOR('',#4040,10.);
#1097=VECTOR('',#4041,10.);
#1098=VECTOR('',#4042,10.);
#1099=VECTOR('',#4045,10.);
#1100=VECTOR('',#4046,10.);
#1101=VECTOR('',#4047,10.);
#1102=VECTOR('',#4050,10.);
#1103=VECTOR('',#4051,10.);
#1104=VECTOR('',#4052,10.);
#1105=VECTOR('',#4055,10.);
#1106=VECTOR('',#4056,10.);
#1107=VECTOR('',#4057,10.);
#1108=VECTOR('',#4060,10.);
#1109=VECTOR('',#4061,10.);
#1110=VECTOR('',#4062,10.);
#1111=VECTOR('',#4065,10.);
#1112=VECTOR('',#4066,10.);
#1113=VECTOR('',#4067,10.);
#1114=VECTOR('',#4070,10.);
#1115=VECTOR('',#4071,10.);
#1116=VECTOR('',#4072,10.);
#1117=VECTOR('',#4075,10.);
#1118=VECTOR('',#4076,10.);
#1119=VECTOR('',#4077,10.);
#1120=VECTOR('',#4082,10.);
#1121=VECTOR('',#4083,10.);
#1122=VECTOR('',#4084,10.);
#1123=VECTOR('',#4087,10.);
#1124=VECTOR('',#4088,10.);
#1125=VECTOR('',#4089,10.);
#1126=VECTOR('',#4092,10.);
#1127=VECTOR('',#4093,10.);
#1128=VECTOR('',#4096,10.);
#1129=VECTOR('',#4097,10.);
#1130=VECTOR('',#4102,10.);
#1131=VECTOR('',#4103,10.);
#1132=VECTOR('',#4104,10.);
#1133=VECTOR('',#4107,10.);
#1134=VECTOR('',#4114,10.);
#1135=VECTOR('',#4115,10.);
#1136=VECTOR('',#4116,10.);
#1137=VECTOR('',#4117,10.);
#1138=VECTOR('',#4122,10.);
#1139=VECTOR('',#4125,10.);
#1140=VECTOR('',#4126,10.);
#1141=VECTOR('',#4127,10.);
#1142=VECTOR('',#4132,10.);
#1143=VECTOR('',#4133,10.);
#1144=VECTOR('',#4134,10.);
#1145=VECTOR('',#4137,10.);
#1146=VECTOR('',#4138,10.);
#1147=VECTOR('',#4139,10.);
#1148=VECTOR('',#4142,10.);
#1149=VECTOR('',#4147,10.);
#1150=VECTOR('',#4148,10.);
#1151=VECTOR('',#4149,10.);
#1152=VECTOR('',#4154,1.125);
#1153=VECTOR('',#4161,1.125);
#1154=VECTOR('',#4168,1.125);
#1155=VECTOR('',#4177,1.125);
#1156=VECTOR('',#4184,10.);
#1157=VECTOR('',#4187,10.);
#1158=VECTOR('',#4192,10.);
#1159=VECTOR('',#4195,10.);
#1160=VECTOR('',#4198,10.);
#1161=VECTOR('',#4201,10.);
#1162=VECTOR('',#4206,10.);
#1163=VECTOR('',#4209,10.);
#1164=VECTOR('',#4212,10.);
#1165=VECTOR('',#4215,10.);
#1166=VECTOR('',#4220,10.);
#1167=VECTOR('',#4223,10.);
#1168=VECTOR('',#4226,10.);
#1169=VECTOR('',#4227,10.);
#1170=VECTOR('',#4228,10.);
#1171=VECTOR('',#4231,10.);
#1172=VECTOR('',#4232,10.);
#1173=VECTOR('',#4233,10.);
#1174=VECTOR('',#4236,10.);
#1175=VECTOR('',#4237,10.);
#1176=VECTOR('',#4242,10.);
#1177=VECTOR('',#4243,10.);
#1178=VECTOR('',#4244,10.);
#1179=VECTOR('',#4245,10.);
#1180=VECTOR('',#4246,10.);
#1181=VECTOR('',#4247,10.);
#1182=VECTOR('',#4248,10.);
#1183=VECTOR('',#4253,10.);
#1184=VECTOR('',#4254,10.);
#1185=VECTOR('',#4255,10.);
#1186=VECTOR('',#4256,10.);
#1187=VECTOR('',#4259,10.);
#1188=VECTOR('',#4262,8.);
#1189=VECTOR('',#4267,10.);
#1190=VECTOR('',#4268,10.);
#1191=VECTOR('',#4269,10.);
#1192=VECTOR('',#4270,10.);
#1193=VECTOR('',#4273,10.);
#1194=VECTOR('',#4274,10.);
#1195=VECTOR('',#4275,10.);
#1196=VECTOR('',#4278,10.);
#1197=VECTOR('',#4279,10.);
#1198=VECTOR('',#4280,10.);
#1199=VECTOR('',#4283,10.);
#1200=VECTOR('',#4284,10.);
#1201=VECTOR('',#4285,10.);
#1202=VECTOR('',#4286,10.);
#1203=VECTOR('',#4287,10.);
#1204=VECTOR('',#4290,10.);
#1205=VECTOR('',#4291,10.);
#1206=VECTOR('',#4292,10.);
#1207=VECTOR('',#4293,10.);
#1208=VECTOR('',#4296,10.);
#1209=VECTOR('',#4297,10.);
#1210=VECTOR('',#4298,10.);
#1211=VECTOR('',#4299,10.);
#1212=VECTOR('',#4300,10.);
#1213=VECTOR('',#4301,10.);
#1214=VECTOR('',#4302,10.);
#1215=VECTOR('',#4303,10.);
#1216=VECTOR('',#4304,10.);
#1217=VECTOR('',#4305,10.);
#1218=VECTOR('',#4306,10.);
#1219=VECTOR('',#4307,10.);
#1220=VECTOR('',#4314,10.);
#1221=VECTOR('',#4315,10.);
#1222=VECTOR('',#4316,10.);
#1223=VECTOR('',#4317,10.);
#1224=VECTOR('',#4320,10.);
#1225=VECTOR('',#4321,10.);
#1226=VECTOR('',#4322,10.);
#1227=VECTOR('',#4323,10.);
#1228=VECTOR('',#4326,10.);
#1229=VECTOR('',#4327,10.);
#1230=VECTOR('',#4328,10.);
#1231=VECTOR('',#4329,10.);
#1232=VECTOR('',#4332,10.);
#1233=VECTOR('',#4333,10.);
#1234=VECTOR('',#4336,10.);
#1235=VECTOR('',#4337,10.);
#1236=VECTOR('',#4340,10.);
#1237=VECTOR('',#4341,10.);
#1238=VECTOR('',#4344,10.);
#1239=VECTOR('',#4345,10.);
#1240=VECTOR('',#4348,10.);
#1241=VECTOR('',#4351,10.);
#1242=VECTOR('',#4356,10.);
#1243=VECTOR('',#4359,10.);
#1244=VECTOR('',#4360,10.);
#1245=VECTOR('',#4363,10.);
#1246=VECTOR('',#4364,10.);
#1247=VECTOR('',#4367,10.);
#1248=VECTOR('',#4370,10.);
#1249=VECTOR('',#4375,10.);
#1250=VECTOR('',#4378,10.);
#1251=VECTOR('',#4381,10.);
#1252=VECTOR('',#4382,10.);
#1253=VECTOR('',#4383,10.);
#1254=VECTOR('',#4386,10.);
#1255=VECTOR('',#4387,10.);
#1256=VECTOR('',#4392,10.);
#1257=VECTOR('',#4395,10.);
#1258=VECTOR('',#4396,10.);
#1259=VECTOR('',#4401,10.);
#1260=VECTOR('',#4404,10.);
#1261=VECTOR('',#4407,10.);
#1262=VECTOR('',#4410,10.);
#1263=VECTOR('',#4411,10.);
#1264=VECTOR('',#4412,10.);
#1265=VECTOR('',#4415,10.);
#1266=VECTOR('',#4416,10.);
#1267=VECTOR('',#4417,10.);
#1268=VECTOR('',#4418,10.);
#1269=VECTOR('',#4421,10.);
#1270=VECTOR('',#4424,10.);
#1271=VECTOR('',#4425,10.);
#1272=VECTOR('',#4426,10.);
#1273=VECTOR('',#4429,10.);
#1274=VECTOR('',#4430,10.);
#1275=VECTOR('',#4433,10.);
#1276=VECTOR('',#4434,10.);
#1277=VECTOR('',#4435,10.);
#1278=VECTOR('',#4436,10.);
#1279=VECTOR('',#4439,10.);
#1280=VECTOR('',#4442,10.);
#1281=VECTOR('',#4443,10.);
#1282=VECTOR('',#4444,10.);
#1283=VECTOR('',#4445,10.);
#1284=VECTOR('',#4448,10.);
#1285=VECTOR('',#4449,10.);
#1286=VECTOR('',#4450,10.);
#1287=VECTOR('',#4451,10.);
#1288=VECTOR('',#4458,10.);
#1289=VECTOR('',#4465,10.);
#1290=VECTOR('',#4468,10.);
#1291=VECTOR('',#4469,10.);
#1292=VECTOR('',#4470,10.);
#1293=VECTOR('',#4471,10.);
#1294=VECTOR('',#4474,10.);
#1295=VECTOR('',#4475,10.);
#1296=VECTOR('',#4476,10.);
#1297=VECTOR('',#4477,10.);
#1298=VECTOR('',#4480,10.);
#1299=VECTOR('',#4481,10.);
#1300=VECTOR('',#4484,10.);
#1301=VECTOR('',#4487,10.);
#1302=VECTOR('',#4488,10.);
#1303=VECTOR('',#4489,10.);
#1304=VECTOR('',#4490,10.);
#1305=VECTOR('',#4493,10.);
#1306=VECTOR('',#4494,10.);
#1307=VECTOR('',#4497,10.);
#1308=VECTOR('',#4498,10.);
#1309=VECTOR('',#4499,10.);
#1310=VECTOR('',#4502,10.);
#1311=VECTOR('',#4505,10.);
#1312=VECTOR('',#4506,10.);
#1313=VECTOR('',#4507,10.);
#1314=VECTOR('',#4510,10.);
#1315=VECTOR('',#4511,10.);
#1316=VECTOR('',#4512,10.);
#1317=VECTOR('',#4515,10.);
#1318=VECTOR('',#4516,10.);
#1319=VECTOR('',#4517,10.);
#1320=VECTOR('',#4520,10.);
#1321=VECTOR('',#4521,10.);
#1322=VECTOR('',#4522,10.);
#1323=VECTOR('',#4525,10.);
#1324=VECTOR('',#4526,10.);
#1325=VECTOR('',#4527,10.);
#1326=VECTOR('',#4530,10.);
#1327=VECTOR('',#4531,10.);
#1328=VECTOR('',#4532,10.);
#1329=VECTOR('',#4535,10.);
#1330=VECTOR('',#4536,10.);
#1331=VECTOR('',#4537,10.);
#1332=VECTOR('',#4538,10.);
#1333=VECTOR('',#4539,10.);
#1334=VECTOR('',#4540,10.);
#1335=VECTOR('',#4545,10.);
#1336=VECTOR('',#4550,10.);
#1337=VECTOR('',#4551,10.);
#1338=VECTOR('',#4552,10.);
#1339=VECTOR('',#4555,10.);
#1340=VECTOR('',#4556,10.);
#1341=VECTOR('',#4557,10.);
#1342=VECTOR('',#4560,10.);
#1343=VECTOR('',#4561,10.);
#1344=VECTOR('',#4562,10.);
#1345=VECTOR('',#4569,10.);
#1346=VECTOR('',#4572,10.);
#1347=VECTOR('',#4573,10.);
#1348=VECTOR('',#4574,10.);
#1349=VECTOR('',#4577,10.);
#1350=VECTOR('',#4578,10.);
#1351=VECTOR('',#4579,10.);
#1352=VECTOR('',#4580,10.);
#1353=VECTOR('',#4581,10.);
#1354=VECTOR('',#4584,10.);
#1355=VECTOR('',#4585,10.);
#1356=VECTOR('',#4588,10.);
#1357=VECTOR('',#4589,10.);
#1358=VECTOR('',#4590,10.);
#1359=VECTOR('',#4591,10.);
#1360=VECTOR('',#4592,10.);
#1361=VECTOR('',#4597,10.);
#1362=VECTOR('',#4604,10.);
#1363=VECTOR('',#4609,10.);
#1364=VECTOR('',#4612,10.);
#1365=VECTOR('',#4613,10.);
#1366=VECTOR('',#4616,10.);
#1367=VECTOR('',#4619,10.);
#1368=VECTOR('',#4620,10.);
#1369=VECTOR('',#4623,10.);
#1370=VECTOR('',#4626,10.);
#1371=VECTOR('',#4631,10.);
#1372=VECTOR('',#4638,1.0625);
#1373=VERTEX_POINT('',#4641);
#1374=VERTEX_POINT('',#4642);
#1375=VERTEX_POINT('',#4644);
#1376=VERTEX_POINT('',#4646);
#1377=VERTEX_POINT('',#4650);
#1378=VERTEX_POINT('',#4652);
#1379=VERTEX_POINT('',#4656);
#1380=VERTEX_POINT('',#4658);
#1381=VERTEX_POINT('',#4667);
#1382=VERTEX_POINT('',#4668);
#1383=VERTEX_POINT('',#4670);
#1384=VERTEX_POINT('',#4672);
#1385=VERTEX_POINT('',#4676);
#1386=VERTEX_POINT('',#4678);
#1387=VERTEX_POINT('',#4682);
#1388=VERTEX_POINT('',#4684);
#1389=VERTEX_POINT('',#4693);
#1390=VERTEX_POINT('',#4695);
#1391=VERTEX_POINT('',#4699);
#1392=VERTEX_POINT('',#4701);
#1393=VERTEX_POINT('',#4705);
#1394=VERTEX_POINT('',#4707);
#1395=VERTEX_POINT('',#4716);
#1396=VERTEX_POINT('',#4717);
#1397=VERTEX_POINT('',#4719);
#1398=VERTEX_POINT('',#4721);
#1399=VERTEX_POINT('',#4725);
#1400=VERTEX_POINT('',#4727);
#1401=VERTEX_POINT('',#4731);
#1402=VERTEX_POINT('',#4733);
#1403=VERTEX_POINT('',#4737);
#1404=VERTEX_POINT('',#4739);
#1405=VERTEX_POINT('',#4743);
#1406=VERTEX_POINT('',#4745);
#1407=VERTEX_POINT('',#4752);
#1408=VERTEX_POINT('',#4754);
#1409=VERTEX_POINT('',#4763);
#1410=VERTEX_POINT('',#4765);
#1411=VERTEX_POINT('',#4769);
#1412=VERTEX_POINT('',#4771);
#1413=VERTEX_POINT('',#4782);
#1414=VERTEX_POINT('',#4783);
#1415=VERTEX_POINT('',#4785);
#1416=VERTEX_POINT('',#4787);
#1417=VERTEX_POINT('',#4791);
#1418=VERTEX_POINT('',#4793);
#1419=VERTEX_POINT('',#4797);
#1420=VERTEX_POINT('',#4799);
#1421=VERTEX_POINT('',#4803);
#1422=VERTEX_POINT('',#4805);
#1423=VERTEX_POINT('',#4809);
#1424=VERTEX_POINT('',#4811);
#1425=VERTEX_POINT('',#4815);
#1426=VERTEX_POINT('',#4817);
#1427=VERTEX_POINT('',#4821);
#1428=VERTEX_POINT('',#4823);
#1429=VERTEX_POINT('',#4827);
#1430=VERTEX_POINT('',#4829);
#1431=VERTEX_POINT('',#4833);
#1432=VERTEX_POINT('',#4835);
#1433=VERTEX_POINT('',#4839);
#1434=VERTEX_POINT('',#4841);
#1435=VERTEX_POINT('',#4845);
#1436=VERTEX_POINT('',#4847);
#1437=VERTEX_POINT('',#4855);
#1438=VERTEX_POINT('',#4856);
#1439=VERTEX_POINT('',#4858);
#1440=VERTEX_POINT('',#4860);
#1441=VERTEX_POINT('',#4864);
#1442=VERTEX_POINT('',#4866);
#1443=VERTEX_POINT('',#4870);
#1444=VERTEX_POINT('',#4872);
#1445=VERTEX_POINT('',#4876);
#1446=VERTEX_POINT('',#4878);
#1447=VERTEX_POINT('',#4882);
#1448=VERTEX_POINT('',#4884);
#1449=VERTEX_POINT('',#4888);
#1450=VERTEX_POINT('',#4890);
#1451=VERTEX_POINT('',#4894);
#1452=VERTEX_POINT('',#4896);
#1453=VERTEX_POINT('',#4900);
#1454=VERTEX_POINT('',#4902);
#1455=VERTEX_POINT('',#4906);
#1456=VERTEX_POINT('',#4908);
#1457=VERTEX_POINT('',#4912);
#1458=VERTEX_POINT('',#4914);
#1459=VERTEX_POINT('',#4918);
#1460=VERTEX_POINT('',#4920);
#1461=VERTEX_POINT('',#4928);
#1462=VERTEX_POINT('',#4929);
#1463=VERTEX_POINT('',#4931);
#1464=VERTEX_POINT('',#4933);
#1465=VERTEX_POINT('',#4937);
#1466=VERTEX_POINT('',#4939);
#1467=VERTEX_POINT('',#4943);
#1468=VERTEX_POINT('',#4945);
#1469=VERTEX_POINT('',#4949);
#1470=VERTEX_POINT('',#4951);
#1471=VERTEX_POINT('',#4955);
#1472=VERTEX_POINT('',#4957);
#1473=VERTEX_POINT('',#4961);
#1474=VERTEX_POINT('',#4963);
#1475=VERTEX_POINT('',#4967);
#1476=VERTEX_POINT('',#4969);
#1477=VERTEX_POINT('',#4978);
#1478=VERTEX_POINT('',#4979);
#1479=VERTEX_POINT('',#4981);
#1480=VERTEX_POINT('',#4983);
#1481=VERTEX_POINT('',#4987);
#1482=VERTEX_POINT('',#4989);
#1483=VERTEX_POINT('',#4993);
#1484=VERTEX_POINT('',#4995);
#1485=VERTEX_POINT('',#4999);
#1486=VERTEX_POINT('',#5001);
#1487=VERTEX_POINT('',#5005);
#1488=VERTEX_POINT('',#5007);
#1489=VERTEX_POINT('',#5011);
#1490=VERTEX_POINT('',#5013);
#1491=VERTEX_POINT('',#5017);
#1492=VERTEX_POINT('',#5019);
#1493=VERTEX_POINT('',#5028);
#1494=VERTEX_POINT('',#5030);
#1495=VERTEX_POINT('',#5034);
#1496=VERTEX_POINT('',#5036);
#1497=VERTEX_POINT('',#5047);
#1498=VERTEX_POINT('',#5048);
#1499=VERTEX_POINT('',#5050);
#1500=VERTEX_POINT('',#5052);
#1501=VERTEX_POINT('',#5054);
#1502=VERTEX_POINT('',#5057);
#1503=VERTEX_POINT('',#5060);
#1504=VERTEX_POINT('',#5061);
#1505=VERTEX_POINT('',#5063);
#1506=VERTEX_POINT('',#5065);
#1507=VERTEX_POINT('',#5067);
#1508=VERTEX_POINT('',#5070);
#1509=VERTEX_POINT('',#5073);
#1510=VERTEX_POINT('',#5074);
#1511=VERTEX_POINT('',#5076);
#1512=VERTEX_POINT('',#5078);
#1513=VERTEX_POINT('',#5080);
#1514=VERTEX_POINT('',#5083);
#1515=VERTEX_POINT('',#5086);
#1516=VERTEX_POINT('',#5088);
#1517=VERTEX_POINT('',#5092);
#1518=VERTEX_POINT('',#5094);
#1519=VERTEX_POINT('',#5098);
#1520=VERTEX_POINT('',#5102);
#1521=VERTEX_POINT('',#5104);
#1522=VERTEX_POINT('',#5108);
#1523=VERTEX_POINT('',#5113);
#1524=VERTEX_POINT('',#5118);
#1525=VERTEX_POINT('',#5120);
#1526=VERTEX_POINT('',#5125);
#1527=VERTEX_POINT('',#5130);
#1528=VERTEX_POINT('',#5131);
#1529=VERTEX_POINT('',#5133);
#1530=VERTEX_POINT('',#5135);
#1531=VERTEX_POINT('',#5139);
#1532=VERTEX_POINT('',#5140);
#1533=VERTEX_POINT('',#5142);
#1534=VERTEX_POINT('',#5144);
#1535=VERTEX_POINT('',#5146);
#1536=VERTEX_POINT('',#5148);
#1537=VERTEX_POINT('',#5150);
#1538=VERTEX_POINT('',#5152);
#1539=VERTEX_POINT('',#5156);
#1540=VERTEX_POINT('',#5157);
#1541=VERTEX_POINT('',#5159);
#1542=VERTEX_POINT('',#5161);
#1543=VERTEX_POINT('',#5163);
#1544=VERTEX_POINT('',#5165);
#1545=VERTEX_POINT('',#5167);
#1546=VERTEX_POINT('',#5169);
#1547=VERTEX_POINT('',#5173);
#1548=VERTEX_POINT('',#5174);
#1549=VERTEX_POINT('',#5176);
#1550=VERTEX_POINT('',#5178);
#1551=VERTEX_POINT('',#5182);
#1552=VERTEX_POINT('',#5184);
#1553=VERTEX_POINT('',#5188);
#1554=VERTEX_POINT('',#5190);
#1555=VERTEX_POINT('',#5196);
#1556=VERTEX_POINT('',#5200);
#1557=VERTEX_POINT('',#5203);
#1558=VERTEX_POINT('',#5204);
#1559=VERTEX_POINT('',#5206);
#1560=VERTEX_POINT('',#5208);
#1561=VERTEX_POINT('',#5211);
#1562=VERTEX_POINT('',#5216);
#1563=VERTEX_POINT('',#5222);
#1564=VERTEX_POINT('',#5226);
#1565=VERTEX_POINT('',#5227);
#1566=VERTEX_POINT('',#5229);
#1567=VERTEX_POINT('',#5231);
#1568=VERTEX_POINT('',#5235);
#1569=VERTEX_POINT('',#5237);
#1570=VERTEX_POINT('',#5241);
#1571=VERTEX_POINT('',#5243);
#1572=VERTEX_POINT('',#5247);
#1573=VERTEX_POINT('',#5249);
#1574=VERTEX_POINT('',#5251);
#1575=VERTEX_POINT('',#5253);
#1576=VERTEX_POINT('',#5256);
#1577=VERTEX_POINT('',#5258);
#1578=VERTEX_POINT('',#5260);
#1579=VERTEX_POINT('',#5262);
#1580=VERTEX_POINT('',#5265);
#1581=VERTEX_POINT('',#5267);
#1582=VERTEX_POINT('',#5269);
#1583=VERTEX_POINT('',#5271);
#1584=VERTEX_POINT('',#5273);
#1585=VERTEX_POINT('',#5275);
#1586=VERTEX_POINT('',#5277);
#1587=VERTEX_POINT('',#5281);
#1588=VERTEX_POINT('',#5282);
#1589=VERTEX_POINT('',#5284);
#1590=VERTEX_POINT('',#5286);
#1591=VERTEX_POINT('',#5290);
#1592=VERTEX_POINT('',#5293);
#1593=VERTEX_POINT('',#5294);
#1594=VERTEX_POINT('',#5296);
#1595=VERTEX_POINT('',#5298);
#1596=VERTEX_POINT('',#5302);
#1597=VERTEX_POINT('',#5303);
#1598=VERTEX_POINT('',#5305);
#1599=VERTEX_POINT('',#5307);
#1600=VERTEX_POINT('',#5311);
#1601=VERTEX_POINT('',#5312);
#1602=VERTEX_POINT('',#5314);
#1603=VERTEX_POINT('',#5316);
#1604=VERTEX_POINT('',#5336);
#1605=VERTEX_POINT('',#5337);
#1606=VERTEX_POINT('',#5339);
#1607=VERTEX_POINT('',#5341);
#1608=VERTEX_POINT('',#5346);
#1609=VERTEX_POINT('',#5354);
#1610=VERTEX_POINT('',#5355);
#1611=VERTEX_POINT('',#5357);
#1612=VERTEX_POINT('',#5359);
#1613=VERTEX_POINT('',#5363);
#1614=VERTEX_POINT('',#5365);
#1615=VERTEX_POINT('',#5369);
#1616=VERTEX_POINT('',#5373);
#1617=VERTEX_POINT('',#5377);
#1618=VERTEX_POINT('',#5381);
#1619=VERTEX_POINT('',#5389);
#1620=VERTEX_POINT('',#5390);
#1621=VERTEX_POINT('',#5395);
#1622=VERTEX_POINT('',#5396);
#1623=VERTEX_POINT('',#5398);
#1624=VERTEX_POINT('',#5400);
#1625=VERTEX_POINT('',#5406);
#1626=VERTEX_POINT('',#5408);
#1627=VERTEX_POINT('',#5412);
#1628=VERTEX_POINT('',#5416);
#1629=VERTEX_POINT('',#5424);
#1630=VERTEX_POINT('',#5425);
#1631=VERTEX_POINT('',#5427);
#1632=VERTEX_POINT('',#5429);
#1633=VERTEX_POINT('',#5433);
#1634=VERTEX_POINT('',#5434);
#1635=VERTEX_POINT('',#5436);
#1636=VERTEX_POINT('',#5438);
#1637=VERTEX_POINT('',#5442);
#1638=VERTEX_POINT('',#5444);
#1639=VERTEX_POINT('',#5448);
#1640=VERTEX_POINT('',#5450);
#1641=VERTEX_POINT('',#5454);
#1642=VERTEX_POINT('',#5455);
#1643=VERTEX_POINT('',#5457);
#1644=VERTEX_POINT('',#5459);
#1645=VERTEX_POINT('',#5463);
#1646=VERTEX_POINT('',#5464);
#1647=VERTEX_POINT('',#5466);
#1648=VERTEX_POINT('',#5468);
#1649=VERTEX_POINT('',#5472);
#1650=VERTEX_POINT('',#5479);
#1651=VERTEX_POINT('',#5481);
#1652=VERTEX_POINT('',#5485);
#1653=VERTEX_POINT('',#5489);
#1654=VERTEX_POINT('',#5496);
#1655=VERTEX_POINT('',#5498);
#1656=VERTEX_POINT('',#5502);
#1657=VERTEX_POINT('',#5504);
#1658=VERTEX_POINT('',#5508);
#1659=VERTEX_POINT('',#5510);
#1660=VERTEX_POINT('',#5514);
#1661=VERTEX_POINT('',#5516);
#1662=VERTEX_POINT('',#5520);
#1663=VERTEX_POINT('',#5522);
#1664=VERTEX_POINT('',#5526);
#1665=VERTEX_POINT('',#5528);
#1666=VERTEX_POINT('',#5532);
#1667=VERTEX_POINT('',#5533);
#1668=VERTEX_POINT('',#5536);
#1669=VERTEX_POINT('',#5538);
#1670=VERTEX_POINT('',#5543);
#1671=VERTEX_POINT('',#5545);
#1672=VERTEX_POINT('',#5549);
#1673=VERTEX_POINT('',#5551);
#1674=VERTEX_POINT('',#5555);
#1675=VERTEX_POINT('',#5557);
#1676=VERTEX_POINT('',#5561);
#1677=VERTEX_POINT('',#5562);
#1678=VERTEX_POINT('',#5567);
#1679=VERTEX_POINT('',#5569);
#1680=VERTEX_POINT('',#5573);
#1681=VERTEX_POINT('',#5575);
#1682=VERTEX_POINT('',#5580);
#1683=VERTEX_POINT('',#5586);
#1684=VERTEX_POINT('',#5590);
#1685=VERTEX_POINT('',#5591);
#1686=VERTEX_POINT('',#5598);
#1687=VERTEX_POINT('',#5600);
#1688=VERTEX_POINT('',#5604);
#1689=VERTEX_POINT('',#5606);
#1690=VERTEX_POINT('',#5612);
#1691=EDGE_CURVE('',#1373,#1374,#479,.T.);
#1692=EDGE_CURVE('',#1373,#1375,#480,.T.);
#1693=EDGE_CURVE('',#1375,#1376,#481,.T.);
#1694=EDGE_CURVE('',#1374,#1376,#482,.T.);
#1695=EDGE_CURVE('',#1377,#1373,#483,.T.);
#1696=EDGE_CURVE('',#1377,#1378,#484,.T.);
#1697=EDGE_CURVE('',#1378,#1375,#485,.T.);
#1698=EDGE_CURVE('',#1379,#1377,#486,.T.);
#1699=EDGE_CURVE('',#1379,#1380,#487,.T.);
#1700=EDGE_CURVE('',#1380,#1378,#488,.T.);
#1701=EDGE_CURVE('',#1374,#1379,#489,.T.);
#1702=EDGE_CURVE('',#1376,#1380,#490,.T.);
#1703=EDGE_CURVE('',#1379,#1380,#491,.T.);
#1704=EDGE_CURVE('',#1381,#1382,#492,.T.);
#1705=EDGE_CURVE('',#1381,#1383,#493,.T.);
#1706=EDGE_CURVE('',#1383,#1384,#494,.T.);
#1707=EDGE_CURVE('',#1382,#1384,#495,.T.);
#1708=EDGE_CURVE('',#1385,#1381,#496,.T.);
#1709=EDGE_CURVE('',#1385,#1386,#497,.T.);
#1710=EDGE_CURVE('',#1386,#1383,#498,.T.);
#1711=EDGE_CURVE('',#1387,#1385,#499,.T.);
#1712=EDGE_CURVE('',#1387,#1388,#500,.T.);
#1713=EDGE_CURVE('',#1388,#1386,#501,.T.);
#1714=EDGE_CURVE('',#1382,#1387,#502,.T.);
#1715=EDGE_CURVE('',#1384,#1388,#503,.T.);
#1716=EDGE_CURVE('',#1387,#1388,#504,.T.);
#1717=EDGE_CURVE('',#1387,#1389,#505,.T.);
#1718=EDGE_CURVE('',#1388,#1390,#506,.T.);
#1719=EDGE_CURVE('',#1389,#1390,#507,.T.);
#1720=EDGE_CURVE('',#1391,#1387,#508,.T.);
#1721=EDGE_CURVE('',#1391,#1392,#509,.T.);
#1722=EDGE_CURVE('',#1392,#1388,#510,.T.);
#1723=EDGE_CURVE('',#1393,#1391,#511,.T.);
#1724=EDGE_CURVE('',#1393,#1394,#512,.T.);
#1725=EDGE_CURVE('',#1394,#1392,#513,.T.);
#1726=EDGE_CURVE('',#1389,#1393,#514,.T.);
#1727=EDGE_CURVE('',#1390,#1394,#515,.T.);
#1728=EDGE_CURVE('',#1393,#1394,#516,.T.);
#1729=EDGE_CURVE('',#1395,#1396,#517,.T.);
#1730=EDGE_CURVE('',#1395,#1397,#518,.T.);
#1731=EDGE_CURVE('',#1397,#1398,#519,.T.);
#1732=EDGE_CURVE('',#1396,#1398,#520,.T.);
#1733=EDGE_CURVE('',#1399,#1395,#521,.T.);
#1734=EDGE_CURVE('',#1399,#1400,#522,.T.);
#1735=EDGE_CURVE('',#1400,#1397,#523,.T.);
#1736=EDGE_CURVE('',#1401,#1399,#524,.T.);
#1737=EDGE_CURVE('',#1401,#1402,#525,.T.);
#1738=EDGE_CURVE('',#1402,#1400,#526,.T.);
#1739=EDGE_CURVE('',#1403,#1401,#527,.T.);
#1740=EDGE_CURVE('',#1403,#1404,#528,.T.);
#1741=EDGE_CURVE('',#1404,#1402,#529,.T.);
#1742=EDGE_CURVE('',#1405,#1403,#530,.T.);
#1743=EDGE_CURVE('',#1405,#1406,#531,.T.);
#1744=EDGE_CURVE('',#1406,#1404,#532,.T.);
#1745=EDGE_CURVE('',#1393,#1405,#533,.T.);
#1746=EDGE_CURVE('',#1394,#1406,#534,.T.);
#1747=EDGE_CURVE('',#1407,#1393,#535,.T.);
#1748=EDGE_CURVE('',#1407,#1408,#536,.T.);
#1749=EDGE_CURVE('',#1408,#1394,#537,.T.);
#1750=EDGE_CURVE('',#1396,#1407,#538,.T.);
#1751=EDGE_CURVE('',#1398,#1408,#539,.T.);
#1752=EDGE_CURVE('',#1407,#1408,#540,.T.);
#1753=EDGE_CURVE('',#1407,#1409,#541,.T.);
#1754=EDGE_CURVE('',#1408,#1410,#542,.T.);
#1755=EDGE_CURVE('',#1409,#1410,#543,.T.);
#1756=EDGE_CURVE('',#1411,#1407,#544,.T.);
#1757=EDGE_CURVE('',#1411,#1412,#545,.T.);
#1758=EDGE_CURVE('',#1412,#1408,#546,.T.);
#1759=EDGE_CURVE('',#1379,#1411,#547,.T.);
#1760=EDGE_CURVE('',#1380,#1412,#548,.T.);
#1761=EDGE_CURVE('',#1409,#1379,#549,.T.);
#1762=EDGE_CURVE('',#1410,#1380,#550,.T.);
#1763=EDGE_CURVE('',#1413,#1414,#551,.T.);
#1764=EDGE_CURVE('',#1413,#1415,#552,.T.);
#1765=EDGE_CURVE('',#1415,#1416,#553,.T.);
#1766=EDGE_CURVE('',#1414,#1416,#554,.T.);
#1767=EDGE_CURVE('',#1417,#1413,#555,.T.);
#1768=EDGE_CURVE('',#1417,#1418,#556,.T.);
#1769=EDGE_CURVE('',#1418,#1415,#557,.T.);
#1770=EDGE_CURVE('',#1419,#1417,#558,.T.);
#1771=EDGE_CURVE('',#1419,#1420,#559,.T.);
#1772=EDGE_CURVE('',#1420,#1418,#560,.T.);
#1773=EDGE_CURVE('',#1421,#1419,#561,.T.);
#1774=EDGE_CURVE('',#1421,#1422,#562,.T.);
#1775=EDGE_CURVE('',#1422,#1420,#563,.T.);
#1776=EDGE_CURVE('',#1423,#1421,#564,.T.);
#1777=EDGE_CURVE('',#1423,#1424,#565,.T.);
#1778=EDGE_CURVE('',#1424,#1422,#566,.T.);
#1779=EDGE_CURVE('',#1425,#1423,#567,.T.);
#1780=EDGE_CURVE('',#1425,#1426,#568,.T.);
#1781=EDGE_CURVE('',#1426,#1424,#569,.T.);
#1782=EDGE_CURVE('',#1427,#1425,#570,.T.);
#1783=EDGE_CURVE('',#1427,#1428,#571,.T.);
#1784=EDGE_CURVE('',#1428,#1426,#572,.T.);
#1785=EDGE_CURVE('',#1429,#1427,#573,.T.);
#1786=EDGE_CURVE('',#1429,#1430,#574,.T.);
#1787=EDGE_CURVE('',#1430,#1428,#575,.T.);
#1788=EDGE_CURVE('',#1431,#1429,#576,.T.);
#1789=EDGE_CURVE('',#1431,#1432,#577,.T.);
#1790=EDGE_CURVE('',#1432,#1430,#578,.T.);
#1791=EDGE_CURVE('',#1433,#1431,#579,.T.);
#1792=EDGE_CURVE('',#1433,#1434,#580,.T.);
#1793=EDGE_CURVE('',#1434,#1432,#581,.T.);
#1794=EDGE_CURVE('',#1435,#1433,#582,.T.);
#1795=EDGE_CURVE('',#1435,#1436,#583,.T.);
#1796=EDGE_CURVE('',#1436,#1434,#584,.T.);
#1797=EDGE_CURVE('',#1414,#1435,#585,.T.);
#1798=EDGE_CURVE('',#1416,#1436,#586,.T.);
#1799=EDGE_CURVE('',#1437,#1438,#587,.T.);
#1800=EDGE_CURVE('',#1437,#1439,#588,.T.);
#1801=EDGE_CURVE('',#1439,#1440,#589,.T.);
#1802=EDGE_CURVE('',#1438,#1440,#590,.T.);
#1803=EDGE_CURVE('',#1441,#1437,#591,.T.);
#1804=EDGE_CURVE('',#1441,#1442,#592,.T.);
#1805=EDGE_CURVE('',#1442,#1439,#593,.T.);
#1806=EDGE_CURVE('',#1443,#1441,#594,.T.);
#1807=EDGE_CURVE('',#1443,#1444,#595,.T.);
#1808=EDGE_CURVE('',#1444,#1442,#596,.T.);
#1809=EDGE_CURVE('',#1445,#1443,#597,.T.);
#1810=EDGE_CURVE('',#1445,#1446,#598,.T.);
#1811=EDGE_CURVE('',#1446,#1444,#599,.T.);
#1812=EDGE_CURVE('',#1447,#1445,#600,.T.);
#1813=EDGE_CURVE('',#1447,#1448,#601,.T.);
#1814=EDGE_CURVE('',#1448,#1446,#602,.T.);
#1815=EDGE_CURVE('',#1449,#1447,#603,.T.);
#1816=EDGE_CURVE('',#1449,#1450,#604,.T.);
#1817=EDGE_CURVE('',#1450,#1448,#605,.T.);
#1818=EDGE_CURVE('',#1451,#1449,#606,.T.);
#1819=EDGE_CURVE('',#1451,#1452,#607,.T.);
#1820=EDGE_CURVE('',#1452,#1450,#608,.T.);
#1821=EDGE_CURVE('',#1453,#1451,#609,.T.);
#1822=EDGE_CURVE('',#1453,#1454,#610,.T.);
#1823=EDGE_CURVE('',#1454,#1452,#611,.T.);
#1824=EDGE_CURVE('',#1455,#1453,#612,.T.);
#1825=EDGE_CURVE('',#1455,#1456,#613,.T.);
#1826=EDGE_CURVE('',#1456,#1454,#614,.T.);
#1827=EDGE_CURVE('',#1457,#1455,#615,.T.);
#1828=EDGE_CURVE('',#1457,#1458,#616,.T.);
#1829=EDGE_CURVE('',#1458,#1456,#617,.T.);
#1830=EDGE_CURVE('',#1459,#1457,#618,.T.);
#1831=EDGE_CURVE('',#1459,#1460,#619,.T.);
#1832=EDGE_CURVE('',#1460,#1458,#620,.T.);
#1833=EDGE_CURVE('',#1438,#1459,#621,.T.);
#1834=EDGE_CURVE('',#1440,#1460,#622,.T.);
#1835=EDGE_CURVE('',#1461,#1462,#623,.T.);
#1836=EDGE_CURVE('',#1461,#1463,#624,.T.);
#1837=EDGE_CURVE('',#1463,#1464,#625,.T.);
#1838=EDGE_CURVE('',#1462,#1464,#626,.T.);
#1839=EDGE_CURVE('',#1465,#1461,#627,.T.);
#1840=EDGE_CURVE('',#1465,#1466,#628,.T.);
#1841=EDGE_CURVE('',#1466,#1463,#629,.T.);
#1842=EDGE_CURVE('',#1467,#1465,#630,.T.);
#1843=EDGE_CURVE('',#1467,#1468,#631,.T.);
#1844=EDGE_CURVE('',#1468,#1466,#632,.T.);
#1845=EDGE_CURVE('',#1469,#1467,#633,.T.);
#1846=EDGE_CURVE('',#1469,#1470,#634,.T.);
#1847=EDGE_CURVE('',#1470,#1468,#635,.T.);
#1848=EDGE_CURVE('',#1471,#1469,#636,.T.);
#1849=EDGE_CURVE('',#1471,#1472,#637,.T.);
#1850=EDGE_CURVE('',#1472,#1470,#638,.T.);
#1851=EDGE_CURVE('',#1473,#1471,#639,.T.);
#1852=EDGE_CURVE('',#1473,#1474,#640,.T.);
#1853=EDGE_CURVE('',#1474,#1472,#641,.T.);
#1854=EDGE_CURVE('',#1475,#1473,#642,.T.);
#1855=EDGE_CURVE('',#1475,#1476,#643,.T.);
#1856=EDGE_CURVE('',#1476,#1474,#644,.T.);
#1857=EDGE_CURVE('',#1462,#1475,#645,.T.);
#1858=EDGE_CURVE('',#1462,#1464,#646,.T.);
#1859=EDGE_CURVE('',#1464,#1476,#647,.T.);
#1860=EDGE_CURVE('',#1477,#1478,#648,.T.);
#1861=EDGE_CURVE('',#1477,#1479,#649,.T.);
#1862=EDGE_CURVE('',#1479,#1480,#650,.T.);
#1863=EDGE_CURVE('',#1478,#1480,#651,.T.);
#1864=EDGE_CURVE('',#1481,#1477,#652,.T.);
#1865=EDGE_CURVE('',#1481,#1482,#653,.T.);
#1866=EDGE_CURVE('',#1482,#1479,#654,.T.);
#1867=EDGE_CURVE('',#1483,#1481,#655,.T.);
#1868=EDGE_CURVE('',#1483,#1484,#656,.T.);
#1869=EDGE_CURVE('',#1484,#1482,#657,.T.);
#1870=EDGE_CURVE('',#1485,#1483,#658,.T.);
#1871=EDGE_CURVE('',#1485,#1486,#659,.T.);
#1872=EDGE_CURVE('',#1486,#1484,#660,.T.);
#1873=EDGE_CURVE('',#1487,#1485,#661,.T.);
#1874=EDGE_CURVE('',#1487,#1488,#662,.T.);
#1875=EDGE_CURVE('',#1488,#1486,#663,.T.);
#1876=EDGE_CURVE('',#1489,#1487,#664,.T.);
#1877=EDGE_CURVE('',#1489,#1490,#665,.T.);
#1878=EDGE_CURVE('',#1490,#1488,#666,.T.);
#1879=EDGE_CURVE('',#1491,#1489,#667,.T.);
#1880=EDGE_CURVE('',#1491,#1492,#668,.T.);
#1881=EDGE_CURVE('',#1492,#1490,#669,.T.);
#1882=EDGE_CURVE('',#1478,#1491,#670,.T.);
#1883=EDGE_CURVE('',#1480,#1492,#671,.T.);
#1884=EDGE_CURVE('',#1491,#1492,#672,.T.);
#1885=EDGE_CURVE('',#1493,#1491,#673,.T.);
#1886=EDGE_CURVE('',#1493,#1494,#674,.T.);
#1887=EDGE_CURVE('',#1494,#1492,#675,.T.);
#1888=EDGE_CURVE('',#1495,#1493,#676,.T.);
#1889=EDGE_CURVE('',#1495,#1496,#677,.T.);
#1890=EDGE_CURVE('',#1496,#1494,#678,.T.);
#1891=EDGE_CURVE('',#1462,#1495,#679,.T.);
#1892=EDGE_CURVE('',#1464,#1496,#680,.T.);
#1893=EDGE_CURVE('',#1491,#1462,#681,.T.);
#1894=EDGE_CURVE('',#1492,#1464,#682,.T.);
#1895=EDGE_CURVE('',#1497,#1498,#683,.T.);
#1896=EDGE_CURVE('',#1499,#1497,#684,.T.);
#1897=EDGE_CURVE('',#1500,#1499,#685,.T.);
#1898=EDGE_CURVE('',#1501,#1500,#56,.T.);
#1899=EDGE_CURVE('',#1498,#1501,#686,.T.);
#1900=EDGE_CURVE('',#1502,#1502,#57,.T.);
#1901=EDGE_CURVE('',#1503,#1504,#58,.T.);
#1902=EDGE_CURVE('',#1505,#1503,#687,.T.);
#1903=EDGE_CURVE('',#1506,#1505,#688,.T.);
#1904=EDGE_CURVE('',#1507,#1506,#689,.T.);
#1905=EDGE_CURVE('',#1504,#1507,#690,.T.);
#1906=EDGE_CURVE('',#1508,#1508,#59,.T.);
#1907=EDGE_CURVE('',#1509,#1510,#691,.T.);
#1908=EDGE_CURVE('',#1511,#1509,#60,.T.);
#1909=EDGE_CURVE('',#1512,#1511,#692,.T.);
#1910=EDGE_CURVE('',#1513,#1512,#693,.T.);
#1911=EDGE_CURVE('',#1510,#1513,#694,.T.);
#1912=EDGE_CURVE('',#1514,#1514,#61,.T.);
#1913=EDGE_CURVE('',#1515,#1501,#695,.T.);
#1914=EDGE_CURVE('',#1516,#1515,#696,.T.);
#1915=EDGE_CURVE('',#1516,#1498,#697,.T.);
#1916=EDGE_CURVE('',#1517,#1503,#698,.T.);
#1917=EDGE_CURVE('',#1518,#1517,#699,.T.);
#1918=EDGE_CURVE('',#1505,#1518,#700,.T.);
#1919=EDGE_CURVE('',#1504,#1519,#701,.T.);
#1920=EDGE_CURVE('',#1519,#1517,#62,.F.);
#1921=EDGE_CURVE('',#1520,#1511,#702,.T.);
#1922=EDGE_CURVE('',#1521,#1520,#703,.T.);
#1923=EDGE_CURVE('',#1521,#1512,#704,.T.);
#1924=EDGE_CURVE('',#1522,#1522,#63,.T.);
#1925=EDGE_CURVE('',#1522,#1508,#705,.T.);
#1926=EDGE_CURVE('',#1523,#1523,#64,.T.);
#1927=EDGE_CURVE('',#1523,#1514,#706,.T.);
#1928=EDGE_CURVE('',#1524,#1524,#65,.T.);
#1929=EDGE_CURVE('',#1524,#1525,#707,.T.);
#1930=EDGE_CURVE('',#1525,#1525,#66,.T.);
#1931=EDGE_CURVE('',#1526,#1526,#67,.T.);
#1932=EDGE_CURVE('',#1526,#1502,#708,.T.);
#1933=EDGE_CURVE('',#1527,#1528,#68,.T.);
#1934=EDGE_CURVE('',#1529,#1527,#709,.T.);
#1935=EDGE_CURVE('',#1530,#1529,#69,.T.);
#1936=EDGE_CURVE('',#1530,#1528,#710,.T.);
#1937=EDGE_CURVE('',#1531,#1532,#70,.T.);
#1938=EDGE_CURVE('',#1533,#1531,#711,.T.);
#1939=EDGE_CURVE('',#1534,#1533,#71,.T.);
#1940=EDGE_CURVE('',#1535,#1534,#712,.T.);
#1941=EDGE_CURVE('',#1536,#1535,#72,.T.);
#1942=EDGE_CURVE('',#1537,#1536,#713,.T.);
#1943=EDGE_CURVE('',#1538,#1537,#73,.T.);
#1944=EDGE_CURVE('',#1538,#1532,#714,.T.);
#1945=EDGE_CURVE('',#1539,#1540,#74,.T.);
#1946=EDGE_CURVE('',#1541,#1539,#715,.T.);
#1947=EDGE_CURVE('',#1542,#1541,#75,.T.);
#1948=EDGE_CURVE('',#1543,#1542,#716,.T.);
#1949=EDGE_CURVE('',#1544,#1543,#76,.T.);
#1950=EDGE_CURVE('',#1545,#1544,#717,.T.);
#1951=EDGE_CURVE('',#1546,#1545,#77,.T.);
#1952=EDGE_CURVE('',#1546,#1540,#718,.T.);
#1953=EDGE_CURVE('',#1547,#1548,#78,.T.);
#1954=EDGE_CURVE('',#1547,#1549,#719,.T.);
#1955=EDGE_CURVE('',#1550,#1549,#79,.T.);
#1956=EDGE_CURVE('',#1548,#1550,#720,.T.);
#1957=EDGE_CURVE('',#1534,#1551,#721,.T.);
#1958=EDGE_CURVE('',#1551,#1552,#722,.T.);
#1959=EDGE_CURVE('',#1535,#1552,#723,.T.);
#1960=EDGE_CURVE('',#1553,#1542,#724,.T.);
#1961=EDGE_CURVE('',#1553,#1554,#725,.T.);
#1962=EDGE_CURVE('',#1554,#1543,#726,.T.);
#1963=EDGE_CURVE('',#1541,#1530,#727,.T.);
#1964=EDGE_CURVE('',#1528,#1539,#728,.T.);
#1965=EDGE_CURVE('',#1555,#1555,#80,.T.);
#1966=EDGE_CURVE('',#1546,#1533,#729,.T.);
#1967=EDGE_CURVE('',#1545,#1556,#730,.T.);
#1968=EDGE_CURVE('',#1556,#1551,#731,.T.);
#1969=EDGE_CURVE('',#1557,#1558,#732,.T.);
#1970=EDGE_CURVE('',#1559,#1558,#733,.T.);
#1971=EDGE_CURVE('',#1559,#1560,#734,.T.);
#1972=EDGE_CURVE('',#1557,#1560,#735,.T.);
#1973=EDGE_CURVE('',#1561,#1561,#81,.T.);
#1974=EDGE_CURVE('',#1529,#1547,#736,.T.);
#1975=EDGE_CURVE('',#1548,#1538,#737,.T.);
#1976=EDGE_CURVE('',#1537,#1562,#738,.T.);
#1977=EDGE_CURVE('',#1562,#1553,#739,.T.);
#1978=EDGE_CURVE('',#1532,#1550,#740,.T.);
#1979=EDGE_CURVE('',#1555,#1563,#741,.T.);
#1980=EDGE_CURVE('',#1563,#1563,#82,.T.);
#1981=EDGE_CURVE('',#1564,#1565,#742,.T.);
#1982=EDGE_CURVE('',#1566,#1564,#743,.T.);
#1983=EDGE_CURVE('',#1567,#1566,#744,.T.);
#1984=EDGE_CURVE('',#1567,#1565,#745,.T.);
#1985=EDGE_CURVE('',#1565,#1568,#746,.T.);
#1986=EDGE_CURVE('',#1569,#1567,#747,.T.);
#1987=EDGE_CURVE('',#1569,#1568,#748,.T.);
#1988=EDGE_CURVE('',#1568,#1570,#749,.T.);
#1989=EDGE_CURVE('',#1571,#1569,#750,.T.);
#1990=EDGE_CURVE('',#1571,#1570,#751,.T.);
#1991=EDGE_CURVE('',#1564,#1572,#752,.T.);
#1992=EDGE_CURVE('',#1572,#1573,#753,.T.);
#1993=EDGE_CURVE('',#1573,#1574,#754,.T.);
#1994=EDGE_CURVE('',#1574,#1575,#755,.T.);
#1995=EDGE_CURVE('',#1575,#1516,#756,.T.);
#1996=EDGE_CURVE('',#1515,#1576,#83,.T.);
#1997=EDGE_CURVE('',#1576,#1577,#757,.T.);
#1998=EDGE_CURVE('',#1577,#1578,#758,.T.);
#1999=EDGE_CURVE('',#1578,#1579,#759,.T.);
#2000=EDGE_CURVE('',#1579,#1521,#760,.T.);
#2001=EDGE_CURVE('',#1520,#1580,#84,.T.);
#2002=EDGE_CURVE('',#1580,#1581,#761,.T.);
#2003=EDGE_CURVE('',#1581,#1582,#762,.T.);
#2004=EDGE_CURVE('',#1582,#1583,#763,.T.);
#2005=EDGE_CURVE('',#1583,#1584,#764,.T.);
#2006=EDGE_CURVE('',#1584,#1585,#765,.T.);
#2007=EDGE_CURVE('',#1585,#1586,#766,.T.);
#2008=EDGE_CURVE('',#1586,#1570,#767,.T.);
#2009=EDGE_CURVE('',#1566,#1571,#768,.T.);
#2010=EDGE_CURVE('',#1587,#1588,#769,.T.);
#2011=EDGE_CURVE('',#1588,#1589,#770,.T.);
#2012=EDGE_CURVE('',#1589,#1590,#771,.T.);
#2013=EDGE_CURVE('',#1590,#1587,#772,.T.);
#2014=EDGE_CURVE('',#1591,#1591,#85,.T.);
#2015=EDGE_CURVE('',#1592,#1593,#773,.T.);
#2016=EDGE_CURVE('',#1593,#1594,#774,.T.);
#2017=EDGE_CURVE('',#1594,#1595,#775,.T.);
#2018=EDGE_CURVE('',#1595,#1592,#776,.T.);
#2019=EDGE_CURVE('',#1596,#1597,#777,.T.);
#2020=EDGE_CURVE('',#1598,#1597,#778,.T.);
#2021=EDGE_CURVE('',#1599,#1598,#779,.T.);
#2022=EDGE_CURVE('',#1596,#1599,#780,.T.);
#2023=EDGE_CURVE('',#1600,#1601,#781,.T.);
#2024=EDGE_CURVE('',#1602,#1601,#782,.T.);
#2025=EDGE_CURVE('',#1603,#1602,#783,.T.);
#2026=EDGE_CURVE('',#1600,#1603,#784,.T.);
#2027=EDGE_CURVE('',#1587,#1603,#785,.T.);
#2028=EDGE_CURVE('',#1590,#1600,#786,.T.);
#2029=EDGE_CURVE('',#1589,#1597,#787,.T.);
#2030=EDGE_CURVE('',#1588,#1598,#788,.T.);
#2031=EDGE_CURVE('',#1593,#1602,#789,.T.);
#2032=EDGE_CURVE('',#1599,#1592,#790,.T.);
#2033=EDGE_CURVE('',#1573,#1601,#791,.T.);
#2034=EDGE_CURVE('',#1572,#1594,#792,.T.);
#2035=EDGE_CURVE('',#1586,#1595,#793,.T.);
#2036=EDGE_CURVE('',#1585,#1596,#794,.T.);
#2037=EDGE_CURVE('',#1604,#1605,#86,.T.);
#2038=EDGE_CURVE('',#1606,#1604,#795,.T.);
#2039=EDGE_CURVE('',#1607,#1606,#87,.T.);
#2040=EDGE_CURVE('',#1574,#1607,#796,.T.);
#2041=EDGE_CURVE('',#1584,#1605,#797,.T.);
#2042=EDGE_CURVE('',#1605,#1608,#798,.T.);
#2043=EDGE_CURVE('',#1583,#1608,#799,.T.);
#2044=EDGE_CURVE('',#1580,#1509,#800,.T.);
#2045=EDGE_CURVE('',#1576,#1500,#801,.T.);
#2046=EDGE_CURVE('',#1609,#1610,#88,.T.);
#2047=EDGE_CURVE('',#1609,#1611,#802,.T.);
#2048=EDGE_CURVE('',#1612,#1611,#89,.T.);
#2049=EDGE_CURVE('',#1612,#1610,#803,.T.);
#2050=EDGE_CURVE('',#1610,#1613,#804,.T.);
#2051=EDGE_CURVE('',#1614,#1612,#805,.T.);
#2052=EDGE_CURVE('',#1613,#1614,#806,.T.);
#2053=EDGE_CURVE('',#1608,#1615,#807,.T.);
#2054=EDGE_CURVE('',#1582,#1615,#808,.T.);
#2055=EDGE_CURVE('',#1615,#1616,#90,.F.);
#2056=EDGE_CURVE('',#1616,#1604,#809,.T.);
#2057=EDGE_CURVE('',#1616,#1617,#810,.T.);
#2058=EDGE_CURVE('',#1606,#1617,#811,.T.);
#2059=EDGE_CURVE('',#1617,#1618,#91,.F.);
#2060=EDGE_CURVE('',#1618,#1607,#812,.T.);
#2061=EDGE_CURVE('',#1575,#1618,#813,.T.);
#2062=EDGE_CURVE('',#1581,#1510,#814,.T.);
#2063=EDGE_CURVE('',#1619,#1620,#815,.T.);
#2064=EDGE_CURVE('',#1579,#1619,#816,.T.);
#2065=EDGE_CURVE('',#1578,#1620,#817,.T.);
#2066=EDGE_CURVE('',#1621,#1622,#818,.T.);
#2067=EDGE_CURVE('',#1622,#1623,#819,.T.);
#2068=EDGE_CURVE('',#1624,#1623,#820,.T.);
#2069=EDGE_CURVE('',#1621,#1624,#821,.T.);
#2070=EDGE_CURVE('',#1577,#1499,#822,.T.);
#2071=EDGE_CURVE('',#1611,#1625,#823,.T.);
#2072=EDGE_CURVE('',#1626,#1625,#824,.T.);
#2073=EDGE_CURVE('',#1614,#1626,#825,.T.);
#2074=EDGE_CURVE('',#1627,#1507,#826,.T.);
#2075=EDGE_CURVE('',#1519,#1627,#827,.T.);
#2076=EDGE_CURVE('',#1627,#1628,#828,.T.);
#2077=EDGE_CURVE('',#1628,#1609,#829,.T.);
#2078=EDGE_CURVE('',#1622,#1613,#830,.T.);
#2079=EDGE_CURVE('',#1518,#1621,#831,.T.);
#2080=EDGE_CURVE('',#1625,#1628,#832,.T.);
#2081=EDGE_CURVE('',#1629,#1630,#833,.T.);
#2082=EDGE_CURVE('',#1630,#1631,#834,.T.);
#2083=EDGE_CURVE('',#1632,#1631,#835,.T.);
#2084=EDGE_CURVE('',#1629,#1632,#836,.T.);
#2085=EDGE_CURVE('',#1633,#1634,#837,.T.);
#2086=EDGE_CURVE('',#1634,#1635,#838,.T.);
#2087=EDGE_CURVE('',#1636,#1635,#839,.T.);
#2088=EDGE_CURVE('',#1636,#1633,#840,.T.);
#2089=EDGE_CURVE('',#1637,#1624,#92,.F.);
#2090=EDGE_CURVE('',#1623,#1638,#93,.F.);
#2091=EDGE_CURVE('',#1638,#1637,#841,.T.);
#2092=EDGE_CURVE('',#1639,#1619,#94,.F.);
#2093=EDGE_CURVE('',#1620,#1640,#95,.F.);
#2094=EDGE_CURVE('',#1640,#1639,#842,.T.);
#2095=EDGE_CURVE('',#1641,#1642,#843,.T.);
#2096=EDGE_CURVE('',#1642,#1643,#844,.T.);
#2097=EDGE_CURVE('',#1644,#1643,#845,.T.);
#2098=EDGE_CURVE('',#1641,#1644,#846,.T.);
#2099=EDGE_CURVE('',#1645,#1646,#847,.T.);
#2100=EDGE_CURVE('',#1646,#1647,#848,.T.);
#2101=EDGE_CURVE('',#1648,#1647,#849,.T.);
#2102=EDGE_CURVE('',#1645,#1648,#850,.T.);
#2103=EDGE_CURVE('',#1649,#1554,#851,.T.);
#2104=EDGE_CURVE('',#1649,#1562,#852,.T.);
#2105=EDGE_CURVE('',#1549,#1527,#853,.T.);
#2106=EDGE_CURVE('',#1638,#1639,#854,.T.);
#2107=EDGE_CURVE('',#1626,#1650,#855,.T.);
#2108=EDGE_CURVE('',#1651,#1650,#856,.T.);
#2109=EDGE_CURVE('',#1513,#1651,#857,.T.);
#2110=EDGE_CURVE('',#1652,#1651,#858,.T.);
#2111=EDGE_CURVE('',#1497,#1652,#859,.T.);
#2112=EDGE_CURVE('',#1653,#1652,#860,.T.);
#2113=EDGE_CURVE('',#1653,#1506,#861,.T.);
#2114=EDGE_CURVE('',#1640,#1637,#862,.T.);
#2115=EDGE_CURVE('',#1650,#1653,#863,.T.);
#2116=EDGE_CURVE('',#1646,#1654,#864,.T.);
#2117=EDGE_CURVE('',#1655,#1654,#865,.T.);
#2118=EDGE_CURVE('',#1647,#1655,#866,.T.);
#2119=EDGE_CURVE('',#1656,#1645,#867,.T.);
#2120=EDGE_CURVE('',#1657,#1648,#868,.T.);
#2121=EDGE_CURVE('',#1656,#1657,#869,.T.);
#2122=EDGE_CURVE('',#1630,#1658,#870,.T.);
#2123=EDGE_CURVE('',#1659,#1658,#871,.T.);
#2124=EDGE_CURVE('',#1631,#1659,#872,.T.);
#2125=EDGE_CURVE('',#1660,#1629,#873,.T.);
#2126=EDGE_CURVE('',#1661,#1632,#874,.T.);
#2127=EDGE_CURVE('',#1660,#1661,#875,.T.);
#2128=EDGE_CURVE('',#1634,#1662,#876,.T.);
#2129=EDGE_CURVE('',#1663,#1662,#877,.T.);
#2130=EDGE_CURVE('',#1635,#1663,#878,.T.);
#2131=EDGE_CURVE('',#1664,#1633,#879,.T.);
#2132=EDGE_CURVE('',#1665,#1636,#880,.T.);
#2133=EDGE_CURVE('',#1664,#1665,#881,.T.);
#2134=EDGE_CURVE('',#1666,#1667,#882,.T.);
#2135=EDGE_CURVE('',#1662,#1666,#883,.T.);
#2136=EDGE_CURVE('',#1668,#1664,#884,.T.);
#2137=EDGE_CURVE('',#1669,#1668,#885,.T.);
#2138=EDGE_CURVE('',#1658,#1669,#886,.T.);
#2139=EDGE_CURVE('',#1667,#1660,#887,.T.);
#2140=EDGE_CURVE('',#1670,#1668,#96,.T.);
#2141=EDGE_CURVE('',#1670,#1671,#888,.T.);
#2142=EDGE_CURVE('',#1669,#1671,#97,.T.);
#2143=EDGE_CURVE('',#1670,#1672,#889,.T.);
#2144=EDGE_CURVE('',#1672,#1673,#890,.T.);
#2145=EDGE_CURVE('',#1671,#1673,#891,.T.);
#2146=EDGE_CURVE('',#1674,#1672,#892,.T.);
#2147=EDGE_CURVE('',#1675,#1674,#893,.T.);
#2148=EDGE_CURVE('',#1673,#1675,#894,.T.);
#2149=EDGE_CURVE('',#1676,#1677,#895,.T.);
#2150=EDGE_CURVE('',#1676,#1675,#896,.T.);
#2151=EDGE_CURVE('',#1677,#1674,#897,.T.);
#2152=EDGE_CURVE('',#1676,#1678,#98,.T.);
#2153=EDGE_CURVE('',#1679,#1677,#99,.T.);
#2154=EDGE_CURVE('',#1679,#1678,#898,.T.);
#2155=EDGE_CURVE('',#1642,#1680,#899,.T.);
#2156=EDGE_CURVE('',#1681,#1680,#900,.T.);
#2157=EDGE_CURVE('',#1643,#1681,#901,.T.);
#2158=EDGE_CURVE('',#1663,#1665,#902,.T.);
#2159=EDGE_CURVE('',#1681,#1682,#903,.T.);
#2160=EDGE_CURVE('',#1682,#1644,#904,.T.);
#2161=EDGE_CURVE('',#1659,#1661,#905,.T.);
#2162=EDGE_CURVE('',#1655,#1657,#906,.T.);
#2163=EDGE_CURVE('',#1683,#1641,#907,.T.);
#2164=EDGE_CURVE('',#1683,#1682,#908,.T.);
#2165=EDGE_CURVE('',#1684,#1685,#909,.T.);
#2166=EDGE_CURVE('',#1654,#1684,#910,.T.);
#2167=EDGE_CURVE('',#1678,#1656,#911,.T.);
#2168=EDGE_CURVE('',#1680,#1679,#912,.T.);
#2169=EDGE_CURVE('',#1685,#1683,#913,.T.);
#2170=EDGE_CURVE('',#1686,#1685,#100,.T.);
#2171=EDGE_CURVE('',#1686,#1687,#914,.T.);
#2172=EDGE_CURVE('',#1684,#1687,#101,.T.);
#2173=EDGE_CURVE('',#1688,#1667,#102,.T.);
#2174=EDGE_CURVE('',#1688,#1689,#915,.T.);
#2175=EDGE_CURVE('',#1666,#1689,#103,.T.);
#2176=EDGE_CURVE('',#1536,#1649,#916,.T.);
#2177=EDGE_CURVE('',#1552,#1690,#917,.T.);
#2178=EDGE_CURVE('',#1544,#1690,#918,.T.);
#2179=EDGE_CURVE('',#1540,#1531,#919,.T.);
#2180=EDGE_CURVE('',#1686,#1557,#920,.T.);
#2181=EDGE_CURVE('',#1687,#1560,#921,.T.);
#2182=EDGE_CURVE('',#1688,#1559,#922,.T.);
#2183=EDGE_CURVE('',#1689,#1558,#923,.T.);
#2184=EDGE_CURVE('',#1690,#1556,#924,.T.);
#2185=EDGE_CURVE('',#1561,#1591,#925,.T.);
#2186=ORIENTED_EDGE('',*,*,#1691,.F.);
#2187=ORIENTED_EDGE('',*,*,#1692,.T.);
#2188=ORIENTED_EDGE('',*,*,#1693,.T.);
#2189=ORIENTED_EDGE('',*,*,#1694,.F.);
#2190=ORIENTED_EDGE('',*,*,#1695,.F.);
#2191=ORIENTED_EDGE('',*,*,#1696,.T.);
#2192=ORIENTED_EDGE('',*,*,#1697,.T.);
#2193=ORIENTED_EDGE('',*,*,#1692,.F.);
#2194=ORIENTED_EDGE('',*,*,#1698,.F.);
#2195=ORIENTED_EDGE('',*,*,#1699,.T.);
#2196=ORIENTED_EDGE('',*,*,#1700,.T.);
#2197=ORIENTED_EDGE('',*,*,#1696,.F.);
#2198=ORIENTED_EDGE('',*,*,#1701,.F.);
#2199=ORIENTED_EDGE('',*,*,#1694,.T.);
#2200=ORIENTED_EDGE('',*,*,#1702,.T.);
#2201=ORIENTED_EDGE('',*,*,#1703,.F.);
#2202=ORIENTED_EDGE('',*,*,#1702,.F.);
#2203=ORIENTED_EDGE('',*,*,#1693,.F.);
#2204=ORIENTED_EDGE('',*,*,#1697,.F.);
#2205=ORIENTED_EDGE('',*,*,#1700,.F.);
#2206=ORIENTED_EDGE('',*,*,#1704,.F.);
#2207=ORIENTED_EDGE('',*,*,#1705,.T.);
#2208=ORIENTED_EDGE('',*,*,#1706,.T.);
#2209=ORIENTED_EDGE('',*,*,#1707,.F.);
#2210=ORIENTED_EDGE('',*,*,#1708,.F.);
#2211=ORIENTED_EDGE('',*,*,#1709,.T.);
#2212=ORIENTED_EDGE('',*,*,#1710,.T.);
#2213=ORIENTED_EDGE('',*,*,#1705,.F.);
#2214=ORIENTED_EDGE('',*,*,#1711,.F.);
#2215=ORIENTED_EDGE('',*,*,#1712,.T.);
#2216=ORIENTED_EDGE('',*,*,#1713,.T.);
#2217=ORIENTED_EDGE('',*,*,#1709,.F.);
#2218=ORIENTED_EDGE('',*,*,#1714,.F.);
#2219=ORIENTED_EDGE('',*,*,#1707,.T.);
#2220=ORIENTED_EDGE('',*,*,#1715,.T.);
#2221=ORIENTED_EDGE('',*,*,#1716,.F.);
#2222=ORIENTED_EDGE('',*,*,#1715,.F.);
#2223=ORIENTED_EDGE('',*,*,#1706,.F.);
#2224=ORIENTED_EDGE('',*,*,#1710,.F.);
#2225=ORIENTED_EDGE('',*,*,#1713,.F.);
#2226=ORIENTED_EDGE('',*,*,#1717,.F.);
#2227=ORIENTED_EDGE('',*,*,#1716,.T.);
#2228=ORIENTED_EDGE('',*,*,#1718,.T.);
#2229=ORIENTED_EDGE('',*,*,#1719,.F.);
#2230=ORIENTED_EDGE('',*,*,#1720,.F.);
#2231=ORIENTED_EDGE('',*,*,#1721,.T.);
#2232=ORIENTED_EDGE('',*,*,#1722,.T.);
#2233=ORIENTED_EDGE('',*,*,#1712,.F.);
#2234=ORIENTED_EDGE('',*,*,#1723,.F.);
#2235=ORIENTED_EDGE('',*,*,#1724,.T.);
#2236=ORIENTED_EDGE('',*,*,#1725,.T.);
#2237=ORIENTED_EDGE('',*,*,#1721,.F.);
#2238=ORIENTED_EDGE('',*,*,#1726,.F.);
#2239=ORIENTED_EDGE('',*,*,#1719,.T.);
#2240=ORIENTED_EDGE('',*,*,#1727,.T.);
#2241=ORIENTED_EDGE('',*,*,#1728,.F.);
#2242=ORIENTED_EDGE('',*,*,#1727,.F.);
#2243=ORIENTED_EDGE('',*,*,#1718,.F.);
#2244=ORIENTED_EDGE('',*,*,#1722,.F.);
#2245=ORIENTED_EDGE('',*,*,#1725,.F.);
#2246=ORIENTED_EDGE('',*,*,#1729,.F.);
#2247=ORIENTED_EDGE('',*,*,#1730,.T.);
#2248=ORIENTED_EDGE('',*,*,#1731,.T.);
#2249=ORIENTED_EDGE('',*,*,#1732,.F.);
#2250=ORIENTED_EDGE('',*,*,#1733,.F.);
#2251=ORIENTED_EDGE('',*,*,#1734,.T.);
#2252=ORIENTED_EDGE('',*,*,#1735,.T.);
#2253=ORIENTED_EDGE('',*,*,#1730,.F.);
#2254=ORIENTED_EDGE('',*,*,#1736,.F.);
#2255=ORIENTED_EDGE('',*,*,#1737,.T.);
#2256=ORIENTED_EDGE('',*,*,#1738,.T.);
#2257=ORIENTED_EDGE('',*,*,#1734,.F.);
#2258=ORIENTED_EDGE('',*,*,#1739,.F.);
#2259=ORIENTED_EDGE('',*,*,#1740,.T.);
#2260=ORIENTED_EDGE('',*,*,#1741,.T.);
#2261=ORIENTED_EDGE('',*,*,#1737,.F.);
#2262=ORIENTED_EDGE('',*,*,#1742,.F.);
#2263=ORIENTED_EDGE('',*,*,#1743,.T.);
#2264=ORIENTED_EDGE('',*,*,#1744,.T.);
#2265=ORIENTED_EDGE('',*,*,#1740,.F.);
#2266=ORIENTED_EDGE('',*,*,#1745,.F.);
#2267=ORIENTED_EDGE('',*,*,#1728,.T.);
#2268=ORIENTED_EDGE('',*,*,#1746,.T.);
#2269=ORIENTED_EDGE('',*,*,#1743,.F.);
#2270=ORIENTED_EDGE('',*,*,#1747,.F.);
#2271=ORIENTED_EDGE('',*,*,#1748,.T.);
#2272=ORIENTED_EDGE('',*,*,#1749,.T.);
#2273=ORIENTED_EDGE('',*,*,#1724,.F.);
#2274=ORIENTED_EDGE('',*,*,#1750,.F.);
#2275=ORIENTED_EDGE('',*,*,#1732,.T.);
#2276=ORIENTED_EDGE('',*,*,#1751,.T.);
#2277=ORIENTED_EDGE('',*,*,#1752,.F.);
#2278=ORIENTED_EDGE('',*,*,#1751,.F.);
#2279=ORIENTED_EDGE('',*,*,#1731,.F.);
#2280=ORIENTED_EDGE('',*,*,#1735,.F.);
#2281=ORIENTED_EDGE('',*,*,#1738,.F.);
#2282=ORIENTED_EDGE('',*,*,#1741,.F.);
#2283=ORIENTED_EDGE('',*,*,#1744,.F.);
#2284=ORIENTED_EDGE('',*,*,#1746,.F.);
#2285=ORIENTED_EDGE('',*,*,#1749,.F.);
#2286=ORIENTED_EDGE('',*,*,#1753,.F.);
#2287=ORIENTED_EDGE('',*,*,#1752,.T.);
#2288=ORIENTED_EDGE('',*,*,#1754,.T.);
#2289=ORIENTED_EDGE('',*,*,#1755,.F.);
#2290=ORIENTED_EDGE('',*,*,#1756,.F.);
#2291=ORIENTED_EDGE('',*,*,#1757,.T.);
#2292=ORIENTED_EDGE('',*,*,#1758,.T.);
#2293=ORIENTED_EDGE('',*,*,#1748,.F.);
#2294=ORIENTED_EDGE('',*,*,#1759,.F.);
#2295=ORIENTED_EDGE('',*,*,#1703,.T.);
#2296=ORIENTED_EDGE('',*,*,#1760,.T.);
#2297=ORIENTED_EDGE('',*,*,#1757,.F.);
#2298=ORIENTED_EDGE('',*,*,#1761,.F.);
#2299=ORIENTED_EDGE('',*,*,#1755,.T.);
#2300=ORIENTED_EDGE('',*,*,#1762,.T.);
#2301=ORIENTED_EDGE('',*,*,#1699,.F.);
#2302=ORIENTED_EDGE('',*,*,#1762,.F.);
#2303=ORIENTED_EDGE('',*,*,#1754,.F.);
#2304=ORIENTED_EDGE('',*,*,#1758,.F.);
#2305=ORIENTED_EDGE('',*,*,#1760,.F.);
#2306=ORIENTED_EDGE('',*,*,#1763,.F.);
#2307=ORIENTED_EDGE('',*,*,#1764,.T.);
#2308=ORIENTED_EDGE('',*,*,#1765,.T.);
#2309=ORIENTED_EDGE('',*,*,#1766,.F.);
#2310=ORIENTED_EDGE('',*,*,#1767,.F.);
#2311=ORIENTED_EDGE('',*,*,#1768,.T.);
#2312=ORIENTED_EDGE('',*,*,#1769,.T.);
#2313=ORIENTED_EDGE('',*,*,#1764,.F.);
#2314=ORIENTED_EDGE('',*,*,#1770,.F.);
#2315=ORIENTED_EDGE('',*,*,#1771,.T.);
#2316=ORIENTED_EDGE('',*,*,#1772,.T.);
#2317=ORIENTED_EDGE('',*,*,#1768,.F.);
#2318=ORIENTED_EDGE('',*,*,#1773,.F.);
#2319=ORIENTED_EDGE('',*,*,#1774,.T.);
#2320=ORIENTED_EDGE('',*,*,#1775,.T.);
#2321=ORIENTED_EDGE('',*,*,#1771,.F.);
#2322=ORIENTED_EDGE('',*,*,#1776,.F.);
#2323=ORIENTED_EDGE('',*,*,#1777,.T.);
#2324=ORIENTED_EDGE('',*,*,#1778,.T.);
#2325=ORIENTED_EDGE('',*,*,#1774,.F.);
#2326=ORIENTED_EDGE('',*,*,#1779,.F.);
#2327=ORIENTED_EDGE('',*,*,#1780,.T.);
#2328=ORIENTED_EDGE('',*,*,#1781,.T.);
#2329=ORIENTED_EDGE('',*,*,#1777,.F.);
#2330=ORIENTED_EDGE('',*,*,#1782,.F.);
#2331=ORIENTED_EDGE('',*,*,#1783,.T.);
#2332=ORIENTED_EDGE('',*,*,#1784,.T.);
#2333=ORIENTED_EDGE('',*,*,#1780,.F.);
#2334=ORIENTED_EDGE('',*,*,#1785,.F.);
#2335=ORIENTED_EDGE('',*,*,#1786,.T.);
#2336=ORIENTED_EDGE('',*,*,#1787,.T.);
#2337=ORIENTED_EDGE('',*,*,#1783,.F.);
#2338=ORIENTED_EDGE('',*,*,#1788,.F.);
#2339=ORIENTED_EDGE('',*,*,#1789,.T.);
#2340=ORIENTED_EDGE('',*,*,#1790,.T.);
#2341=ORIENTED_EDGE('',*,*,#1786,.F.);
#2342=ORIENTED_EDGE('',*,*,#1791,.F.);
#2343=ORIENTED_EDGE('',*,*,#1792,.T.);
#2344=ORIENTED_EDGE('',*,*,#1793,.T.);
#2345=ORIENTED_EDGE('',*,*,#1789,.F.);
#2346=ORIENTED_EDGE('',*,*,#1794,.F.);
#2347=ORIENTED_EDGE('',*,*,#1795,.T.);
#2348=ORIENTED_EDGE('',*,*,#1796,.T.);
#2349=ORIENTED_EDGE('',*,*,#1792,.F.);
#2350=ORIENTED_EDGE('',*,*,#1797,.F.);
#2351=ORIENTED_EDGE('',*,*,#1766,.T.);
#2352=ORIENTED_EDGE('',*,*,#1798,.T.);
#2353=ORIENTED_EDGE('',*,*,#1795,.F.);
#2354=ORIENTED_EDGE('',*,*,#1798,.F.);
#2355=ORIENTED_EDGE('',*,*,#1765,.F.);
#2356=ORIENTED_EDGE('',*,*,#1769,.F.);
#2357=ORIENTED_EDGE('',*,*,#1772,.F.);
#2358=ORIENTED_EDGE('',*,*,#1775,.F.);
#2359=ORIENTED_EDGE('',*,*,#1778,.F.);
#2360=ORIENTED_EDGE('',*,*,#1781,.F.);
#2361=ORIENTED_EDGE('',*,*,#1784,.F.);
#2362=ORIENTED_EDGE('',*,*,#1787,.F.);
#2363=ORIENTED_EDGE('',*,*,#1790,.F.);
#2364=ORIENTED_EDGE('',*,*,#1793,.F.);
#2365=ORIENTED_EDGE('',*,*,#1796,.F.);
#2366=ORIENTED_EDGE('',*,*,#1799,.F.);
#2367=ORIENTED_EDGE('',*,*,#1800,.T.);
#2368=ORIENTED_EDGE('',*,*,#1801,.T.);
#2369=ORIENTED_EDGE('',*,*,#1802,.F.);
#2370=ORIENTED_EDGE('',*,*,#1803,.F.);
#2371=ORIENTED_EDGE('',*,*,#1804,.T.);
#2372=ORIENTED_EDGE('',*,*,#1805,.T.);
#2373=ORIENTED_EDGE('',*,*,#1800,.F.);
#2374=ORIENTED_EDGE('',*,*,#1806,.F.);
#2375=ORIENTED_EDGE('',*,*,#1807,.T.);
#2376=ORIENTED_EDGE('',*,*,#1808,.T.);
#2377=ORIENTED_EDGE('',*,*,#1804,.F.);
#2378=ORIENTED_EDGE('',*,*,#1809,.F.);
#2379=ORIENTED_EDGE('',*,*,#1810,.T.);
#2380=ORIENTED_EDGE('',*,*,#1811,.T.);
#2381=ORIENTED_EDGE('',*,*,#1807,.F.);
#2382=ORIENTED_EDGE('',*,*,#1812,.F.);
#2383=ORIENTED_EDGE('',*,*,#1813,.T.);
#2384=ORIENTED_EDGE('',*,*,#1814,.T.);
#2385=ORIENTED_EDGE('',*,*,#1810,.F.);
#2386=ORIENTED_EDGE('',*,*,#1815,.F.);
#2387=ORIENTED_EDGE('',*,*,#1816,.T.);
#2388=ORIENTED_EDGE('',*,*,#1817,.T.);
#2389=ORIENTED_EDGE('',*,*,#1813,.F.);
#2390=ORIENTED_EDGE('',*,*,#1818,.F.);
#2391=ORIENTED_EDGE('',*,*,#1819,.T.);
#2392=ORIENTED_EDGE('',*,*,#1820,.T.);
#2393=ORIENTED_EDGE('',*,*,#1816,.F.);
#2394=ORIENTED_EDGE('',*,*,#1821,.F.);
#2395=ORIENTED_EDGE('',*,*,#1822,.T.);
#2396=ORIENTED_EDGE('',*,*,#1823,.T.);
#2397=ORIENTED_EDGE('',*,*,#1819,.F.);
#2398=ORIENTED_EDGE('',*,*,#1824,.F.);
#2399=ORIENTED_EDGE('',*,*,#1825,.T.);
#2400=ORIENTED_EDGE('',*,*,#1826,.T.);
#2401=ORIENTED_EDGE('',*,*,#1822,.F.);
#2402=ORIENTED_EDGE('',*,*,#1827,.F.);
#2403=ORIENTED_EDGE('',*,*,#1828,.T.);
#2404=ORIENTED_EDGE('',*,*,#1829,.T.);
#2405=ORIENTED_EDGE('',*,*,#1825,.F.);
#2406=ORIENTED_EDGE('',*,*,#1830,.F.);
#2407=ORIENTED_EDGE('',*,*,#1831,.T.);
#2408=ORIENTED_EDGE('',*,*,#1832,.T.);
#2409=ORIENTED_EDGE('',*,*,#1828,.F.);
#2410=ORIENTED_EDGE('',*,*,#1833,.F.);
#2411=ORIENTED_EDGE('',*,*,#1802,.T.);
#2412=ORIENTED_EDGE('',*,*,#1834,.T.);
#2413=ORIENTED_EDGE('',*,*,#1831,.F.);
#2414=ORIENTED_EDGE('',*,*,#1834,.F.);
#2415=ORIENTED_EDGE('',*,*,#1801,.F.);
#2416=ORIENTED_EDGE('',*,*,#1805,.F.);
#2417=ORIENTED_EDGE('',*,*,#1808,.F.);
#2418=ORIENTED_EDGE('',*,*,#1811,.F.);
#2419=ORIENTED_EDGE('',*,*,#1814,.F.);
#2420=ORIENTED_EDGE('',*,*,#1817,.F.);
#2421=ORIENTED_EDGE('',*,*,#1820,.F.);
#2422=ORIENTED_EDGE('',*,*,#1823,.F.);
#2423=ORIENTED_EDGE('',*,*,#1826,.F.);
#2424=ORIENTED_EDGE('',*,*,#1829,.F.);
#2425=ORIENTED_EDGE('',*,*,#1832,.F.);
#2426=ORIENTED_EDGE('',*,*,#1835,.F.);
#2427=ORIENTED_EDGE('',*,*,#1836,.T.);
#2428=ORIENTED_EDGE('',*,*,#1837,.T.);
#2429=ORIENTED_EDGE('',*,*,#1838,.F.);
#2430=ORIENTED_EDGE('',*,*,#1839,.F.);
#2431=ORIENTED_EDGE('',*,*,#1840,.T.);
#2432=ORIENTED_EDGE('',*,*,#1841,.T.);
#2433=ORIENTED_EDGE('',*,*,#1836,.F.);
#2434=ORIENTED_EDGE('',*,*,#1842,.F.);
#2435=ORIENTED_EDGE('',*,*,#1843,.T.);
#2436=ORIENTED_EDGE('',*,*,#1844,.T.);
#2437=ORIENTED_EDGE('',*,*,#1840,.F.);
#2438=ORIENTED_EDGE('',*,*,#1845,.F.);
#2439=ORIENTED_EDGE('',*,*,#1846,.T.);
#2440=ORIENTED_EDGE('',*,*,#1847,.T.);
#2441=ORIENTED_EDGE('',*,*,#1843,.F.);
#2442=ORIENTED_EDGE('',*,*,#1848,.F.);
#2443=ORIENTED_EDGE('',*,*,#1849,.T.);
#2444=ORIENTED_EDGE('',*,*,#1850,.T.);
#2445=ORIENTED_EDGE('',*,*,#1846,.F.);
#2446=ORIENTED_EDGE('',*,*,#1851,.F.);
#2447=ORIENTED_EDGE('',*,*,#1852,.T.);
#2448=ORIENTED_EDGE('',*,*,#1853,.T.);
#2449=ORIENTED_EDGE('',*,*,#1849,.F.);
#2450=ORIENTED_EDGE('',*,*,#1854,.F.);
#2451=ORIENTED_EDGE('',*,*,#1855,.T.);
#2452=ORIENTED_EDGE('',*,*,#1856,.T.);
#2453=ORIENTED_EDGE('',*,*,#1852,.F.);
#2454=ORIENTED_EDGE('',*,*,#1857,.F.);
#2455=ORIENTED_EDGE('',*,*,#1858,.T.);
#2456=ORIENTED_EDGE('',*,*,#1859,.T.);
#2457=ORIENTED_EDGE('',*,*,#1855,.F.);
#2458=ORIENTED_EDGE('',*,*,#1859,.F.);
#2459=ORIENTED_EDGE('',*,*,#1837,.F.);
#2460=ORIENTED_EDGE('',*,*,#1841,.F.);
#2461=ORIENTED_EDGE('',*,*,#1844,.F.);
#2462=ORIENTED_EDGE('',*,*,#1847,.F.);
#2463=ORIENTED_EDGE('',*,*,#1850,.F.);
#2464=ORIENTED_EDGE('',*,*,#1853,.F.);
#2465=ORIENTED_EDGE('',*,*,#1856,.F.);
#2466=ORIENTED_EDGE('',*,*,#1860,.F.);
#2467=ORIENTED_EDGE('',*,*,#1861,.T.);
#2468=ORIENTED_EDGE('',*,*,#1862,.T.);
#2469=ORIENTED_EDGE('',*,*,#1863,.F.);
#2470=ORIENTED_EDGE('',*,*,#1864,.F.);
#2471=ORIENTED_EDGE('',*,*,#1865,.T.);
#2472=ORIENTED_EDGE('',*,*,#1866,.T.);
#2473=ORIENTED_EDGE('',*,*,#1861,.F.);
#2474=ORIENTED_EDGE('',*,*,#1867,.F.);
#2475=ORIENTED_EDGE('',*,*,#1868,.T.);
#2476=ORIENTED_EDGE('',*,*,#1869,.T.);
#2477=ORIENTED_EDGE('',*,*,#1865,.F.);
#2478=ORIENTED_EDGE('',*,*,#1870,.F.);
#2479=ORIENTED_EDGE('',*,*,#1871,.T.);
#2480=ORIENTED_EDGE('',*,*,#1872,.T.);
#2481=ORIENTED_EDGE('',*,*,#1868,.F.);
#2482=ORIENTED_EDGE('',*,*,#1873,.F.);
#2483=ORIENTED_EDGE('',*,*,#1874,.T.);
#2484=ORIENTED_EDGE('',*,*,#1875,.T.);
#2485=ORIENTED_EDGE('',*,*,#1871,.F.);
#2486=ORIENTED_EDGE('',*,*,#1876,.F.);
#2487=ORIENTED_EDGE('',*,*,#1877,.T.);
#2488=ORIENTED_EDGE('',*,*,#1878,.T.);
#2489=ORIENTED_EDGE('',*,*,#1874,.F.);
#2490=ORIENTED_EDGE('',*,*,#1879,.F.);
#2491=ORIENTED_EDGE('',*,*,#1880,.T.);
#2492=ORIENTED_EDGE('',*,*,#1881,.T.);
#2493=ORIENTED_EDGE('',*,*,#1877,.F.);
#2494=ORIENTED_EDGE('',*,*,#1882,.F.);
#2495=ORIENTED_EDGE('',*,*,#1863,.T.);
#2496=ORIENTED_EDGE('',*,*,#1883,.T.);
#2497=ORIENTED_EDGE('',*,*,#1884,.F.);
#2498=ORIENTED_EDGE('',*,*,#1883,.F.);
#2499=ORIENTED_EDGE('',*,*,#1862,.F.);
#2500=ORIENTED_EDGE('',*,*,#1866,.F.);
#2501=ORIENTED_EDGE('',*,*,#1869,.F.);
#2502=ORIENTED_EDGE('',*,*,#1872,.F.);
#2503=ORIENTED_EDGE('',*,*,#1875,.F.);
#2504=ORIENTED_EDGE('',*,*,#1878,.F.);
#2505=ORIENTED_EDGE('',*,*,#1881,.F.);
#2506=ORIENTED_EDGE('',*,*,#1885,.F.);
#2507=ORIENTED_EDGE('',*,*,#1886,.T.);
#2508=ORIENTED_EDGE('',*,*,#1887,.T.);
#2509=ORIENTED_EDGE('',*,*,#1880,.F.);
#2510=ORIENTED_EDGE('',*,*,#1888,.F.);
#2511=ORIENTED_EDGE('',*,*,#1889,.T.);
#2512=ORIENTED_EDGE('',*,*,#1890,.T.);
#2513=ORIENTED_EDGE('',*,*,#1886,.F.);
#2514=ORIENTED_EDGE('',*,*,#1891,.F.);
#2515=ORIENTED_EDGE('',*,*,#1838,.T.);
#2516=ORIENTED_EDGE('',*,*,#1892,.T.);
#2517=ORIENTED_EDGE('',*,*,#1889,.F.);
#2518=ORIENTED_EDGE('',*,*,#1893,.F.);
#2519=ORIENTED_EDGE('',*,*,#1884,.T.);
#2520=ORIENTED_EDGE('',*,*,#1894,.T.);
#2521=ORIENTED_EDGE('',*,*,#1858,.F.);
#2522=ORIENTED_EDGE('',*,*,#1894,.F.);
#2523=ORIENTED_EDGE('',*,*,#1887,.F.);
#2524=ORIENTED_EDGE('',*,*,#1890,.F.);
#2525=ORIENTED_EDGE('',*,*,#1892,.F.);
#2526=ORIENTED_EDGE('',*,*,#1895,.F.);
#2527=ORIENTED_EDGE('',*,*,#1896,.F.);
#2528=ORIENTED_EDGE('',*,*,#1897,.F.);
#2529=ORIENTED_EDGE('',*,*,#1898,.F.);
#2530=ORIENTED_EDGE('',*,*,#1899,.F.);
#2531=ORIENTED_EDGE('',*,*,#1900,.F.);
#2532=ORIENTED_EDGE('',*,*,#1901,.F.);
#2533=ORIENTED_EDGE('',*,*,#1902,.F.);
#2534=ORIENTED_EDGE('',*,*,#1903,.F.);
#2535=ORIENTED_EDGE('',*,*,#1904,.F.);
#2536=ORIENTED_EDGE('',*,*,#1905,.F.);
#2537=ORIENTED_EDGE('',*,*,#1906,.F.);
#2538=ORIENTED_EDGE('',*,*,#1907,.F.);
#2539=ORIENTED_EDGE('',*,*,#1908,.F.);
#2540=ORIENTED_EDGE('',*,*,#1909,.F.);
#2541=ORIENTED_EDGE('',*,*,#1910,.F.);
#2542=ORIENTED_EDGE('',*,*,#1911,.F.);
#2543=ORIENTED_EDGE('',*,*,#1912,.F.);
#2544=ORIENTED_EDGE('',*,*,#1899,.T.);
#2545=ORIENTED_EDGE('',*,*,#1913,.F.);
#2546=ORIENTED_EDGE('',*,*,#1914,.F.);
#2547=ORIENTED_EDGE('',*,*,#1915,.T.);
#2548=ORIENTED_EDGE('',*,*,#1902,.T.);
#2549=ORIENTED_EDGE('',*,*,#1916,.F.);
#2550=ORIENTED_EDGE('',*,*,#1917,.F.);
#2551=ORIENTED_EDGE('',*,*,#1918,.F.);
#2552=ORIENTED_EDGE('',*,*,#1901,.T.);
#2553=ORIENTED_EDGE('',*,*,#1919,.T.);
#2554=ORIENTED_EDGE('',*,*,#1920,.T.);
#2555=ORIENTED_EDGE('',*,*,#1916,.T.);
#2556=ORIENTED_EDGE('',*,*,#1909,.T.);
#2557=ORIENTED_EDGE('',*,*,#1921,.F.);
#2558=ORIENTED_EDGE('',*,*,#1922,.F.);
#2559=ORIENTED_EDGE('',*,*,#1923,.T.);
#2560=ORIENTED_EDGE('',*,*,#1924,.F.);
#2561=ORIENTED_EDGE('',*,*,#1925,.T.);
#2562=ORIENTED_EDGE('',*,*,#1906,.T.);
#2563=ORIENTED_EDGE('',*,*,#1925,.F.);
#2564=ORIENTED_EDGE('',*,*,#1924,.T.);
#2565=ORIENTED_EDGE('',*,*,#1926,.F.);
#2566=ORIENTED_EDGE('',*,*,#1927,.T.);
#2567=ORIENTED_EDGE('',*,*,#1912,.T.);
#2568=ORIENTED_EDGE('',*,*,#1927,.F.);
#2569=ORIENTED_EDGE('',*,*,#1926,.T.);
#2570=ORIENTED_EDGE('',*,*,#1928,.F.);
#2571=ORIENTED_EDGE('',*,*,#1929,.T.);
#2572=ORIENTED_EDGE('',*,*,#1930,.F.);
#2573=ORIENTED_EDGE('',*,*,#1929,.F.);
#2574=ORIENTED_EDGE('',*,*,#1928,.T.);
#2575=ORIENTED_EDGE('',*,*,#1931,.F.);
#2576=ORIENTED_EDGE('',*,*,#1932,.T.);
#2577=ORIENTED_EDGE('',*,*,#1900,.T.);
#2578=ORIENTED_EDGE('',*,*,#1932,.F.);
#2579=ORIENTED_EDGE('',*,*,#1931,.T.);
#2580=ORIENTED_EDGE('',*,*,#1933,.F.);
#2581=ORIENTED_EDGE('',*,*,#1934,.F.);
#2582=ORIENTED_EDGE('',*,*,#1935,.F.);
#2583=ORIENTED_EDGE('',*,*,#1936,.T.);
#2584=ORIENTED_EDGE('',*,*,#1937,.F.);
#2585=ORIENTED_EDGE('',*,*,#1938,.F.);
#2586=ORIENTED_EDGE('',*,*,#1939,.F.);
#2587=ORIENTED_EDGE('',*,*,#1940,.F.);
#2588=ORIENTED_EDGE('',*,*,#1941,.F.);
#2589=ORIENTED_EDGE('',*,*,#1942,.F.);
#2590=ORIENTED_EDGE('',*,*,#1943,.F.);
#2591=ORIENTED_EDGE('',*,*,#1944,.T.);
#2592=ORIENTED_EDGE('',*,*,#1945,.F.);
#2593=ORIENTED_EDGE('',*,*,#1946,.F.);
#2594=ORIENTED_EDGE('',*,*,#1947,.F.);
#2595=ORIENTED_EDGE('',*,*,#1948,.F.);
#2596=ORIENTED_EDGE('',*,*,#1949,.F.);
#2597=ORIENTED_EDGE('',*,*,#1950,.F.);
#2598=ORIENTED_EDGE('',*,*,#1951,.F.);
#2599=ORIENTED_EDGE('',*,*,#1952,.T.);
#2600=ORIENTED_EDGE('',*,*,#1953,.F.);
#2601=ORIENTED_EDGE('',*,*,#1954,.T.);
#2602=ORIENTED_EDGE('',*,*,#1955,.F.);
#2603=ORIENTED_EDGE('',*,*,#1956,.F.);
#2604=ORIENTED_EDGE('',*,*,#1940,.T.);
#2605=ORIENTED_EDGE('',*,*,#1957,.T.);
#2606=ORIENTED_EDGE('',*,*,#1958,.T.);
#2607=ORIENTED_EDGE('',*,*,#1959,.F.);
#2608=ORIENTED_EDGE('',*,*,#1948,.T.);
#2609=ORIENTED_EDGE('',*,*,#1960,.F.);
#2610=ORIENTED_EDGE('',*,*,#1961,.T.);
#2611=ORIENTED_EDGE('',*,*,#1962,.T.);
#2612=ORIENTED_EDGE('',*,*,#1936,.F.);
#2613=ORIENTED_EDGE('',*,*,#1963,.F.);
#2614=ORIENTED_EDGE('',*,*,#1946,.T.);
#2615=ORIENTED_EDGE('',*,*,#1964,.F.);
#2616=ORIENTED_EDGE('',*,*,#1965,.T.);
#2617=ORIENTED_EDGE('',*,*,#1860,.T.);
#2618=ORIENTED_EDGE('',*,*,#1882,.T.);
#2619=ORIENTED_EDGE('',*,*,#1893,.T.);
#2620=ORIENTED_EDGE('',*,*,#1857,.T.);
#2621=ORIENTED_EDGE('',*,*,#1854,.T.);
#2622=ORIENTED_EDGE('',*,*,#1851,.T.);
#2623=ORIENTED_EDGE('',*,*,#1848,.T.);
#2624=ORIENTED_EDGE('',*,*,#1845,.T.);
#2625=ORIENTED_EDGE('',*,*,#1842,.T.);
#2626=ORIENTED_EDGE('',*,*,#1839,.T.);
#2627=ORIENTED_EDGE('',*,*,#1835,.T.);
#2628=ORIENTED_EDGE('',*,*,#1891,.T.);
#2629=ORIENTED_EDGE('',*,*,#1888,.T.);
#2630=ORIENTED_EDGE('',*,*,#1885,.T.);
#2631=ORIENTED_EDGE('',*,*,#1879,.T.);
#2632=ORIENTED_EDGE('',*,*,#1876,.T.);
#2633=ORIENTED_EDGE('',*,*,#1873,.T.);
#2634=ORIENTED_EDGE('',*,*,#1870,.T.);
#2635=ORIENTED_EDGE('',*,*,#1867,.T.);
#2636=ORIENTED_EDGE('',*,*,#1864,.T.);
#2637=ORIENTED_EDGE('',*,*,#1799,.T.);
#2638=ORIENTED_EDGE('',*,*,#1833,.T.);
#2639=ORIENTED_EDGE('',*,*,#1830,.T.);
#2640=ORIENTED_EDGE('',*,*,#1827,.T.);
#2641=ORIENTED_EDGE('',*,*,#1824,.T.);
#2642=ORIENTED_EDGE('',*,*,#1821,.T.);
#2643=ORIENTED_EDGE('',*,*,#1818,.T.);
#2644=ORIENTED_EDGE('',*,*,#1815,.T.);
#2645=ORIENTED_EDGE('',*,*,#1812,.T.);
#2646=ORIENTED_EDGE('',*,*,#1809,.T.);
#2647=ORIENTED_EDGE('',*,*,#1806,.T.);
#2648=ORIENTED_EDGE('',*,*,#1803,.T.);
#2649=ORIENTED_EDGE('',*,*,#1763,.T.);
#2650=ORIENTED_EDGE('',*,*,#1797,.T.);
#2651=ORIENTED_EDGE('',*,*,#1794,.T.);
#2652=ORIENTED_EDGE('',*,*,#1791,.T.);
#2653=ORIENTED_EDGE('',*,*,#1788,.T.);
#2654=ORIENTED_EDGE('',*,*,#1785,.T.);
#2655=ORIENTED_EDGE('',*,*,#1782,.T.);
#2656=ORIENTED_EDGE('',*,*,#1779,.T.);
#2657=ORIENTED_EDGE('',*,*,#1776,.T.);
#2658=ORIENTED_EDGE('',*,*,#1773,.T.);
#2659=ORIENTED_EDGE('',*,*,#1770,.T.);
#2660=ORIENTED_EDGE('',*,*,#1767,.T.);
#2661=ORIENTED_EDGE('',*,*,#1729,.T.);
#2662=ORIENTED_EDGE('',*,*,#1750,.T.);
#2663=ORIENTED_EDGE('',*,*,#1753,.T.);
#2664=ORIENTED_EDGE('',*,*,#1761,.T.);
#2665=ORIENTED_EDGE('',*,*,#1698,.T.);
#2666=ORIENTED_EDGE('',*,*,#1695,.T.);
#2667=ORIENTED_EDGE('',*,*,#1691,.T.);
#2668=ORIENTED_EDGE('',*,*,#1701,.T.);
#2669=ORIENTED_EDGE('',*,*,#1759,.T.);
#2670=ORIENTED_EDGE('',*,*,#1756,.T.);
#2671=ORIENTED_EDGE('',*,*,#1747,.T.);
#2672=ORIENTED_EDGE('',*,*,#1723,.T.);
#2673=ORIENTED_EDGE('',*,*,#1720,.T.);
#2674=ORIENTED_EDGE('',*,*,#1711,.T.);
#2675=ORIENTED_EDGE('',*,*,#1708,.T.);
#2676=ORIENTED_EDGE('',*,*,#1704,.T.);
#2677=ORIENTED_EDGE('',*,*,#1714,.T.);
#2678=ORIENTED_EDGE('',*,*,#1717,.T.);
#2679=ORIENTED_EDGE('',*,*,#1726,.T.);
#2680=ORIENTED_EDGE('',*,*,#1745,.T.);
#2681=ORIENTED_EDGE('',*,*,#1742,.T.);
#2682=ORIENTED_EDGE('',*,*,#1739,.T.);
#2683=ORIENTED_EDGE('',*,*,#1736,.T.);
#2684=ORIENTED_EDGE('',*,*,#1733,.T.);
#2685=ORIENTED_EDGE('',*,*,#1939,.T.);
#2686=ORIENTED_EDGE('',*,*,#1966,.F.);
#2687=ORIENTED_EDGE('',*,*,#1951,.T.);
#2688=ORIENTED_EDGE('',*,*,#1967,.T.);
#2689=ORIENTED_EDGE('',*,*,#1968,.T.);
#2690=ORIENTED_EDGE('',*,*,#1957,.F.);
#2691=ORIENTED_EDGE('',*,*,#1969,.T.);
#2692=ORIENTED_EDGE('',*,*,#1970,.F.);
#2693=ORIENTED_EDGE('',*,*,#1971,.T.);
#2694=ORIENTED_EDGE('',*,*,#1972,.F.);
#2695=ORIENTED_EDGE('',*,*,#1973,.T.);
#2696=ORIENTED_EDGE('',*,*,#1935,.T.);
#2697=ORIENTED_EDGE('',*,*,#1974,.T.);
#2698=ORIENTED_EDGE('',*,*,#1953,.T.);
#2699=ORIENTED_EDGE('',*,*,#1975,.T.);
#2700=ORIENTED_EDGE('',*,*,#1943,.T.);
#2701=ORIENTED_EDGE('',*,*,#1976,.T.);
#2702=ORIENTED_EDGE('',*,*,#1977,.T.);
#2703=ORIENTED_EDGE('',*,*,#1960,.T.);
#2704=ORIENTED_EDGE('',*,*,#1947,.T.);
#2705=ORIENTED_EDGE('',*,*,#1963,.T.);
#2706=ORIENTED_EDGE('',*,*,#1944,.F.);
#2707=ORIENTED_EDGE('',*,*,#1975,.F.);
#2708=ORIENTED_EDGE('',*,*,#1956,.T.);
#2709=ORIENTED_EDGE('',*,*,#1978,.F.);
#2710=ORIENTED_EDGE('',*,*,#1965,.F.);
#2711=ORIENTED_EDGE('',*,*,#1979,.T.);
#2712=ORIENTED_EDGE('',*,*,#1980,.F.);
#2713=ORIENTED_EDGE('',*,*,#1979,.F.);
#2714=ORIENTED_EDGE('',*,*,#1981,.F.);
#2715=ORIENTED_EDGE('',*,*,#1982,.F.);
#2716=ORIENTED_EDGE('',*,*,#1983,.F.);
#2717=ORIENTED_EDGE('',*,*,#1984,.T.);
#2718=ORIENTED_EDGE('',*,*,#1985,.F.);
#2719=ORIENTED_EDGE('',*,*,#1984,.F.);
#2720=ORIENTED_EDGE('',*,*,#1986,.F.);
#2721=ORIENTED_EDGE('',*,*,#1987,.T.);
#2722=ORIENTED_EDGE('',*,*,#1988,.F.);
#2723=ORIENTED_EDGE('',*,*,#1987,.F.);
#2724=ORIENTED_EDGE('',*,*,#1989,.F.);
#2725=ORIENTED_EDGE('',*,*,#1990,.T.);
#2726=ORIENTED_EDGE('',*,*,#1991,.T.);
#2727=ORIENTED_EDGE('',*,*,#1992,.T.);
#2728=ORIENTED_EDGE('',*,*,#1993,.T.);
#2729=ORIENTED_EDGE('',*,*,#1994,.T.);
#2730=ORIENTED_EDGE('',*,*,#1995,.T.);
#2731=ORIENTED_EDGE('',*,*,#1914,.T.);
#2732=ORIENTED_EDGE('',*,*,#1996,.T.);
#2733=ORIENTED_EDGE('',*,*,#1997,.T.);
#2734=ORIENTED_EDGE('',*,*,#1998,.T.);
#2735=ORIENTED_EDGE('',*,*,#1999,.T.);
#2736=ORIENTED_EDGE('',*,*,#2000,.T.);
#2737=ORIENTED_EDGE('',*,*,#1922,.T.);
#2738=ORIENTED_EDGE('',*,*,#2001,.T.);
#2739=ORIENTED_EDGE('',*,*,#2002,.T.);
#2740=ORIENTED_EDGE('',*,*,#2003,.T.);
#2741=ORIENTED_EDGE('',*,*,#2004,.T.);
#2742=ORIENTED_EDGE('',*,*,#2005,.T.);
#2743=ORIENTED_EDGE('',*,*,#2006,.T.);
#2744=ORIENTED_EDGE('',*,*,#2007,.T.);
#2745=ORIENTED_EDGE('',*,*,#2008,.T.);
#2746=ORIENTED_EDGE('',*,*,#1990,.F.);
#2747=ORIENTED_EDGE('',*,*,#2009,.F.);
#2748=ORIENTED_EDGE('',*,*,#1982,.T.);
#2749=ORIENTED_EDGE('',*,*,#2010,.T.);
#2750=ORIENTED_EDGE('',*,*,#2011,.T.);
#2751=ORIENTED_EDGE('',*,*,#2012,.T.);
#2752=ORIENTED_EDGE('',*,*,#2013,.T.);
#2753=ORIENTED_EDGE('',*,*,#2014,.F.);
#2754=ORIENTED_EDGE('',*,*,#2015,.T.);
#2755=ORIENTED_EDGE('',*,*,#2016,.T.);
#2756=ORIENTED_EDGE('',*,*,#2017,.T.);
#2757=ORIENTED_EDGE('',*,*,#2018,.T.);
#2758=ORIENTED_EDGE('',*,*,#2019,.T.);
#2759=ORIENTED_EDGE('',*,*,#2020,.F.);
#2760=ORIENTED_EDGE('',*,*,#2021,.F.);
#2761=ORIENTED_EDGE('',*,*,#2022,.F.);
#2762=ORIENTED_EDGE('',*,*,#2023,.T.);
#2763=ORIENTED_EDGE('',*,*,#2024,.F.);
#2764=ORIENTED_EDGE('',*,*,#2025,.F.);
#2765=ORIENTED_EDGE('',*,*,#2026,.F.);
#2766=ORIENTED_EDGE('',*,*,#2026,.T.);
#2767=ORIENTED_EDGE('',*,*,#2027,.F.);
#2768=ORIENTED_EDGE('',*,*,#2013,.F.);
#2769=ORIENTED_EDGE('',*,*,#2028,.T.);
#2770=ORIENTED_EDGE('',*,*,#2020,.T.);
#2771=ORIENTED_EDGE('',*,*,#2029,.F.);
#2772=ORIENTED_EDGE('',*,*,#2011,.F.);
#2773=ORIENTED_EDGE('',*,*,#2030,.T.);
#2774=ORIENTED_EDGE('',*,*,#2010,.F.);
#2775=ORIENTED_EDGE('',*,*,#2027,.T.);
#2776=ORIENTED_EDGE('',*,*,#2025,.T.);
#2777=ORIENTED_EDGE('',*,*,#2031,.F.);
#2778=ORIENTED_EDGE('',*,*,#2015,.F.);
#2779=ORIENTED_EDGE('',*,*,#2032,.F.);
#2780=ORIENTED_EDGE('',*,*,#2021,.T.);
#2781=ORIENTED_EDGE('',*,*,#2030,.F.);
#2782=ORIENTED_EDGE('',*,*,#2024,.T.);
#2783=ORIENTED_EDGE('',*,*,#2033,.F.);
#2784=ORIENTED_EDGE('',*,*,#1992,.F.);
#2785=ORIENTED_EDGE('',*,*,#2034,.T.);
#2786=ORIENTED_EDGE('',*,*,#2016,.F.);
#2787=ORIENTED_EDGE('',*,*,#2031,.T.);
#2788=ORIENTED_EDGE('',*,*,#1988,.T.);
#2789=ORIENTED_EDGE('',*,*,#2008,.F.);
#2790=ORIENTED_EDGE('',*,*,#2035,.T.);
#2791=ORIENTED_EDGE('',*,*,#2017,.F.);
#2792=ORIENTED_EDGE('',*,*,#2034,.F.);
#2793=ORIENTED_EDGE('',*,*,#1991,.F.);
#2794=ORIENTED_EDGE('',*,*,#1981,.T.);
#2795=ORIENTED_EDGE('',*,*,#1985,.T.);
#2796=ORIENTED_EDGE('',*,*,#2032,.T.);
#2797=ORIENTED_EDGE('',*,*,#2018,.F.);
#2798=ORIENTED_EDGE('',*,*,#2035,.F.);
#2799=ORIENTED_EDGE('',*,*,#2007,.F.);
#2800=ORIENTED_EDGE('',*,*,#2036,.T.);
#2801=ORIENTED_EDGE('',*,*,#2022,.T.);
#2802=ORIENTED_EDGE('',*,*,#2037,.F.);
#2803=ORIENTED_EDGE('',*,*,#2038,.F.);
#2804=ORIENTED_EDGE('',*,*,#2039,.F.);
#2805=ORIENTED_EDGE('',*,*,#2040,.F.);
#2806=ORIENTED_EDGE('',*,*,#1993,.F.);
#2807=ORIENTED_EDGE('',*,*,#2033,.T.);
#2808=ORIENTED_EDGE('',*,*,#2023,.F.);
#2809=ORIENTED_EDGE('',*,*,#2028,.F.);
#2810=ORIENTED_EDGE('',*,*,#2012,.F.);
#2811=ORIENTED_EDGE('',*,*,#2029,.T.);
#2812=ORIENTED_EDGE('',*,*,#2019,.F.);
#2813=ORIENTED_EDGE('',*,*,#2036,.F.);
#2814=ORIENTED_EDGE('',*,*,#2006,.F.);
#2815=ORIENTED_EDGE('',*,*,#2041,.T.);
#2816=ORIENTED_EDGE('',*,*,#2042,.F.);
#2817=ORIENTED_EDGE('',*,*,#2041,.F.);
#2818=ORIENTED_EDGE('',*,*,#2005,.F.);
#2819=ORIENTED_EDGE('',*,*,#2043,.T.);
#2820=ORIENTED_EDGE('',*,*,#1908,.T.);
#2821=ORIENTED_EDGE('',*,*,#2044,.F.);
#2822=ORIENTED_EDGE('',*,*,#2001,.F.);
#2823=ORIENTED_EDGE('',*,*,#1921,.T.);
#2824=ORIENTED_EDGE('',*,*,#1898,.T.);
#2825=ORIENTED_EDGE('',*,*,#2045,.F.);
#2826=ORIENTED_EDGE('',*,*,#1996,.F.);
#2827=ORIENTED_EDGE('',*,*,#1913,.T.);
#2828=ORIENTED_EDGE('',*,*,#2046,.F.);
#2829=ORIENTED_EDGE('',*,*,#2047,.T.);
#2830=ORIENTED_EDGE('',*,*,#2048,.F.);
#2831=ORIENTED_EDGE('',*,*,#2049,.T.);
#2832=ORIENTED_EDGE('',*,*,#2050,.F.);
#2833=ORIENTED_EDGE('',*,*,#2049,.F.);
#2834=ORIENTED_EDGE('',*,*,#2051,.F.);
#2835=ORIENTED_EDGE('',*,*,#2052,.F.);
#2836=ORIENTED_EDGE('',*,*,#2053,.F.);
#2837=ORIENTED_EDGE('',*,*,#2043,.F.);
#2838=ORIENTED_EDGE('',*,*,#2004,.F.);
#2839=ORIENTED_EDGE('',*,*,#2054,.T.);
#2840=ORIENTED_EDGE('',*,*,#2042,.T.);
#2841=ORIENTED_EDGE('',*,*,#2053,.T.);
#2842=ORIENTED_EDGE('',*,*,#2055,.T.);
#2843=ORIENTED_EDGE('',*,*,#2056,.T.);
#2844=ORIENTED_EDGE('',*,*,#2037,.T.);
#2845=ORIENTED_EDGE('',*,*,#2056,.F.);
#2846=ORIENTED_EDGE('',*,*,#2057,.T.);
#2847=ORIENTED_EDGE('',*,*,#2058,.F.);
#2848=ORIENTED_EDGE('',*,*,#2038,.T.);
#2849=ORIENTED_EDGE('',*,*,#2039,.T.);
#2850=ORIENTED_EDGE('',*,*,#2058,.T.);
#2851=ORIENTED_EDGE('',*,*,#2059,.T.);
#2852=ORIENTED_EDGE('',*,*,#2060,.T.);
#2853=ORIENTED_EDGE('',*,*,#2060,.F.);
#2854=ORIENTED_EDGE('',*,*,#2061,.F.);
#2855=ORIENTED_EDGE('',*,*,#1994,.F.);
#2856=ORIENTED_EDGE('',*,*,#2040,.T.);
#2857=ORIENTED_EDGE('',*,*,#1907,.T.);
#2858=ORIENTED_EDGE('',*,*,#2062,.F.);
#2859=ORIENTED_EDGE('',*,*,#2002,.F.);
#2860=ORIENTED_EDGE('',*,*,#2044,.T.);
#2861=ORIENTED_EDGE('',*,*,#2063,.F.);
#2862=ORIENTED_EDGE('',*,*,#2064,.F.);
#2863=ORIENTED_EDGE('',*,*,#1999,.F.);
#2864=ORIENTED_EDGE('',*,*,#2065,.T.);
#2865=ORIENTED_EDGE('',*,*,#2066,.T.);
#2866=ORIENTED_EDGE('',*,*,#2067,.T.);
#2867=ORIENTED_EDGE('',*,*,#2068,.F.);
#2868=ORIENTED_EDGE('',*,*,#2069,.F.);
#2869=ORIENTED_EDGE('',*,*,#1897,.T.);
#2870=ORIENTED_EDGE('',*,*,#2070,.F.);
#2871=ORIENTED_EDGE('',*,*,#1997,.F.);
#2872=ORIENTED_EDGE('',*,*,#2045,.T.);
#2873=ORIENTED_EDGE('',*,*,#2048,.T.);
#2874=ORIENTED_EDGE('',*,*,#2071,.T.);
#2875=ORIENTED_EDGE('',*,*,#2072,.F.);
#2876=ORIENTED_EDGE('',*,*,#2073,.F.);
#2877=ORIENTED_EDGE('',*,*,#2051,.T.);
#2878=ORIENTED_EDGE('',*,*,#1930,.T.);
#2879=ORIENTED_EDGE('',*,*,#1905,.T.);
#2880=ORIENTED_EDGE('',*,*,#2074,.F.);
#2881=ORIENTED_EDGE('',*,*,#2075,.F.);
#2882=ORIENTED_EDGE('',*,*,#1919,.F.);
#2883=ORIENTED_EDGE('',*,*,#2075,.T.);
#2884=ORIENTED_EDGE('',*,*,#2076,.T.);
#2885=ORIENTED_EDGE('',*,*,#2077,.T.);
#2886=ORIENTED_EDGE('',*,*,#2046,.T.);
#2887=ORIENTED_EDGE('',*,*,#2050,.T.);
#2888=ORIENTED_EDGE('',*,*,#2078,.F.);
#2889=ORIENTED_EDGE('',*,*,#2066,.F.);
#2890=ORIENTED_EDGE('',*,*,#2079,.F.);
#2891=ORIENTED_EDGE('',*,*,#1917,.T.);
#2892=ORIENTED_EDGE('',*,*,#1920,.F.);
#2893=ORIENTED_EDGE('',*,*,#2077,.F.);
#2894=ORIENTED_EDGE('',*,*,#2080,.F.);
#2895=ORIENTED_EDGE('',*,*,#2071,.F.);
#2896=ORIENTED_EDGE('',*,*,#2047,.F.);
#2897=ORIENTED_EDGE('',*,*,#2081,.T.);
#2898=ORIENTED_EDGE('',*,*,#2082,.T.);
#2899=ORIENTED_EDGE('',*,*,#2083,.F.);
#2900=ORIENTED_EDGE('',*,*,#2084,.F.);
#2901=ORIENTED_EDGE('',*,*,#2085,.T.);
#2902=ORIENTED_EDGE('',*,*,#2086,.T.);
#2903=ORIENTED_EDGE('',*,*,#2087,.F.);
#2904=ORIENTED_EDGE('',*,*,#2088,.T.);
#2905=ORIENTED_EDGE('',*,*,#2089,.T.);
#2906=ORIENTED_EDGE('',*,*,#2068,.T.);
#2907=ORIENTED_EDGE('',*,*,#2090,.T.);
#2908=ORIENTED_EDGE('',*,*,#2091,.T.);
#2909=ORIENTED_EDGE('',*,*,#2092,.T.);
#2910=ORIENTED_EDGE('',*,*,#2063,.T.);
#2911=ORIENTED_EDGE('',*,*,#2093,.T.);
#2912=ORIENTED_EDGE('',*,*,#2094,.T.);
#2913=ORIENTED_EDGE('',*,*,#2095,.T.);
#2914=ORIENTED_EDGE('',*,*,#2096,.T.);
#2915=ORIENTED_EDGE('',*,*,#2097,.F.);
#2916=ORIENTED_EDGE('',*,*,#2098,.F.);
#2917=ORIENTED_EDGE('',*,*,#2099,.T.);
#2918=ORIENTED_EDGE('',*,*,#2100,.T.);
#2919=ORIENTED_EDGE('',*,*,#2101,.F.);
#2920=ORIENTED_EDGE('',*,*,#2102,.F.);
#2921=ORIENTED_EDGE('',*,*,#2103,.T.);
#2922=ORIENTED_EDGE('',*,*,#1961,.F.);
#2923=ORIENTED_EDGE('',*,*,#1977,.F.);
#2924=ORIENTED_EDGE('',*,*,#2104,.F.);
#2925=ORIENTED_EDGE('',*,*,#1934,.T.);
#2926=ORIENTED_EDGE('',*,*,#2105,.F.);
#2927=ORIENTED_EDGE('',*,*,#1954,.F.);
#2928=ORIENTED_EDGE('',*,*,#1974,.F.);
#2929=ORIENTED_EDGE('',*,*,#1983,.T.);
#2930=ORIENTED_EDGE('',*,*,#2009,.T.);
#2931=ORIENTED_EDGE('',*,*,#1989,.T.);
#2932=ORIENTED_EDGE('',*,*,#1986,.T.);
#2933=ORIENTED_EDGE('',*,*,#1923,.F.);
#2934=ORIENTED_EDGE('',*,*,#2000,.F.);
#2935=ORIENTED_EDGE('',*,*,#2064,.T.);
#2936=ORIENTED_EDGE('',*,*,#2092,.F.);
#2937=ORIENTED_EDGE('',*,*,#2106,.F.);
#2938=ORIENTED_EDGE('',*,*,#2090,.F.);
#2939=ORIENTED_EDGE('',*,*,#2067,.F.);
#2940=ORIENTED_EDGE('',*,*,#2078,.T.);
#2941=ORIENTED_EDGE('',*,*,#2052,.T.);
#2942=ORIENTED_EDGE('',*,*,#2073,.T.);
#2943=ORIENTED_EDGE('',*,*,#2107,.T.);
#2944=ORIENTED_EDGE('',*,*,#2108,.F.);
#2945=ORIENTED_EDGE('',*,*,#2109,.F.);
#2946=ORIENTED_EDGE('',*,*,#1910,.T.);
#2947=ORIENTED_EDGE('',*,*,#2062,.T.);
#2948=ORIENTED_EDGE('',*,*,#1911,.T.);
#2949=ORIENTED_EDGE('',*,*,#2109,.T.);
#2950=ORIENTED_EDGE('',*,*,#2110,.F.);
#2951=ORIENTED_EDGE('',*,*,#2111,.F.);
#2952=ORIENTED_EDGE('',*,*,#1895,.T.);
#2953=ORIENTED_EDGE('',*,*,#1915,.F.);
#2954=ORIENTED_EDGE('',*,*,#1995,.F.);
#2955=ORIENTED_EDGE('',*,*,#2061,.T.);
#2956=ORIENTED_EDGE('',*,*,#2059,.F.);
#2957=ORIENTED_EDGE('',*,*,#2057,.F.);
#2958=ORIENTED_EDGE('',*,*,#2055,.F.);
#2959=ORIENTED_EDGE('',*,*,#2054,.F.);
#2960=ORIENTED_EDGE('',*,*,#2003,.F.);
#2961=ORIENTED_EDGE('',*,*,#2070,.T.);
#2962=ORIENTED_EDGE('',*,*,#1896,.T.);
#2963=ORIENTED_EDGE('',*,*,#2111,.T.);
#2964=ORIENTED_EDGE('',*,*,#2112,.F.);
#2965=ORIENTED_EDGE('',*,*,#2113,.T.);
#2966=ORIENTED_EDGE('',*,*,#1903,.T.);
#2967=ORIENTED_EDGE('',*,*,#1918,.T.);
#2968=ORIENTED_EDGE('',*,*,#2079,.T.);
#2969=ORIENTED_EDGE('',*,*,#2069,.T.);
#2970=ORIENTED_EDGE('',*,*,#2089,.F.);
#2971=ORIENTED_EDGE('',*,*,#2114,.F.);
#2972=ORIENTED_EDGE('',*,*,#2093,.F.);
#2973=ORIENTED_EDGE('',*,*,#2065,.F.);
#2974=ORIENTED_EDGE('',*,*,#1998,.F.);
#2975=ORIENTED_EDGE('',*,*,#1980,.T.);
#2976=ORIENTED_EDGE('',*,*,#2080,.T.);
#2977=ORIENTED_EDGE('',*,*,#2076,.F.);
#2978=ORIENTED_EDGE('',*,*,#2074,.T.);
#2979=ORIENTED_EDGE('',*,*,#1904,.T.);
#2980=ORIENTED_EDGE('',*,*,#2113,.F.);
#2981=ORIENTED_EDGE('',*,*,#2115,.F.);
#2982=ORIENTED_EDGE('',*,*,#2107,.F.);
#2983=ORIENTED_EDGE('',*,*,#2072,.T.);
#2984=ORIENTED_EDGE('',*,*,#2116,.T.);
#2985=ORIENTED_EDGE('',*,*,#2117,.F.);
#2986=ORIENTED_EDGE('',*,*,#2118,.F.);
#2987=ORIENTED_EDGE('',*,*,#2100,.F.);
#2988=ORIENTED_EDGE('',*,*,#2119,.T.);
#2989=ORIENTED_EDGE('',*,*,#2102,.T.);
#2990=ORIENTED_EDGE('',*,*,#2120,.F.);
#2991=ORIENTED_EDGE('',*,*,#2121,.F.);
#2992=ORIENTED_EDGE('',*,*,#2122,.T.);
#2993=ORIENTED_EDGE('',*,*,#2123,.F.);
#2994=ORIENTED_EDGE('',*,*,#2124,.F.);
#2995=ORIENTED_EDGE('',*,*,#2082,.F.);
#2996=ORIENTED_EDGE('',*,*,#2125,.T.);
#2997=ORIENTED_EDGE('',*,*,#2084,.T.);
#2998=ORIENTED_EDGE('',*,*,#2126,.F.);
#2999=ORIENTED_EDGE('',*,*,#2127,.F.);
#3000=ORIENTED_EDGE('',*,*,#2128,.T.);
#3001=ORIENTED_EDGE('',*,*,#2129,.F.);
#3002=ORIENTED_EDGE('',*,*,#2130,.F.);
#3003=ORIENTED_EDGE('',*,*,#2086,.F.);
#3004=ORIENTED_EDGE('',*,*,#2131,.T.);
#3005=ORIENTED_EDGE('',*,*,#2088,.F.);
#3006=ORIENTED_EDGE('',*,*,#2132,.F.);
#3007=ORIENTED_EDGE('',*,*,#2133,.F.);
#3008=ORIENTED_EDGE('',*,*,#2134,.F.);
#3009=ORIENTED_EDGE('',*,*,#2135,.F.);
#3010=ORIENTED_EDGE('',*,*,#2128,.F.);
#3011=ORIENTED_EDGE('',*,*,#2085,.F.);
#3012=ORIENTED_EDGE('',*,*,#2131,.F.);
#3013=ORIENTED_EDGE('',*,*,#2136,.F.);
#3014=ORIENTED_EDGE('',*,*,#2137,.F.);
#3015=ORIENTED_EDGE('',*,*,#2138,.F.);
#3016=ORIENTED_EDGE('',*,*,#2122,.F.);
#3017=ORIENTED_EDGE('',*,*,#2081,.F.);
#3018=ORIENTED_EDGE('',*,*,#2125,.F.);
#3019=ORIENTED_EDGE('',*,*,#2139,.F.);
#3020=ORIENTED_EDGE('',*,*,#2140,.F.);
#3021=ORIENTED_EDGE('',*,*,#2141,.T.);
#3022=ORIENTED_EDGE('',*,*,#2142,.F.);
#3023=ORIENTED_EDGE('',*,*,#2137,.T.);
#3024=ORIENTED_EDGE('',*,*,#2141,.F.);
#3025=ORIENTED_EDGE('',*,*,#2143,.T.);
#3026=ORIENTED_EDGE('',*,*,#2144,.T.);
#3027=ORIENTED_EDGE('',*,*,#2145,.F.);
#3028=ORIENTED_EDGE('',*,*,#2144,.F.);
#3029=ORIENTED_EDGE('',*,*,#2146,.F.);
#3030=ORIENTED_EDGE('',*,*,#2147,.F.);
#3031=ORIENTED_EDGE('',*,*,#2148,.F.);
#3032=ORIENTED_EDGE('',*,*,#2149,.F.);
#3033=ORIENTED_EDGE('',*,*,#2150,.T.);
#3034=ORIENTED_EDGE('',*,*,#2147,.T.);
#3035=ORIENTED_EDGE('',*,*,#2151,.F.);
#3036=ORIENTED_EDGE('',*,*,#2152,.F.);
#3037=ORIENTED_EDGE('',*,*,#2149,.T.);
#3038=ORIENTED_EDGE('',*,*,#2153,.F.);
#3039=ORIENTED_EDGE('',*,*,#2154,.T.);
#3040=ORIENTED_EDGE('',*,*,#2155,.T.);
#3041=ORIENTED_EDGE('',*,*,#2156,.F.);
#3042=ORIENTED_EDGE('',*,*,#2157,.F.);
#3043=ORIENTED_EDGE('',*,*,#2096,.F.);
#3044=ORIENTED_EDGE('',*,*,#2094,.F.);
#3045=ORIENTED_EDGE('',*,*,#2114,.T.);
#3046=ORIENTED_EDGE('',*,*,#2091,.F.);
#3047=ORIENTED_EDGE('',*,*,#2106,.T.);
#3048=ORIENTED_EDGE('',*,*,#2087,.T.);
#3049=ORIENTED_EDGE('',*,*,#2130,.T.);
#3050=ORIENTED_EDGE('',*,*,#2158,.T.);
#3051=ORIENTED_EDGE('',*,*,#2132,.T.);
#3052=ORIENTED_EDGE('',*,*,#2157,.T.);
#3053=ORIENTED_EDGE('',*,*,#2159,.T.);
#3054=ORIENTED_EDGE('',*,*,#2160,.T.);
#3055=ORIENTED_EDGE('',*,*,#2097,.T.);
#3056=ORIENTED_EDGE('',*,*,#2161,.T.);
#3057=ORIENTED_EDGE('',*,*,#2126,.T.);
#3058=ORIENTED_EDGE('',*,*,#2083,.T.);
#3059=ORIENTED_EDGE('',*,*,#2124,.T.);
#3060=ORIENTED_EDGE('',*,*,#2120,.T.);
#3061=ORIENTED_EDGE('',*,*,#2101,.T.);
#3062=ORIENTED_EDGE('',*,*,#2118,.T.);
#3063=ORIENTED_EDGE('',*,*,#2162,.T.);
#3064=ORIENTED_EDGE('',*,*,#2163,.T.);
#3065=ORIENTED_EDGE('',*,*,#2098,.T.);
#3066=ORIENTED_EDGE('',*,*,#2160,.F.);
#3067=ORIENTED_EDGE('',*,*,#2164,.F.);
#3068=ORIENTED_EDGE('',*,*,#2165,.F.);
#3069=ORIENTED_EDGE('',*,*,#2166,.F.);
#3070=ORIENTED_EDGE('',*,*,#2116,.F.);
#3071=ORIENTED_EDGE('',*,*,#2099,.F.);
#3072=ORIENTED_EDGE('',*,*,#2119,.F.);
#3073=ORIENTED_EDGE('',*,*,#2167,.F.);
#3074=ORIENTED_EDGE('',*,*,#2154,.F.);
#3075=ORIENTED_EDGE('',*,*,#2168,.F.);
#3076=ORIENTED_EDGE('',*,*,#2155,.F.);
#3077=ORIENTED_EDGE('',*,*,#2095,.F.);
#3078=ORIENTED_EDGE('',*,*,#2163,.F.);
#3079=ORIENTED_EDGE('',*,*,#2169,.F.);
#3080=ORIENTED_EDGE('',*,*,#2170,.F.);
#3081=ORIENTED_EDGE('',*,*,#2171,.T.);
#3082=ORIENTED_EDGE('',*,*,#2172,.F.);
#3083=ORIENTED_EDGE('',*,*,#2165,.T.);
#3084=ORIENTED_EDGE('',*,*,#2173,.F.);
#3085=ORIENTED_EDGE('',*,*,#2174,.T.);
#3086=ORIENTED_EDGE('',*,*,#2175,.F.);
#3087=ORIENTED_EDGE('',*,*,#2134,.T.);
#3088=ORIENTED_EDGE('',*,*,#1942,.T.);
#3089=ORIENTED_EDGE('',*,*,#2176,.T.);
#3090=ORIENTED_EDGE('',*,*,#2104,.T.);
#3091=ORIENTED_EDGE('',*,*,#1976,.F.);
#3092=ORIENTED_EDGE('',*,*,#1941,.T.);
#3093=ORIENTED_EDGE('',*,*,#1959,.T.);
#3094=ORIENTED_EDGE('',*,*,#2177,.T.);
#3095=ORIENTED_EDGE('',*,*,#2178,.F.);
#3096=ORIENTED_EDGE('',*,*,#1949,.T.);
#3097=ORIENTED_EDGE('',*,*,#1962,.F.);
#3098=ORIENTED_EDGE('',*,*,#2103,.F.);
#3099=ORIENTED_EDGE('',*,*,#2176,.F.);
#3100=ORIENTED_EDGE('',*,*,#1933,.T.);
#3101=ORIENTED_EDGE('',*,*,#1964,.T.);
#3102=ORIENTED_EDGE('',*,*,#1945,.T.);
#3103=ORIENTED_EDGE('',*,*,#2179,.T.);
#3104=ORIENTED_EDGE('',*,*,#1937,.T.);
#3105=ORIENTED_EDGE('',*,*,#1978,.T.);
#3106=ORIENTED_EDGE('',*,*,#1955,.T.);
#3107=ORIENTED_EDGE('',*,*,#2105,.T.);
#3108=ORIENTED_EDGE('',*,*,#2115,.T.);
#3109=ORIENTED_EDGE('',*,*,#2112,.T.);
#3110=ORIENTED_EDGE('',*,*,#2110,.T.);
#3111=ORIENTED_EDGE('',*,*,#2108,.T.);
#3112=ORIENTED_EDGE('',*,*,#2171,.F.);
#3113=ORIENTED_EDGE('',*,*,#2180,.T.);
#3114=ORIENTED_EDGE('',*,*,#1972,.T.);
#3115=ORIENTED_EDGE('',*,*,#2181,.F.);
#3116=ORIENTED_EDGE('',*,*,#2173,.T.);
#3117=ORIENTED_EDGE('',*,*,#2139,.T.);
#3118=ORIENTED_EDGE('',*,*,#2127,.T.);
#3119=ORIENTED_EDGE('',*,*,#2161,.F.);
#3120=ORIENTED_EDGE('',*,*,#2123,.T.);
#3121=ORIENTED_EDGE('',*,*,#2138,.T.);
#3122=ORIENTED_EDGE('',*,*,#2142,.T.);
#3123=ORIENTED_EDGE('',*,*,#2145,.T.);
#3124=ORIENTED_EDGE('',*,*,#2148,.T.);
#3125=ORIENTED_EDGE('',*,*,#2150,.F.);
#3126=ORIENTED_EDGE('',*,*,#2152,.T.);
#3127=ORIENTED_EDGE('',*,*,#2167,.T.);
#3128=ORIENTED_EDGE('',*,*,#2121,.T.);
#3129=ORIENTED_EDGE('',*,*,#2162,.F.);
#3130=ORIENTED_EDGE('',*,*,#2117,.T.);
#3131=ORIENTED_EDGE('',*,*,#2166,.T.);
#3132=ORIENTED_EDGE('',*,*,#2172,.T.);
#3133=ORIENTED_EDGE('',*,*,#2181,.T.);
#3134=ORIENTED_EDGE('',*,*,#1971,.F.);
#3135=ORIENTED_EDGE('',*,*,#2182,.F.);
#3136=ORIENTED_EDGE('',*,*,#2174,.F.);
#3137=ORIENTED_EDGE('',*,*,#2182,.T.);
#3138=ORIENTED_EDGE('',*,*,#1970,.T.);
#3139=ORIENTED_EDGE('',*,*,#2183,.F.);
#3140=ORIENTED_EDGE('',*,*,#2175,.T.);
#3141=ORIENTED_EDGE('',*,*,#2183,.T.);
#3142=ORIENTED_EDGE('',*,*,#1969,.F.);
#3143=ORIENTED_EDGE('',*,*,#2180,.F.);
#3144=ORIENTED_EDGE('',*,*,#2170,.T.);
#3145=ORIENTED_EDGE('',*,*,#2169,.T.);
#3146=ORIENTED_EDGE('',*,*,#2164,.T.);
#3147=ORIENTED_EDGE('',*,*,#2159,.F.);
#3148=ORIENTED_EDGE('',*,*,#2156,.T.);
#3149=ORIENTED_EDGE('',*,*,#2168,.T.);
#3150=ORIENTED_EDGE('',*,*,#2153,.T.);
#3151=ORIENTED_EDGE('',*,*,#2151,.T.);
#3152=ORIENTED_EDGE('',*,*,#2146,.T.);
#3153=ORIENTED_EDGE('',*,*,#2143,.F.);
#3154=ORIENTED_EDGE('',*,*,#2140,.T.);
#3155=ORIENTED_EDGE('',*,*,#2136,.T.);
#3156=ORIENTED_EDGE('',*,*,#2133,.T.);
#3157=ORIENTED_EDGE('',*,*,#2158,.F.);
#3158=ORIENTED_EDGE('',*,*,#2129,.T.);
#3159=ORIENTED_EDGE('',*,*,#2135,.T.);
#3160=ORIENTED_EDGE('',*,*,#1968,.F.);
#3161=ORIENTED_EDGE('',*,*,#2184,.F.);
#3162=ORIENTED_EDGE('',*,*,#2177,.F.);
#3163=ORIENTED_EDGE('',*,*,#1958,.F.);
#3164=ORIENTED_EDGE('',*,*,#1950,.T.);
#3165=ORIENTED_EDGE('',*,*,#2178,.T.);
#3166=ORIENTED_EDGE('',*,*,#2184,.T.);
#3167=ORIENTED_EDGE('',*,*,#1967,.F.);
#3168=ORIENTED_EDGE('',*,*,#1938,.T.);
#3169=ORIENTED_EDGE('',*,*,#2179,.F.);
#3170=ORIENTED_EDGE('',*,*,#1952,.F.);
#3171=ORIENTED_EDGE('',*,*,#1966,.T.);
#3172=ORIENTED_EDGE('',*,*,#1973,.F.);
#3173=ORIENTED_EDGE('',*,*,#2185,.T.);
#3174=ORIENTED_EDGE('',*,*,#2014,.T.);
#3175=ORIENTED_EDGE('',*,*,#2185,.F.);
#3176=PLANE('',#3512);
#3177=PLANE('',#3513);
#3178=PLANE('',#3514);
#3179=PLANE('',#3515);
#3180=PLANE('',#3516);
#3181=PLANE('',#3517);
#3182=PLANE('',#3518);
#3183=PLANE('',#3519);
#3184=PLANE('',#3520);
#3185=PLANE('',#3521);
#3186=PLANE('',#3522);
#3187=PLANE('',#3523);
#3188=PLANE('',#3524);
#3189=PLANE('',#3525);
#3190=PLANE('',#3526);
#3191=PLANE('',#3527);
#3192=PLANE('',#3528);
#3193=PLANE('',#3529);
#3194=PLANE('',#3530);
#3195=PLANE('',#3531);
#3196=PLANE('',#3532);
#3197=PLANE('',#3533);
#3198=PLANE('',#3534);
#3199=PLANE('',#3535);
#3200=PLANE('',#3536);
#3201=PLANE('',#3537);
#3202=PLANE('',#3538);
#3203=PLANE('',#3539);
#3204=PLANE('',#3540);
#3205=PLANE('',#3541);
#3206=PLANE('',#3542);
#3207=PLANE('',#3543);
#3208=PLANE('',#3544);
#3209=PLANE('',#3545);
#3210=PLANE('',#3546);
#3211=PLANE('',#3547);
#3212=PLANE('',#3548);
#3213=PLANE('',#3549);
#3214=PLANE('',#3550);
#3215=PLANE('',#3551);
#3216=PLANE('',#3552);
#3217=PLANE('',#3553);
#3218=PLANE('',#3554);
#3219=PLANE('',#3555);
#3220=PLANE('',#3556);
#3221=PLANE('',#3557);
#3222=PLANE('',#3558);
#3223=PLANE('',#3559);
#3224=PLANE('',#3560);
#3225=PLANE('',#3561);
#3226=PLANE('',#3562);
#3227=PLANE('',#3563);
#3228=PLANE('',#3564);
#3229=PLANE('',#3565);
#3230=PLANE('',#3566);
#3231=PLANE('',#3567);
#3232=PLANE('',#3568);
#3233=PLANE('',#3569);
#3234=PLANE('',#3570);
#3235=PLANE('',#3571);
#3236=PLANE('',#3572);
#3237=PLANE('',#3573);
#3238=PLANE('',#3574);
#3239=PLANE('',#3575);
#3240=PLANE('',#3576);
#3241=PLANE('',#3577);
#3242=PLANE('',#3578);
#3243=PLANE('',#3579);
#3244=PLANE('',#3580);
#3245=PLANE('',#3581);
#3246=PLANE('',#3582);
#3247=PLANE('',#3583);
#3248=PLANE('',#3584);
#3249=PLANE('',#3585);
#3250=PLANE('',#3586);
#3251=PLANE('',#3587);
#3252=PLANE('',#3588);
#3253=PLANE('',#3589);
#3254=PLANE('',#3590);
#3255=PLANE('',#3593);
#3256=PLANE('',#3596);
#3257=PLANE('',#3599);
#3258=PLANE('',#3600);
#3259=PLANE('',#3603);
#3260=PLANE('',#3606);
#3261=PLANE('',#3609);
#3262=PLANE('',#3613);
#3263=PLANE('',#3616);
#3264=PLANE('',#3633);
#3265=PLANE('',#3634);
#3266=PLANE('',#3635);
#3267=PLANE('',#3637);
#3268=PLANE('',#3639);
#3269=PLANE('',#3640);
#3270=PLANE('',#3643);
#3271=PLANE('',#3644);
#3272=PLANE('',#3645);
#3273=PLANE('',#3646);
#3274=PLANE('',#3649);
#3275=PLANE('',#3651);
#3276=PLANE('',#3652);
#3277=PLANE('',#3653);
#3278=PLANE('',#3654);
#3279=PLANE('',#3655);
#3280=PLANE('',#3656);
#3281=PLANE('',#3657);
#3282=PLANE('',#3658);
#3283=PLANE('',#3659);
#3284=PLANE('',#3660);
#3285=PLANE('',#3663);
#3286=PLANE('',#3669);
#3287=PLANE('',#3670);
#3288=PLANE('',#3673);
#3289=PLANE('',#3676);
#3290=PLANE('',#3677);
#3291=PLANE('',#3678);
#3292=PLANE('',#3679);
#3293=PLANE('',#3680);
#3294=PLANE('',#3681);
#3295=PLANE('',#3682);
#3296=PLANE('',#3683);
#3297=PLANE('',#3684);
#3298=PLANE('',#3685);
#3299=PLANE('',#3686);
#3300=PLANE('',#3693);
#3301=PLANE('',#3694);
#3302=PLANE('',#3695);
#3303=PLANE('',#3696);
#3304=PLANE('',#3697);
#3305=PLANE('',#3698);
#3306=PLANE('',#3699);
#3307=PLANE('',#3700);
#3308=PLANE('',#3701);
#3309=PLANE('',#3702);
#3310=PLANE('',#3703);
#3311=PLANE('',#3704);
#3312=PLANE('',#3705);
#3313=PLANE('',#3706);
#3314=PLANE('',#3707);
#3315=PLANE('',#3711);
#3316=PLANE('',#3712);
#3317=PLANE('',#3713);
#3318=PLANE('',#3717);
#3319=PLANE('',#3718);
#3320=PLANE('',#3719);
#3321=PLANE('',#3720);
#3322=PLANE('',#3727);
#3323=PLANE('',#3728);
#3324=PLANE('',#3729);
#3325=PLANE('',#3730);
#3326=PLANE('',#3731);
#3327=PLANE('',#3732);
#3328=PLANE('',#3733);
#3329=PLANE('',#3734);
#3330=PLANE('',#3735);
#3331=PLANE('',#3736);
#3332=ADVANCED_FACE('',(#104),#3176,.F.);
#3333=ADVANCED_FACE('',(#105),#3177,.F.);
#3334=ADVANCED_FACE('',(#106),#3178,.F.);
#3335=ADVANCED_FACE('',(#107),#3179,.F.);
#3336=ADVANCED_FACE('',(#108),#3180,.F.);
#3337=ADVANCED_FACE('',(#109),#3181,.F.);
#3338=ADVANCED_FACE('',(#110),#3182,.F.);
#3339=ADVANCED_FACE('',(#111),#3183,.F.);
#3340=ADVANCED_FACE('',(#112),#3184,.F.);
#3341=ADVANCED_FACE('',(#113),#3185,.F.);
#3342=ADVANCED_FACE('',(#114),#3186,.F.);
#3343=ADVANCED_FACE('',(#115),#3187,.F.);
#3344=ADVANCED_FACE('',(#116),#3188,.F.);
#3345=ADVANCED_FACE('',(#117),#3189,.F.);
#3346=ADVANCED_FACE('',(#118),#3190,.F.);
#3347=ADVANCED_FACE('',(#119),#3191,.F.);
#3348=ADVANCED_FACE('',(#120),#3192,.F.);
#3349=ADVANCED_FACE('',(#121),#3193,.F.);
#3350=ADVANCED_FACE('',(#122),#3194,.F.);
#3351=ADVANCED_FACE('',(#123),#3195,.F.);
#3352=ADVANCED_FACE('',(#124),#3196,.F.);
#3353=ADVANCED_FACE('',(#125),#3197,.F.);
#3354=ADVANCED_FACE('',(#126),#3198,.F.);
#3355=ADVANCED_FACE('',(#127),#3199,.F.);
#3356=ADVANCED_FACE('',(#128),#3200,.F.);
#3357=ADVANCED_FACE('',(#129),#3201,.F.);
#3358=ADVANCED_FACE('',(#130),#3202,.F.);
#3359=ADVANCED_FACE('',(#131),#3203,.F.);
#3360=ADVANCED_FACE('',(#132),#3204,.F.);
#3361=ADVANCED_FACE('',(#133),#3205,.F.);
#3362=ADVANCED_FACE('',(#134),#3206,.F.);
#3363=ADVANCED_FACE('',(#135),#3207,.F.);
#3364=ADVANCED_FACE('',(#136),#3208,.F.);
#3365=ADVANCED_FACE('',(#137),#3209,.F.);
#3366=ADVANCED_FACE('',(#138),#3210,.F.);
#3367=ADVANCED_FACE('',(#139),#3211,.F.);
#3368=ADVANCED_FACE('',(#140),#3212,.F.);
#3369=ADVANCED_FACE('',(#141),#3213,.F.);
#3370=ADVANCED_FACE('',(#142),#3214,.F.);
#3371=ADVANCED_FACE('',(#143),#3215,.F.);
#3372=ADVANCED_FACE('',(#144),#3216,.F.);
#3373=ADVANCED_FACE('',(#145),#3217,.F.);
#3374=ADVANCED_FACE('',(#146),#3218,.F.);
#3375=ADVANCED_FACE('',(#147),#3219,.F.);
#3376=ADVANCED_FACE('',(#148),#3220,.F.);
#3377=ADVANCED_FACE('',(#149),#3221,.F.);
#3378=ADVANCED_FACE('',(#150),#3222,.F.);
#3379=ADVANCED_FACE('',(#151),#3223,.F.);
#3380=ADVANCED_FACE('',(#152),#3224,.F.);
#3381=ADVANCED_FACE('',(#153),#3225,.F.);
#3382=ADVANCED_FACE('',(#154),#3226,.F.);
#3383=ADVANCED_FACE('',(#155),#3227,.F.);
#3384=ADVANCED_FACE('',(#156),#3228,.F.);
#3385=ADVANCED_FACE('',(#157),#3229,.F.);
#3386=ADVANCED_FACE('',(#158),#3230,.F.);
#3387=ADVANCED_FACE('',(#159),#3231,.F.);
#3388=ADVANCED_FACE('',(#160),#3232,.F.);
#3389=ADVANCED_FACE('',(#161),#3233,.F.);
#3390=ADVANCED_FACE('',(#162),#3234,.F.);
#3391=ADVANCED_FACE('',(#163),#3235,.F.);
#3392=ADVANCED_FACE('',(#164),#3236,.F.);
#3393=ADVANCED_FACE('',(#165),#3237,.F.);
#3394=ADVANCED_FACE('',(#166),#3238,.F.);
#3395=ADVANCED_FACE('',(#167),#3239,.F.);
#3396=ADVANCED_FACE('',(#168),#3240,.F.);
#3397=ADVANCED_FACE('',(#169),#3241,.F.);
#3398=ADVANCED_FACE('',(#170),#3242,.F.);
#3399=ADVANCED_FACE('',(#171),#3243,.F.);
#3400=ADVANCED_FACE('',(#172),#3244,.F.);
#3401=ADVANCED_FACE('',(#173),#3245,.F.);
#3402=ADVANCED_FACE('',(#174),#3246,.F.);
#3403=ADVANCED_FACE('',(#175),#3247,.F.);
#3404=ADVANCED_FACE('',(#176),#3248,.F.);
#3405=ADVANCED_FACE('',(#177),#3249,.F.);
#3406=ADVANCED_FACE('',(#178),#3250,.F.);
#3407=ADVANCED_FACE('',(#179),#3251,.F.);
#3408=ADVANCED_FACE('',(#180),#3252,.F.);
#3409=ADVANCED_FACE('',(#181),#3253,.F.);
#3410=ADVANCED_FACE('',(#182,#37),#3254,.T.);
#3411=ADVANCED_FACE('',(#183,#38),#3255,.T.);
#3412=ADVANCED_FACE('',(#184,#39),#3256,.T.);
#3413=ADVANCED_FACE('',(#185),#3257,.T.);
#3414=ADVANCED_FACE('',(#186),#3258,.T.);
#3415=ADVANCED_FACE('',(#187),#15,.T.);
#3416=ADVANCED_FACE('',(#188),#3259,.T.);
#3417=ADVANCED_FACE('',(#189),#16,.F.);
#3418=ADVANCED_FACE('',(#190),#3260,.T.);
#3419=ADVANCED_FACE('',(#191),#17,.F.);
#3420=ADVANCED_FACE('',(#192),#3261,.T.);
#3421=ADVANCED_FACE('',(#193),#18,.F.);
#3422=ADVANCED_FACE('',(#194),#3262,.T.);
#3423=ADVANCED_FACE('',(#195),#19,.F.);
#3424=ADVANCED_FACE('',(#196),#3263,.T.);
#3425=ADVANCED_FACE('',(#197),#20,.T.);
#3426=ADVANCED_FACE('',(#198),#21,.T.);
#3427=ADVANCED_FACE('',(#199),#22,.T.);
#3428=ADVANCED_FACE('',(#200),#23,.T.);
#3429=ADVANCED_FACE('',(#201),#3264,.F.);
#3430=ADVANCED_FACE('',(#202),#3265,.F.);
#3431=ADVANCED_FACE('',(#203,#40,#41,#42,#43,#44),#3266,.T.);
#3432=ADVANCED_FACE('',(#204,#45,#46),#3267,.F.);
#3433=ADVANCED_FACE('',(#205),#3268,.T.);
#3434=ADVANCED_FACE('',(#206),#3269,.T.);
#3435=ADVANCED_FACE('',(#207),#24,.F.);
#3436=ADVANCED_FACE('',(#208),#3270,.F.);
#3437=ADVANCED_FACE('',(#209),#3271,.F.);
#3438=ADVANCED_FACE('',(#210),#3272,.F.);
#3439=ADVANCED_FACE('',(#211,#47),#3273,.T.);
#3440=ADVANCED_FACE('',(#212),#3274,.T.);
#3441=ADVANCED_FACE('',(#213),#3275,.F.);
#3442=ADVANCED_FACE('',(#214),#3276,.T.);
#3443=ADVANCED_FACE('',(#215),#3277,.T.);
#3444=ADVANCED_FACE('',(#216),#3278,.T.);
#3445=ADVANCED_FACE('',(#217),#3279,.T.);
#3446=ADVANCED_FACE('',(#218),#3280,.T.);
#3447=ADVANCED_FACE('',(#219),#3281,.T.);
#3448=ADVANCED_FACE('',(#220),#3282,.T.);
#3449=ADVANCED_FACE('',(#221),#3283,.T.);
#3450=ADVANCED_FACE('',(#222),#3284,.T.);
#3451=ADVANCED_FACE('',(#223),#3285,.T.);
#3452=ADVANCED_FACE('',(#224),#25,.T.);
#3453=ADVANCED_FACE('',(#225),#26,.T.);
#3454=ADVANCED_FACE('',(#226),#27,.T.);
#3455=ADVANCED_FACE('',(#227),#3286,.T.);
#3456=ADVANCED_FACE('',(#228),#3287,.T.);
#3457=ADVANCED_FACE('',(#229),#28,.T.);
#3458=ADVANCED_FACE('',(#230),#3288,.T.);
#3459=ADVANCED_FACE('',(#231),#29,.T.);
#3460=ADVANCED_FACE('',(#232),#3289,.T.);
#3461=ADVANCED_FACE('',(#233),#3290,.T.);
#3462=ADVANCED_FACE('',(#234),#3291,.T.);
#3463=ADVANCED_FACE('',(#235),#3292,.T.);
#3464=ADVANCED_FACE('',(#236),#3293,.T.);
#3465=ADVANCED_FACE('',(#237,#48),#3294,.T.);
#3466=ADVANCED_FACE('',(#238),#3295,.T.);
#3467=ADVANCED_FACE('',(#239),#3296,.T.);
#3468=ADVANCED_FACE('',(#240),#3297,.T.);
#3469=ADVANCED_FACE('',(#241),#3298,.T.);
#3470=ADVANCED_FACE('',(#242),#3299,.T.);
#3471=ADVANCED_FACE('',(#243),#30,.T.);
#3472=ADVANCED_FACE('',(#244),#31,.T.);
#3473=ADVANCED_FACE('',(#245),#3300,.T.);
#3474=ADVANCED_FACE('',(#246),#3301,.T.);
#3475=ADVANCED_FACE('',(#247),#3302,.F.);
#3476=ADVANCED_FACE('',(#248,#49),#3303,.T.);
#3477=ADVANCED_FACE('',(#249),#3304,.T.);
#3478=ADVANCED_FACE('',(#250),#3305,.T.);
#3479=ADVANCED_FACE('',(#251,#50),#3306,.T.);
#3480=ADVANCED_FACE('',(#252),#3307,.T.);
#3481=ADVANCED_FACE('',(#253),#3308,.T.);
#3482=ADVANCED_FACE('',(#254),#3309,.T.);
#3483=ADVANCED_FACE('',(#255),#3310,.T.);
#3484=ADVANCED_FACE('',(#256),#3311,.T.);
#3485=ADVANCED_FACE('',(#257),#3312,.T.);
#3486=ADVANCED_FACE('',(#258),#3313,.T.);
#3487=ADVANCED_FACE('',(#259),#3314,.F.);
#3488=ADVANCED_FACE('',(#260),#32,.F.);
#3489=ADVANCED_FACE('',(#261),#3315,.F.);
#3490=ADVANCED_FACE('',(#262),#3316,.F.);
#3491=ADVANCED_FACE('',(#263),#3317,.F.);
#3492=ADVANCED_FACE('',(#264),#33,.F.);
#3493=ADVANCED_FACE('',(#265),#3318,.T.);
#3494=ADVANCED_FACE('',(#266,#51,#52,#53,#54),#3319,.T.);
#3495=ADVANCED_FACE('',(#267),#3320,.T.);
#3496=ADVANCED_FACE('',(#268),#3321,.F.);
#3497=ADVANCED_FACE('',(#269),#34,.F.);
#3498=ADVANCED_FACE('',(#270),#35,.F.);
#3499=ADVANCED_FACE('',(#271),#3322,.F.);
#3500=ADVANCED_FACE('',(#272),#3323,.F.);
#3501=ADVANCED_FACE('',(#273,#55),#3324,.T.);
#3502=ADVANCED_FACE('',(#274),#3325,.F.);
#3503=ADVANCED_FACE('',(#275),#3326,.T.);
#3504=ADVANCED_FACE('',(#276),#3327,.F.);
#3505=ADVANCED_FACE('',(#277),#3328,.T.);
#3506=ADVANCED_FACE('',(#278),#3329,.F.);
#3507=ADVANCED_FACE('',(#279),#3330,.F.);
#3508=ADVANCED_FACE('',(#280),#3331,.T.);
#3509=ADVANCED_FACE('',(#281),#36,.F.);
#3510=CLOSED_SHELL('',(#3332,#3333,#3334,#3335,#3336,#3337,#3338,#3339,
#3340,#3341,#3342,#3343,#3344,#3345,#3346,#3347,#3348,#3349,#3350,#3351,
#3352,#3353,#3354,#3355,#3356,#3357,#3358,#3359,#3360,#3361,#3362,#3363,
#3364,#3365,#3366,#3367,#3368,#3369,#3370,#3371,#3372,#3373,#3374,#3375,
#3376,#3377,#3378,#3379,#3380,#3381,#3382,#3383,#3384,#3385,#3386,#3387,
#3388,#3389,#3390,#3391,#3392,#3393,#3394,#3395,#3396,#3397,#3398,#3399,
#3400,#3401,#3402,#3403,#3404,#3405,#3406,#3407,#3408,#3409,#3410,#3411,
#3412,#3413,#3414,#3415,#3416,#3417,#3418,#3419,#3420,#3421,#3422,#3423,
#3424,#3425,#3426,#3427,#3428,#3429,#3430,#3431,#3432,#3433,#3434,#3435,
#3436,#3437,#3438,#3439,#3440,#3441,#3442,#3443,#3444,#3445,#3446,#3447,
#3448,#3449,#3450,#3451,#3452,#3453,#3454,#3455,#3456,#3457,#3458,#3459,
#3460,#3461,#3462,#3463,#3464,#3465,#3466,#3467,#3468,#3469,#3470,#3471,
#3472,#3473,#3474,#3475,#3476,#3477,#3478,#3479,#3480,#3481,#3482,#3483,
#3484,#3485,#3486,#3487,#3488,#3489,#3490,#3491,#3492,#3493,#3494,#3495,
#3496,#3497,#3498,#3499,#3500,#3501,#3502,#3503,#3504,#3505,#3506,#3507,
#3508,#3509));
#3511=AXIS2_PLACEMENT_3D('',#4639,#3738,#3739);
#3512=AXIS2_PLACEMENT_3D('',#4640,#3740,#3741);
#3513=AXIS2_PLACEMENT_3D('',#4649,#3746,#3747);
#3514=AXIS2_PLACEMENT_3D('',#4655,#3751,#3752);
#3515=AXIS2_PLACEMENT_3D('',#4661,#3756,#3757);
#3516=AXIS2_PLACEMENT_3D('',#4665,#3761,#3762);
#3517=AXIS2_PLACEMENT_3D('',#4666,#3763,#3764);
#3518=AXIS2_PLACEMENT_3D('',#4675,#3769,#3770);
#3519=AXIS2_PLACEMENT_3D('',#4681,#3774,#3775);
#3520=AXIS2_PLACEMENT_3D('',#4687,#3779,#3780);
#3521=AXIS2_PLACEMENT_3D('',#4691,#3784,#3785);
#3522=AXIS2_PLACEMENT_3D('',#4692,#3786,#3787);
#3523=AXIS2_PLACEMENT_3D('',#4698,#3791,#3792);
#3524=AXIS2_PLACEMENT_3D('',#4704,#3796,#3797);
#3525=AXIS2_PLACEMENT_3D('',#4710,#3801,#3802);
#3526=AXIS2_PLACEMENT_3D('',#4714,#3806,#3807);
#3527=AXIS2_PLACEMENT_3D('',#4715,#3808,#3809);
#3528=AXIS2_PLACEMENT_3D('',#4724,#3814,#3815);
#3529=AXIS2_PLACEMENT_3D('',#4730,#3819,#3820);
#3530=AXIS2_PLACEMENT_3D('',#4736,#3824,#3825);
#3531=AXIS2_PLACEMENT_3D('',#4742,#3829,#3830);
#3532=AXIS2_PLACEMENT_3D('',#4748,#3834,#3835);
#3533=AXIS2_PLACEMENT_3D('',#4751,#3838,#3839);
#3534=AXIS2_PLACEMENT_3D('',#4757,#3843,#3844);
#3535=AXIS2_PLACEMENT_3D('',#4761,#3848,#3849);
#3536=AXIS2_PLACEMENT_3D('',#4762,#3850,#3851);
#3537=AXIS2_PLACEMENT_3D('',#4768,#3855,#3856);
#3538=AXIS2_PLACEMENT_3D('',#4774,#3860,#3861);
#3539=AXIS2_PLACEMENT_3D('',#4777,#3864,#3865);
#3540=AXIS2_PLACEMENT_3D('',#4780,#3868,#3869);
#3541=AXIS2_PLACEMENT_3D('',#4781,#3870,#3871);
#3542=AXIS2_PLACEMENT_3D('',#4790,#3876,#3877);
#3543=AXIS2_PLACEMENT_3D('',#4796,#3881,#3882);
#3544=AXIS2_PLACEMENT_3D('',#4802,#3886,#3887);
#3545=AXIS2_PLACEMENT_3D('',#4808,#3891,#3892);
#3546=AXIS2_PLACEMENT_3D('',#4814,#3896,#3897);
#3547=AXIS2_PLACEMENT_3D('',#4820,#3901,#3902);
#3548=AXIS2_PLACEMENT_3D('',#4826,#3906,#3907);
#3549=AXIS2_PLACEMENT_3D('',#4832,#3911,#3912);
#3550=AXIS2_PLACEMENT_3D('',#4838,#3916,#3917);
#3551=AXIS2_PLACEMENT_3D('',#4844,#3921,#3922);
#3552=AXIS2_PLACEMENT_3D('',#4850,#3926,#3927);
#3553=AXIS2_PLACEMENT_3D('',#4853,#3930,#3931);
#3554=AXIS2_PLACEMENT_3D('',#4854,#3932,#3933);
#3555=AXIS2_PLACEMENT_3D('',#4863,#3938,#3939);
#3556=AXIS2_PLACEMENT_3D('',#4869,#3943,#3944);
#3557=AXIS2_PLACEMENT_3D('',#4875,#3948,#3949);
#3558=AXIS2_PLACEMENT_3D('',#4881,#3953,#3954);
#3559=AXIS2_PLACEMENT_3D('',#4887,#3958,#3959);
#3560=AXIS2_PLACEMENT_3D('',#4893,#3963,#3964);
#3561=AXIS2_PLACEMENT_3D('',#4899,#3968,#3969);
#3562=AXIS2_PLACEMENT_3D('',#4905,#3973,#3974);
#3563=AXIS2_PLACEMENT_3D('',#4911,#3978,#3979);
#3564=AXIS2_PLACEMENT_3D('',#4917,#3983,#3984);
#3565=AXIS2_PLACEMENT_3D('',#4923,#3988,#3989);
#3566=AXIS2_PLACEMENT_3D('',#4926,#3992,#3993);
#3567=AXIS2_PLACEMENT_3D('',#4927,#3994,#3995);
#3568=AXIS2_PLACEMENT_3D('',#4936,#4000,#4001);
#3569=AXIS2_PLACEMENT_3D('',#4942,#4005,#4006);
#3570=AXIS2_PLACEMENT_3D('',#4948,#4010,#4011);
#3571=AXIS2_PLACEMENT_3D('',#4954,#4015,#4016);
#3572=AXIS2_PLACEMENT_3D('',#4960,#4020,#4021);
#3573=AXIS2_PLACEMENT_3D('',#4966,#4025,#4026);
#3574=AXIS2_PLACEMENT_3D('',#4972,#4030,#4031);
#3575=AXIS2_PLACEMENT_3D('',#4976,#4035,#4036);
#3576=AXIS2_PLACEMENT_3D('',#4977,#4037,#4038);
#3577=AXIS2_PLACEMENT_3D('',#4986,#4043,#4044);
#3578=AXIS2_PLACEMENT_3D('',#4992,#4048,#4049);
#3579=AXIS2_PLACEMENT_3D('',#4998,#4053,#4054);
#3580=AXIS2_PLACEMENT_3D('',#5004,#4058,#4059);
#3581=AXIS2_PLACEMENT_3D('',#5010,#4063,#4064);
#3582=AXIS2_PLACEMENT_3D('',#5016,#4068,#4069);
#3583=AXIS2_PLACEMENT_3D('',#5022,#4073,#4074);
#3584=AXIS2_PLACEMENT_3D('',#5026,#4078,#4079);
#3585=AXIS2_PLACEMENT_3D('',#5027,#4080,#4081);
#3586=AXIS2_PLACEMENT_3D('',#5033,#4085,#4086);
#3587=AXIS2_PLACEMENT_3D('',#5039,#4090,#4091);
#3588=AXIS2_PLACEMENT_3D('',#5042,#4094,#4095);
#3589=AXIS2_PLACEMENT_3D('',#5045,#4098,#4099);
#3590=AXIS2_PLACEMENT_3D('',#5046,#4100,#4101);
#3591=AXIS2_PLACEMENT_3D('',#5055,#4105,#4106);
#3592=AXIS2_PLACEMENT_3D('',#5058,#4108,#4109);
#3593=AXIS2_PLACEMENT_3D('',#5059,#4110,#4111);
#3594=AXIS2_PLACEMENT_3D('',#5062,#4112,#4113);
#3595=AXIS2_PLACEMENT_3D('',#5071,#4118,#4119);
#3596=AXIS2_PLACEMENT_3D('',#5072,#4120,#4121);
#3597=AXIS2_PLACEMENT_3D('',#5077,#4123,#4124);
#3598=AXIS2_PLACEMENT_3D('',#5084,#4128,#4129);
#3599=AXIS2_PLACEMENT_3D('',#5085,#4130,#4131);
#3600=AXIS2_PLACEMENT_3D('',#5091,#4135,#4136);
#3601=AXIS2_PLACEMENT_3D('',#5097,#4140,#4141);
#3602=AXIS2_PLACEMENT_3D('',#5100,#4143,#4144);
#3603=AXIS2_PLACEMENT_3D('',#5101,#4145,#4146);
#3604=AXIS2_PLACEMENT_3D('',#5107,#4150,#4151);
#3605=AXIS2_PLACEMENT_3D('',#5109,#4152,#4153);
#3606=AXIS2_PLACEMENT_3D('',#5111,#4155,#4156);
#3607=AXIS2_PLACEMENT_3D('',#5112,#4157,#4158);
#3608=AXIS2_PLACEMENT_3D('',#5114,#4159,#4160);
#3609=AXIS2_PLACEMENT_3D('',#5116,#4162,#4163);
#3610=AXIS2_PLACEMENT_3D('',#5117,#4164,#4165);
#3611=AXIS2_PLACEMENT_3D('',#5119,#4166,#4167);
#3612=AXIS2_PLACEMENT_3D('',#5122,#4169,#4170);
#3613=AXIS2_PLACEMENT_3D('',#5123,#4171,#4172);
#3614=AXIS2_PLACEMENT_3D('',#5124,#4173,#4174);
#3615=AXIS2_PLACEMENT_3D('',#5126,#4175,#4176);
#3616=AXIS2_PLACEMENT_3D('',#5128,#4178,#4179);
#3617=AXIS2_PLACEMENT_3D('',#5129,#4180,#4181);
#3618=AXIS2_PLACEMENT_3D('',#5132,#4182,#4183);
#3619=AXIS2_PLACEMENT_3D('',#5136,#4185,#4186);
#3620=AXIS2_PLACEMENT_3D('',#5138,#4188,#4189);
#3621=AXIS2_PLACEMENT_3D('',#5141,#4190,#4191);
#3622=AXIS2_PLACEMENT_3D('',#5145,#4193,#4194);
#3623=AXIS2_PLACEMENT_3D('',#5149,#4196,#4197);
#3624=AXIS2_PLACEMENT_3D('',#5153,#4199,#4200);
#3625=AXIS2_PLACEMENT_3D('',#5155,#4202,#4203);
#3626=AXIS2_PLACEMENT_3D('',#5158,#4204,#4205);
#3627=AXIS2_PLACEMENT_3D('',#5162,#4207,#4208);
#3628=AXIS2_PLACEMENT_3D('',#5166,#4210,#4211);
#3629=AXIS2_PLACEMENT_3D('',#5170,#4213,#4214);
#3630=AXIS2_PLACEMENT_3D('',#5172,#4216,#4217);
#3631=AXIS2_PLACEMENT_3D('',#5175,#4218,#4219);
#3632=AXIS2_PLACEMENT_3D('',#5179,#4221,#4222);
#3633=AXIS2_PLACEMENT_3D('',#5181,#4224,#4225);
#3634=AXIS2_PLACEMENT_3D('',#5187,#4229,#4230);
#3635=AXIS2_PLACEMENT_3D('',#5193,#4234,#4235);
#3636=AXIS2_PLACEMENT_3D('',#5197,#4238,#4239);
#3637=AXIS2_PLACEMENT_3D('',#5198,#4240,#4241);
#3638=AXIS2_PLACEMENT_3D('',#5212,#4249,#4250);
#3639=AXIS2_PLACEMENT_3D('',#5213,#4251,#4252);
#3640=AXIS2_PLACEMENT_3D('',#5219,#4257,#4258);
#3641=AXIS2_PLACEMENT_3D('',#5221,#4260,#4261);
#3642=AXIS2_PLACEMENT_3D('',#5224,#4263,#4264);
#3643=AXIS2_PLACEMENT_3D('',#5225,#4265,#4266);
#3644=AXIS2_PLACEMENT_3D('',#5234,#4271,#4272);
#3645=AXIS2_PLACEMENT_3D('',#5240,#4276,#4277);
#3646=AXIS2_PLACEMENT_3D('',#5246,#4281,#4282);
#3647=AXIS2_PLACEMENT_3D('',#5257,#4288,#4289);
#3648=AXIS2_PLACEMENT_3D('',#5266,#4294,#4295);
#3649=AXIS2_PLACEMENT_3D('',#5289,#4308,#4309);
#3650=AXIS2_PLACEMENT_3D('',#5291,#4310,#4311);
#3651=AXIS2_PLACEMENT_3D('',#5292,#4312,#4313);
#3652=AXIS2_PLACEMENT_3D('',#5301,#4318,#4319);
#3653=AXIS2_PLACEMENT_3D('',#5310,#4324,#4325);
#3654=AXIS2_PLACEMENT_3D('',#5319,#4330,#4331);
#3655=AXIS2_PLACEMENT_3D('',#5322,#4334,#4335);
#3656=AXIS2_PLACEMENT_3D('',#5325,#4338,#4339);
#3657=AXIS2_PLACEMENT_3D('',#5328,#4342,#4343);
#3658=AXIS2_PLACEMENT_3D('',#5331,#4346,#4347);
#3659=AXIS2_PLACEMENT_3D('',#5333,#4349,#4350);
#3660=AXIS2_PLACEMENT_3D('',#5335,#4352,#4353);
#3661=AXIS2_PLACEMENT_3D('',#5338,#4354,#4355);
#3662=AXIS2_PLACEMENT_3D('',#5342,#4357,#4358);
#3663=AXIS2_PLACEMENT_3D('',#5345,#4361,#4362);
#3664=AXIS2_PLACEMENT_3D('',#5349,#4365,#4366);
#3665=AXIS2_PLACEMENT_3D('',#5351,#4368,#4369);
#3666=AXIS2_PLACEMENT_3D('',#5353,#4371,#4372);
#3667=AXIS2_PLACEMENT_3D('',#5356,#4373,#4374);
#3668=AXIS2_PLACEMENT_3D('',#5360,#4376,#4377);
#3669=AXIS2_PLACEMENT_3D('',#5362,#4379,#4380);
#3670=AXIS2_PLACEMENT_3D('',#5368,#4384,#4385);
#3671=AXIS2_PLACEMENT_3D('',#5372,#4388,#4389);
#3672=AXIS2_PLACEMENT_3D('',#5374,#4390,#4391);
#3673=AXIS2_PLACEMENT_3D('',#5376,#4393,#4394);
#3674=AXIS2_PLACEMENT_3D('',#5380,#4397,#4398);
#3675=AXIS2_PLACEMENT_3D('',#5382,#4399,#4400);
#3676=AXIS2_PLACEMENT_3D('',#5384,#4402,#4403);
#3677=AXIS2_PLACEMENT_3D('',#5386,#4405,#4406);
#3678=AXIS2_PLACEMENT_3D('',#5388,#4408,#4409);
#3679=AXIS2_PLACEMENT_3D('',#5394,#4413,#4414);
#3680=AXIS2_PLACEMENT_3D('',#5403,#4419,#4420);
#3681=AXIS2_PLACEMENT_3D('',#5405,#4422,#4423);
#3682=AXIS2_PLACEMENT_3D('',#5411,#4427,#4428);
#3683=AXIS2_PLACEMENT_3D('',#5415,#4431,#4432);
#3684=AXIS2_PLACEMENT_3D('',#5421,#4437,#4438);
#3685=AXIS2_PLACEMENT_3D('',#5423,#4440,#4441);
#3686=AXIS2_PLACEMENT_3D('',#5432,#4446,#4447);
#3687=AXIS2_PLACEMENT_3D('',#5441,#4452,#4453);
#3688=AXIS2_PLACEMENT_3D('',#5443,#4454,#4455);
#3689=AXIS2_PLACEMENT_3D('',#5445,#4456,#4457);
#3690=AXIS2_PLACEMENT_3D('',#5447,#4459,#4460);
#3691=AXIS2_PLACEMENT_3D('',#5449,#4461,#4462);
#3692=AXIS2_PLACEMENT_3D('',#5451,#4463,#4464);
#3693=AXIS2_PLACEMENT_3D('',#5453,#4466,#4467);
#3694=AXIS2_PLACEMENT_3D('',#5462,#4472,#4473);
#3695=AXIS2_PLACEMENT_3D('',#5471,#4478,#4479);
#3696=AXIS2_PLACEMENT_3D('',#5475,#4482,#4483);
#3697=AXIS2_PLACEMENT_3D('',#5477,#4485,#4486);
#3698=AXIS2_PLACEMENT_3D('',#5484,#4491,#4492);
#3699=AXIS2_PLACEMENT_3D('',#5488,#4495,#4496);
#3700=AXIS2_PLACEMENT_3D('',#5493,#4500,#4501);
#3701=AXIS2_PLACEMENT_3D('',#5495,#4503,#4504);
#3702=AXIS2_PLACEMENT_3D('',#5501,#4508,#4509);
#3703=AXIS2_PLACEMENT_3D('',#5507,#4513,#4514);
#3704=AXIS2_PLACEMENT_3D('',#5513,#4518,#4519);
#3705=AXIS2_PLACEMENT_3D('',#5519,#4523,#4524);
#3706=AXIS2_PLACEMENT_3D('',#5525,#4528,#4529);
#3707=AXIS2_PLACEMENT_3D('',#5531,#4533,#4534);
#3708=AXIS2_PLACEMENT_3D('',#5542,#4541,#4542);
#3709=AXIS2_PLACEMENT_3D('',#5544,#4543,#4544);
#3710=AXIS2_PLACEMENT_3D('',#5547,#4546,#4547);
#3711=AXIS2_PLACEMENT_3D('',#5548,#4548,#4549);
#3712=AXIS2_PLACEMENT_3D('',#5554,#4553,#4554);
#3713=AXIS2_PLACEMENT_3D('',#5560,#4558,#4559);
#3714=AXIS2_PLACEMENT_3D('',#5566,#4563,#4564);
#3715=AXIS2_PLACEMENT_3D('',#5568,#4565,#4566);
#3716=AXIS2_PLACEMENT_3D('',#5570,#4567,#4568);
#3717=AXIS2_PLACEMENT_3D('',#5572,#4570,#4571);
#3718=AXIS2_PLACEMENT_3D('',#5578,#4575,#4576);
#3719=AXIS2_PLACEMENT_3D('',#5585,#4582,#4583);
#3720=AXIS2_PLACEMENT_3D('',#5589,#4586,#4587);
#3721=AXIS2_PLACEMENT_3D('',#5597,#4593,#4594);
#3722=AXIS2_PLACEMENT_3D('',#5599,#4595,#4596);
#3723=AXIS2_PLACEMENT_3D('',#5602,#4598,#4599);
#3724=AXIS2_PLACEMENT_3D('',#5603,#4600,#4601);
#3725=AXIS2_PLACEMENT_3D('',#5605,#4602,#4603);
#3726=AXIS2_PLACEMENT_3D('',#5608,#4605,#4606);
#3727=AXIS2_PLACEMENT_3D('',#5609,#4607,#4608);
#3728=AXIS2_PLACEMENT_3D('',#5611,#4610,#4611);
#3729=AXIS2_PLACEMENT_3D('',#5615,#4614,#4615);
#3730=AXIS2_PLACEMENT_3D('',#5617,#4617,#4618);
#3731=AXIS2_PLACEMENT_3D('',#5620,#4621,#4622);
#3732=AXIS2_PLACEMENT_3D('',#5622,#4624,#4625);
#3733=AXIS2_PLACEMENT_3D('',#5624,#4627,#4628);
#3734=AXIS2_PLACEMENT_3D('',#5625,#4629,#4630);
#3735=AXIS2_PLACEMENT_3D('',#5627,#4632,#4633);
#3736=AXIS2_PLACEMENT_3D('',#5628,#4634,#4635);
#3737=AXIS2_PLACEMENT_3D('',#5629,#4636,#4637);
#3738=DIRECTION('axis',(0.,0.,1.));
#3739=DIRECTION('refdir',(1.,0.,0.));
#3740=DIRECTION('center_axis',(0.,-1.,0.));
#3741=DIRECTION('ref_axis',(0.,0.,-1.));
#3742=DIRECTION('',(0.,0.,-1.));
#3743=DIRECTION('',(1.,0.,0.));
#3744=DIRECTION('',(0.,0.,-1.));
#3745=DIRECTION('',(1.,0.,0.));
#3746=DIRECTION('center_axis',(0.,0.,1.));
#3747=DIRECTION('ref_axis',(0.,-1.,0.));
#3748=DIRECTION('',(0.,-1.,0.));
#3749=DIRECTION('',(1.,0.,0.));
#3750=DIRECTION('',(0.,-1.,0.));
#3751=DIRECTION('center_axis',(0.,1.,0.));
#3752=DIRECTION('ref_axis',(0.,0.,1.));
#3753=DIRECTION('',(0.,0.,1.));
#3754=DIRECTION('',(1.,0.,0.));
#3755=DIRECTION('',(0.,0.,1.));
#3756=DIRECTION('center_axis',(0.,0.,-1.));
#3757=DIRECTION('ref_axis',(0.,1.,0.));
#3758=DIRECTION('',(0.,1.,0.));
#3759=DIRECTION('',(0.,1.,0.));
#3760=DIRECTION('',(1.,0.,0.));
#3761=DIRECTION('center_axis',(1.,0.,0.));
#3762=DIRECTION('ref_axis',(0.,0.,-1.));
#3763=DIRECTION('center_axis',(0.,1.33226890010082E-15,-1.));
#3764=DIRECTION('ref_axis',(0.,1.,1.33226890010082E-15));
#3765=DIRECTION('',(0.,1.,1.33226890010082E-15));
#3766=DIRECTION('',(1.,0.,0.));
#3767=DIRECTION('',(0.,1.,1.33226890010082E-15));
#3768=DIRECTION('',(1.,0.,0.));
#3769=DIRECTION('center_axis',(0.,-1.,0.));
#3770=DIRECTION('ref_axis',(0.,0.,-1.));
#3771=DIRECTION('',(0.,0.,-1.));
#3772=DIRECTION('',(1.,0.,0.));
#3773=DIRECTION('',(0.,0.,-1.));
#3774=DIRECTION('center_axis',(0.,0.,1.));
#3775=DIRECTION('ref_axis',(0.,-1.,0.));
#3776=DIRECTION('',(0.,-1.,0.));
#3777=DIRECTION('',(1.,0.,0.));
#3778=DIRECTION('',(0.,-1.,0.));
#3779=DIRECTION('center_axis',(0.,1.,0.));
#3780=DIRECTION('ref_axis',(0.,0.,1.));
#3781=DIRECTION('',(0.,0.,1.));
#3782=DIRECTION('',(0.,0.,1.));
#3783=DIRECTION('',(1.,0.,0.));
#3784=DIRECTION('center_axis',(1.,0.,0.));
#3785=DIRECTION('ref_axis',(0.,0.,-1.));
#3786=DIRECTION('center_axis',(0.,0.,-1.));
#3787=DIRECTION('ref_axis',(0.,1.,0.));
#3788=DIRECTION('',(0.,1.,0.));
#3789=DIRECTION('',(0.,1.,0.));
#3790=DIRECTION('',(1.,0.,0.));
#3791=DIRECTION('center_axis',(0.,-1.,0.));
#3792=DIRECTION('ref_axis',(0.,0.,-1.));
#3793=DIRECTION('',(0.,0.,-1.));
#3794=DIRECTION('',(1.,0.,0.));
#3795=DIRECTION('',(0.,0.,-1.));
#3796=DIRECTION('center_axis',(0.,0.,1.));
#3797=DIRECTION('ref_axis',(0.,-1.,0.));
#3798=DIRECTION('',(0.,-1.,0.));
#3799=DIRECTION('',(1.,0.,0.));
#3800=DIRECTION('',(0.,-1.,0.));
#3801=DIRECTION('center_axis',(0.,1.,0.));
#3802=DIRECTION('ref_axis',(0.,0.,1.));
#3803=DIRECTION('',(0.,0.,1.));
#3804=DIRECTION('',(0.,0.,1.));
#3805=DIRECTION('',(1.,0.,0.));
#3806=DIRECTION('center_axis',(1.,0.,0.));
#3807=DIRECTION('ref_axis',(0.,0.,-1.));
#3808=DIRECTION('center_axis',(0.,-1.,0.));
#3809=DIRECTION('ref_axis',(0.,0.,-1.));
#3810=DIRECTION('',(0.,0.,-1.));
#3811=DIRECTION('',(1.,0.,0.));
#3812=DIRECTION('',(0.,0.,-1.));
#3813=DIRECTION('',(1.,0.,0.));
#3814=DIRECTION('center_axis',(0.,0.,1.));
#3815=DIRECTION('ref_axis',(0.,-1.,0.));
#3816=DIRECTION('',(0.,-1.,0.));
#3817=DIRECTION('',(1.,0.,0.));
#3818=DIRECTION('',(0.,-1.,0.));
#3819=DIRECTION('center_axis',(0.,1.,0.));
#3820=DIRECTION('ref_axis',(0.,0.,1.));
#3821=DIRECTION('',(0.,0.,1.));
#3822=DIRECTION('',(1.,0.,0.));
#3823=DIRECTION('',(0.,0.,1.));
#3824=DIRECTION('center_axis',(0.,1.33226794718762E-15,-1.));
#3825=DIRECTION('ref_axis',(0.,1.,1.33226794718762E-15));
#3826=DIRECTION('',(0.,1.,1.33226794718762E-15));
#3827=DIRECTION('',(1.,0.,0.));
#3828=DIRECTION('',(0.,1.,1.33226794718762E-15));
#3829=DIRECTION('center_axis',(0.,-1.,0.));
#3830=DIRECTION('ref_axis',(0.,0.,-1.));
#3831=DIRECTION('',(0.,0.,-1.));
#3832=DIRECTION('',(1.,0.,0.));
#3833=DIRECTION('',(0.,0.,-1.));
#3834=DIRECTION('center_axis',(0.,0.,-1.));
#3835=DIRECTION('ref_axis',(0.,1.,0.));
#3836=DIRECTION('',(0.,1.,0.));
#3837=DIRECTION('',(0.,1.,0.));
#3838=DIRECTION('center_axis',(0.,-1.,0.));
#3839=DIRECTION('ref_axis',(0.,0.,-1.));
#3840=DIRECTION('',(0.,0.,-1.));
#3841=DIRECTION('',(1.,0.,0.));
#3842=DIRECTION('',(0.,0.,-1.));
#3843=DIRECTION('center_axis',(0.,0.,1.));
#3844=DIRECTION('ref_axis',(0.,-1.,0.));
#3845=DIRECTION('',(0.,-1.,0.));
#3846=DIRECTION('',(0.,-1.,0.));
#3847=DIRECTION('',(1.,0.,0.));
#3848=DIRECTION('center_axis',(1.,0.,0.));
#3849=DIRECTION('ref_axis',(0.,0.,-1.));
#3850=DIRECTION('center_axis',(0.,1.,0.));
#3851=DIRECTION('ref_axis',(0.,0.,1.));
#3852=DIRECTION('',(0.,0.,1.));
#3853=DIRECTION('',(0.,0.,1.));
#3854=DIRECTION('',(1.,0.,0.));
#3855=DIRECTION('center_axis',(0.,0.,-1.));
#3856=DIRECTION('ref_axis',(0.,1.,0.));
#3857=DIRECTION('',(0.,1.,0.));
#3858=DIRECTION('',(1.,0.,0.));
#3859=DIRECTION('',(0.,1.,0.));
#3860=DIRECTION('center_axis',(0.,-1.,0.));
#3861=DIRECTION('ref_axis',(0.,0.,-1.));
#3862=DIRECTION('',(0.,0.,-1.));
#3863=DIRECTION('',(0.,0.,-1.));
#3864=DIRECTION('center_axis',(0.,0.,1.));
#3865=DIRECTION('ref_axis',(0.,-1.,0.));
#3866=DIRECTION('',(0.,-1.,0.));
#3867=DIRECTION('',(0.,-1.,0.));
#3868=DIRECTION('center_axis',(1.,0.,0.));
#3869=DIRECTION('ref_axis',(0.,0.,-1.));
#3870=DIRECTION('center_axis',(0.,-1.,0.));
#3871=DIRECTION('ref_axis',(0.,0.,-1.));
#3872=DIRECTION('',(0.,0.,-1.));
#3873=DIRECTION('',(1.,0.,0.));
#3874=DIRECTION('',(0.,0.,-1.));
#3875=DIRECTION('',(1.,0.,0.));
#3876=DIRECTION('center_axis',(0.,0.,1.));
#3877=DIRECTION('ref_axis',(0.,-1.,0.));
#3878=DIRECTION('',(0.,-1.,0.));
#3879=DIRECTION('',(1.,0.,0.));
#3880=DIRECTION('',(0.,-1.,0.));
#3881=DIRECTION('center_axis',(0.,-1.,0.));
#3882=DIRECTION('ref_axis',(0.,0.,-1.));
#3883=DIRECTION('',(0.,0.,-1.));
#3884=DIRECTION('',(1.,0.,0.));
#3885=DIRECTION('',(0.,0.,-1.));
#3886=DIRECTION('center_axis',(0.,0.,-1.));
#3887=DIRECTION('ref_axis',(0.,1.,0.));
#3888=DIRECTION('',(0.,1.,0.));
#3889=DIRECTION('',(1.,0.,0.));
#3890=DIRECTION('',(0.,1.,0.));
#3891=DIRECTION('center_axis',(0.,-1.,0.));
#3892=DIRECTION('ref_axis',(0.,0.,-1.));
#3893=DIRECTION('',(0.,0.,-1.));
#3894=DIRECTION('',(1.,0.,0.));
#3895=DIRECTION('',(0.,0.,-1.));
#3896=DIRECTION('center_axis',(0.,0.,1.));
#3897=DIRECTION('ref_axis',(0.,-1.,0.));
#3898=DIRECTION('',(0.,-1.,0.));
#3899=DIRECTION('',(1.,0.,0.));
#3900=DIRECTION('',(0.,-1.,0.));
#3901=DIRECTION('center_axis',(0.,1.,0.));
#3902=DIRECTION('ref_axis',(0.,0.,1.));
#3903=DIRECTION('',(0.,0.,1.));
#3904=DIRECTION('',(1.,0.,0.));
#3905=DIRECTION('',(0.,0.,1.));
#3906=DIRECTION('center_axis',(0.,0.,-1.));
#3907=DIRECTION('ref_axis',(0.,1.,0.));
#3908=DIRECTION('',(0.,1.,0.));
#3909=DIRECTION('',(1.,0.,0.));
#3910=DIRECTION('',(0.,1.,0.));
#3911=DIRECTION('center_axis',(0.,1.,0.));
#3912=DIRECTION('ref_axis',(0.,0.,1.));
#3913=DIRECTION('',(0.,0.,1.));
#3914=DIRECTION('',(1.,0.,0.));
#3915=DIRECTION('',(0.,0.,1.));
#3916=DIRECTION('center_axis',(0.,0.,1.));
#3917=DIRECTION('ref_axis',(0.,-1.,0.));
#3918=DIRECTION('',(0.,-1.,0.));
#3919=DIRECTION('',(1.,0.,0.));
#3920=DIRECTION('',(0.,-1.,0.));
#3921=DIRECTION('center_axis',(0.,1.,0.));
#3922=DIRECTION('ref_axis',(0.,0.,1.));
#3923=DIRECTION('',(0.,0.,1.));
#3924=DIRECTION('',(1.,0.,0.));
#3925=DIRECTION('',(0.,0.,1.));
#3926=DIRECTION('center_axis',(0.,1.33226890010082E-15,-1.));
#3927=DIRECTION('ref_axis',(0.,1.,1.33226890010082E-15));
#3928=DIRECTION('',(0.,1.,1.33226890010082E-15));
#3929=DIRECTION('',(0.,1.,1.33226890010082E-15));
#3930=DIRECTION('center_axis',(1.,0.,0.));
#3931=DIRECTION('ref_axis',(0.,0.,-1.));
#3932=DIRECTION('center_axis',(0.,-1.,0.));
#3933=DIRECTION('ref_axis',(0.,0.,-1.));
#3934=DIRECTION('',(0.,0.,-1.));
#3935=DIRECTION('',(1.,0.,0.));
#3936=DIRECTION('',(0.,0.,-1.));
#3937=DIRECTION('',(1.,0.,0.));
#3938=DIRECTION('center_axis',(0.,0.,1.));
#3939=DIRECTION('ref_axis',(0.,-1.,0.));
#3940=DIRECTION('',(0.,-1.,0.));
#3941=DIRECTION('',(1.,0.,0.));
#3942=DIRECTION('',(0.,-1.,0.));
#3943=DIRECTION('center_axis',(0.,-1.,0.));
#3944=DIRECTION('ref_axis',(0.,0.,-1.));
#3945=DIRECTION('',(0.,0.,-1.));
#3946=DIRECTION('',(1.,0.,0.));
#3947=DIRECTION('',(0.,0.,-1.));
#3948=DIRECTION('center_axis',(0.,0.,-1.));
#3949=DIRECTION('ref_axis',(0.,1.,0.));
#3950=DIRECTION('',(0.,1.,0.));
#3951=DIRECTION('',(1.,0.,0.));
#3952=DIRECTION('',(0.,1.,0.));
#3953=DIRECTION('center_axis',(0.,-1.,0.));
#3954=DIRECTION('ref_axis',(0.,0.,-1.));
#3955=DIRECTION('',(0.,0.,-1.));
#3956=DIRECTION('',(1.,0.,0.));
#3957=DIRECTION('',(0.,0.,-1.));
#3958=DIRECTION('center_axis',(0.,0.,1.));
#3959=DIRECTION('ref_axis',(0.,-1.,0.));
#3960=DIRECTION('',(0.,-1.,0.));
#3961=DIRECTION('',(1.,0.,0.));
#3962=DIRECTION('',(0.,-1.,0.));
#3963=DIRECTION('center_axis',(0.,1.,0.));
#3964=DIRECTION('ref_axis',(0.,0.,1.));
#3965=DIRECTION('',(0.,0.,1.));
#3966=DIRECTION('',(1.,0.,0.));
#3967=DIRECTION('',(0.,0.,1.));
#3968=DIRECTION('center_axis',(0.,0.,-1.));
#3969=DIRECTION('ref_axis',(0.,1.,0.));
#3970=DIRECTION('',(0.,1.,0.));
#3971=DIRECTION('',(1.,0.,0.));
#3972=DIRECTION('',(0.,1.,0.));
#3973=DIRECTION('center_axis',(0.,1.,0.));
#3974=DIRECTION('ref_axis',(0.,0.,1.));
#3975=DIRECTION('',(0.,0.,1.));
#3976=DIRECTION('',(1.,0.,0.));
#3977=DIRECTION('',(0.,0.,1.));
#3978=DIRECTION('center_axis',(0.,0.,1.));
#3979=DIRECTION('ref_axis',(0.,-1.,0.));
#3980=DIRECTION('',(0.,-1.,0.));
#3981=DIRECTION('',(1.,0.,0.));
#3982=DIRECTION('',(0.,-1.,0.));
#3983=DIRECTION('center_axis',(0.,1.,0.));
#3984=DIRECTION('ref_axis',(0.,0.,1.));
#3985=DIRECTION('',(0.,0.,1.));
#3986=DIRECTION('',(1.,0.,0.));
#3987=DIRECTION('',(0.,0.,1.));
#3988=DIRECTION('center_axis',(0.,1.33226890010082E-15,-1.));
#3989=DIRECTION('ref_axis',(0.,1.,1.33226890010082E-15));
#3990=DIRECTION('',(0.,1.,1.33226890010082E-15));
#3991=DIRECTION('',(0.,1.,1.33226890010082E-15));
#3992=DIRECTION('center_axis',(1.,0.,0.));
#3993=DIRECTION('ref_axis',(0.,0.,-1.));
#3994=DIRECTION('center_axis',(0.,0.,-1.));
#3995=DIRECTION('ref_axis',(0.,1.,0.));
#3996=DIRECTION('',(0.,1.,0.));
#3997=DIRECTION('',(1.,0.,0.));
#3998=DIRECTION('',(0.,1.,0.));
#3999=DIRECTION('',(1.,0.,0.));
#4000=DIRECTION('center_axis',(0.,1.,0.));
#4001=DIRECTION('ref_axis',(0.,0.,1.));
#4002=DIRECTION('',(0.,0.,1.));
#4003=DIRECTION('',(1.,0.,0.));
#4004=DIRECTION('',(0.,0.,1.));
#4005=DIRECTION('center_axis',(0.,1.33226794718762E-15,-1.));
#4006=DIRECTION('ref_axis',(0.,1.,1.33226794718762E-15));
#4007=DIRECTION('',(0.,1.,1.33226794718762E-15));
#4008=DIRECTION('',(1.,0.,0.));
#4009=DIRECTION('',(0.,1.,1.33226794718762E-15));
#4010=DIRECTION('center_axis',(0.,-1.,0.));
#4011=DIRECTION('ref_axis',(0.,0.,-1.));
#4012=DIRECTION('',(0.,0.,-1.));
#4013=DIRECTION('',(1.,0.,0.));
#4014=DIRECTION('',(0.,0.,-1.));
#4015=DIRECTION('center_axis',(0.,0.,1.));
#4016=DIRECTION('ref_axis',(0.,-1.,0.));
#4017=DIRECTION('',(0.,-1.,0.));
#4018=DIRECTION('',(1.,0.,0.));
#4019=DIRECTION('',(0.,-1.,0.));
#4020=DIRECTION('center_axis',(0.,1.,0.));
#4021=DIRECTION('ref_axis',(0.,0.,1.));
#4022=DIRECTION('',(0.,0.,1.));
#4023=DIRECTION('',(1.,0.,0.));
#4024=DIRECTION('',(0.,0.,1.));
#4025=DIRECTION('center_axis',(0.,0.,1.));
#4026=DIRECTION('ref_axis',(0.,-1.,0.));
#4027=DIRECTION('',(0.,-1.,0.));
#4028=DIRECTION('',(1.,0.,0.));
#4029=DIRECTION('',(0.,-1.,0.));
#4030=DIRECTION('center_axis',(0.,1.,0.));
#4031=DIRECTION('ref_axis',(0.,0.,1.));
#4032=DIRECTION('',(0.,0.,1.));
#4033=DIRECTION('',(1.,0.,0.));
#4034=DIRECTION('',(0.,0.,1.));
#4035=DIRECTION('center_axis',(1.,0.,0.));
#4036=DIRECTION('ref_axis',(0.,0.,-1.));
#4037=DIRECTION('center_axis',(0.,0.,1.));
#4038=DIRECTION('ref_axis',(0.,-1.,0.));
#4039=DIRECTION('',(0.,-1.,0.));
#4040=DIRECTION('',(1.,0.,0.));
#4041=DIRECTION('',(0.,-1.,0.));
#4042=DIRECTION('',(1.,0.,0.));
#4043=DIRECTION('center_axis',(0.,-1.,0.));
#4044=DIRECTION('ref_axis',(0.,0.,-1.));
#4045=DIRECTION('',(0.,0.,-1.));
#4046=DIRECTION('',(1.,0.,0.));
#4047=DIRECTION('',(0.,0.,-1.));
#4048=DIRECTION('center_axis',(0.,0.,1.));
#4049=DIRECTION('ref_axis',(0.,-1.,0.));
#4050=DIRECTION('',(0.,-1.,0.));
#4051=DIRECTION('',(1.,0.,0.));
#4052=DIRECTION('',(0.,-1.,0.));
#4053=DIRECTION('center_axis',(0.,1.,0.));
#4054=DIRECTION('ref_axis',(0.,0.,1.));
#4055=DIRECTION('',(0.,0.,1.));
#4056=DIRECTION('',(1.,0.,0.));
#4057=DIRECTION('',(0.,0.,1.));
#4058=DIRECTION('center_axis',(0.,1.33226758984552E-15,-1.));
#4059=DIRECTION('ref_axis',(0.,1.,1.33226758984552E-15));
#4060=DIRECTION('',(0.,1.,1.33226758984552E-15));
#4061=DIRECTION('',(1.,0.,0.));
#4062=DIRECTION('',(0.,1.,1.33226758984552E-15));
#4063=DIRECTION('center_axis',(0.,-1.,0.));
#4064=DIRECTION('ref_axis',(0.,0.,-1.));
#4065=DIRECTION('',(0.,0.,-1.));
#4066=DIRECTION('',(1.,0.,0.));
#4067=DIRECTION('',(0.,0.,-1.));
#4068=DIRECTION('center_axis',(0.,0.,-1.));
#4069=DIRECTION('ref_axis',(0.,1.,0.));
#4070=DIRECTION('',(0.,1.,0.));
#4071=DIRECTION('',(1.,0.,0.));
#4072=DIRECTION('',(0.,1.,0.));
#4073=DIRECTION('center_axis',(0.,-1.,0.));
#4074=DIRECTION('ref_axis',(0.,0.,-1.));
#4075=DIRECTION('',(0.,0.,-1.));
#4076=DIRECTION('',(0.,0.,-1.));
#4077=DIRECTION('',(1.,0.,0.));
#4078=DIRECTION('center_axis',(1.,0.,0.));
#4079=DIRECTION('ref_axis',(0.,0.,-1.));
#4080=DIRECTION('center_axis',(0.,1.,0.));
#4081=DIRECTION('ref_axis',(0.,0.,1.));
#4082=DIRECTION('',(0.,0.,1.));
#4083=DIRECTION('',(1.,0.,0.));
#4084=DIRECTION('',(0.,0.,1.));
#4085=DIRECTION('center_axis',(0.,0.,-1.));
#4086=DIRECTION('ref_axis',(0.,1.,0.));
#4087=DIRECTION('',(0.,1.,0.));
#4088=DIRECTION('',(1.,0.,0.));
#4089=DIRECTION('',(0.,1.,0.));
#4090=DIRECTION('center_axis',(0.,-1.,0.));
#4091=DIRECTION('ref_axis',(0.,0.,-1.));
#4092=DIRECTION('',(0.,0.,-1.));
#4093=DIRECTION('',(0.,0.,-1.));
#4094=DIRECTION('center_axis',(0.,0.,1.));
#4095=DIRECTION('ref_axis',(0.,-1.,0.));
#4096=DIRECTION('',(0.,-1.,0.));
#4097=DIRECTION('',(0.,-1.,0.));
#4098=DIRECTION('center_axis',(1.,0.,0.));
#4099=DIRECTION('ref_axis',(0.,0.,-1.));
#4100=DIRECTION('center_axis',(0.,0.,1.));
#4101=DIRECTION('ref_axis',(1.,0.,0.));
#4102=DIRECTION('',(1.,0.,0.));
#4103=DIRECTION('',(0.,1.,0.));
#4104=DIRECTION('',(-1.,0.,0.));
#4105=DIRECTION('center_axis',(0.,0.,-1.));
#4106=DIRECTION('ref_axis',(1.,0.,0.));
#4107=DIRECTION('',(0.,-1.,0.));
#4108=DIRECTION('center_axis',(0.,0.,1.));
#4109=DIRECTION('ref_axis',(1.,0.,0.));
#4110=DIRECTION('center_axis',(0.,0.,1.));
#4111=DIRECTION('ref_axis',(1.,0.,0.));
#4112=DIRECTION('center_axis',(0.,0.,-1.));
#4113=DIRECTION('ref_axis',(0.707106781186548,0.707106781186548,0.));
#4114=DIRECTION('',(1.,2.22044600670961E-15,0.));
#4115=DIRECTION('',(0.,1.,0.));
#4116=DIRECTION('',(-1.,0.,0.));
#4117=DIRECTION('',(0.,-1.,0.));
#4118=DIRECTION('center_axis',(0.,0.,1.));
#4119=DIRECTION('ref_axis',(1.,0.,0.));
#4120=DIRECTION('center_axis',(0.,0.,1.));
#4121=DIRECTION('ref_axis',(1.,0.,0.));
#4122=DIRECTION('',(0.,1.,0.));
#4123=DIRECTION('center_axis',(0.,0.,-1.));
#4124=DIRECTION('ref_axis',(-1.,-2.53765262771464E-15,0.));
#4125=DIRECTION('',(-1.,0.,0.));
#4126=DIRECTION('',(0.,-1.,0.));
#4127=DIRECTION('',(1.,0.,0.));
#4128=DIRECTION('center_axis',(0.,0.,1.));
#4129=DIRECTION('ref_axis',(1.,0.,0.));
#4130=DIRECTION('center_axis',(1.,0.,0.));
#4131=DIRECTION('ref_axis',(0.,1.,0.));
#4132=DIRECTION('',(0.,0.,1.));
#4133=DIRECTION('',(0.,-1.,0.));
#4134=DIRECTION('',(0.,0.,1.));
#4135=DIRECTION('center_axis',(-2.22044600670961E-15,1.,0.));
#4136=DIRECTION('ref_axis',(1.,2.22044600670961E-15,0.));
#4137=DIRECTION('',(0.,0.,1.));
#4138=DIRECTION('',(1.,2.22044600670961E-15,0.));
#4139=DIRECTION('',(0.,0.,-1.));
#4140=DIRECTION('center_axis',(0.,0.,1.));
#4141=DIRECTION('ref_axis',(0.707106781186548,0.707106781186548,0.));
#4142=DIRECTION('',(0.,0.,-1.));
#4143=DIRECTION('center_axis',(0.,0.,-1.));
#4144=DIRECTION('ref_axis',(0.707106781186548,0.707106781186548,0.));
#4145=DIRECTION('center_axis',(0.,-1.,0.));
#4146=DIRECTION('ref_axis',(1.,0.,0.));
#4147=DIRECTION('',(0.,0.,1.));
#4148=DIRECTION('',(-1.,0.,0.));
#4149=DIRECTION('',(0.,0.,1.));
#4150=DIRECTION('center_axis',(0.,0.,1.));
#4151=DIRECTION('ref_axis',(1.,0.,0.));
#4152=DIRECTION('center_axis',(0.,0.,1.));
#4153=DIRECTION('ref_axis',(1.,0.,0.));
#4154=DIRECTION('',(0.,0.,1.));
#4155=DIRECTION('center_axis',(0.,0.,1.));
#4156=DIRECTION('ref_axis',(1.,0.,0.));
#4157=DIRECTION('center_axis',(0.,0.,1.));
#4158=DIRECTION('ref_axis',(1.,0.,0.));
#4159=DIRECTION('center_axis',(0.,0.,1.));
#4160=DIRECTION('ref_axis',(1.,0.,0.));
#4161=DIRECTION('',(0.,0.,1.));
#4162=DIRECTION('center_axis',(0.,0.,1.));
#4163=DIRECTION('ref_axis',(1.,0.,0.));
#4164=DIRECTION('center_axis',(0.,0.,1.));
#4165=DIRECTION('ref_axis',(1.,0.,0.));
#4166=DIRECTION('center_axis',(0.,0.,1.));
#4167=DIRECTION('ref_axis',(1.,0.,0.));
#4168=DIRECTION('',(0.,0.,1.));
#4169=DIRECTION('center_axis',(0.,0.,-1.));
#4170=DIRECTION('ref_axis',(1.,0.,0.));
#4171=DIRECTION('center_axis',(0.,0.,1.));
#4172=DIRECTION('ref_axis',(1.,0.,0.));
#4173=DIRECTION('center_axis',(0.,0.,1.));
#4174=DIRECTION('ref_axis',(1.,0.,0.));
#4175=DIRECTION('center_axis',(0.,0.,1.));
#4176=DIRECTION('ref_axis',(1.,0.,0.));
#4177=DIRECTION('',(0.,0.,1.));
#4178=DIRECTION('center_axis',(0.,0.,1.));
#4179=DIRECTION('ref_axis',(1.,0.,0.));
#4180=DIRECTION('center_axis',(0.,0.,-1.));
#4181=DIRECTION('ref_axis',(0.,1.,0.));
#4182=DIRECTION('center_axis',(0.,0.,1.));
#4183=DIRECTION('ref_axis',(0.,1.,0.));
#4184=DIRECTION('',(0.,0.,1.));
#4185=DIRECTION('center_axis',(0.,0.,-1.));
#4186=DIRECTION('ref_axis',(0.,1.,0.));
#4187=DIRECTION('',(0.,0.,1.));
#4188=DIRECTION('center_axis',(0.,0.,-1.));
#4189=DIRECTION('ref_axis',(-8.88178419700126E-16,-1.,0.));
#4190=DIRECTION('center_axis',(0.,0.,1.));
#4191=DIRECTION('ref_axis',(-8.88178419700126E-16,-1.,0.));
#4192=DIRECTION('',(0.,0.,1.));
#4193=DIRECTION('center_axis',(0.,0.,-1.));
#4194=DIRECTION('ref_axis',(-8.88178419700126E-16,-1.,0.));
#4195=DIRECTION('',(0.,0.,1.));
#4196=DIRECTION('center_axis',(0.,0.,1.));
#4197=DIRECTION('ref_axis',(-8.88178419700126E-16,-1.,0.));
#4198=DIRECTION('',(0.,0.,1.));
#4199=DIRECTION('center_axis',(0.,0.,-1.));
#4200=DIRECTION('ref_axis',(-8.88178419700126E-16,-1.,0.));
#4201=DIRECTION('',(0.,0.,1.));
#4202=DIRECTION('center_axis',(0.,0.,-1.));
#4203=DIRECTION('ref_axis',(-1.,0.,0.));
#4204=DIRECTION('center_axis',(0.,0.,1.));
#4205=DIRECTION('ref_axis',(-1.,0.,0.));
#4206=DIRECTION('',(0.,0.,1.));
#4207=DIRECTION('center_axis',(0.,0.,-1.));
#4208=DIRECTION('ref_axis',(-1.,0.,0.));
#4209=DIRECTION('',(0.,0.,-1.));
#4210=DIRECTION('center_axis',(0.,0.,1.));
#4211=DIRECTION('ref_axis',(-1.,0.,0.));
#4212=DIRECTION('',(0.,0.,-1.));
#4213=DIRECTION('center_axis',(0.,0.,-1.));
#4214=DIRECTION('ref_axis',(-1.,0.,0.));
#4215=DIRECTION('',(0.,0.,1.));
#4216=DIRECTION('center_axis',(0.,0.,-1.));
#4217=DIRECTION('ref_axis',(1.,0.,0.));
#4218=DIRECTION('center_axis',(0.,0.,-1.));
#4219=DIRECTION('ref_axis',(1.,0.,0.));
#4220=DIRECTION('',(0.,0.,1.));
#4221=DIRECTION('center_axis',(0.,0.,1.));
#4222=DIRECTION('ref_axis',(1.,0.,0.));
#4223=DIRECTION('',(0.,0.,1.));
#4224=DIRECTION('center_axis',(1.,0.,0.));
#4225=DIRECTION('ref_axis',(0.,0.,-1.));
#4226=DIRECTION('',(0.,1.,0.));
#4227=DIRECTION('',(0.,0.,-1.));
#4228=DIRECTION('',(0.,1.,0.));
#4229=DIRECTION('center_axis',(-1.,7.04903507698512E-17,0.));
#4230=DIRECTION('ref_axis',(-7.04903507698512E-17,-1.,0.));
#4231=DIRECTION('',(-7.04903507698512E-17,-1.,0.));
#4232=DIRECTION('',(0.,0.,1.));
#4233=DIRECTION('',(-7.04903507698512E-17,-1.,0.));
#4234=DIRECTION('center_axis',(-1.,0.,0.));
#4235=DIRECTION('ref_axis',(0.,-1.,0.));
#4236=DIRECTION('',(0.,1.,0.));
#4237=DIRECTION('',(0.,-1.,0.));
#4238=DIRECTION('center_axis',(1.,0.,0.));
#4239=DIRECTION('ref_axis',(0.,-1.,0.));
#4240=DIRECTION('center_axis',(0.,0.,1.));
#4241=DIRECTION('ref_axis',(1.,0.,0.));
#4242=DIRECTION('',(1.,0.,0.));
#4243=DIRECTION('',(0.,1.,0.));
#4244=DIRECTION('',(1.,0.,0.));
#4245=DIRECTION('',(0.,-1.,0.));
#4246=DIRECTION('',(-1.,0.,0.));
#4247=DIRECTION('',(0.,1.,0.));
#4248=DIRECTION('',(1.,0.,0.));
#4249=DIRECTION('center_axis',(0.,0.,1.));
#4250=DIRECTION('ref_axis',(1.,0.,0.));
#4251=DIRECTION('center_axis',(0.,0.,-1.));
#4252=DIRECTION('ref_axis',(-1.,0.,0.));
#4253=DIRECTION('',(1.,0.,0.));
#4254=DIRECTION('',(0.,-1.,0.));
#4255=DIRECTION('',(6.34413156928661E-16,1.,0.));
#4256=DIRECTION('',(-1.,0.,0.));
#4257=DIRECTION('center_axis',(1.,0.,0.));
#4258=DIRECTION('ref_axis',(0.,1.,0.));
#4259=DIRECTION('',(0.,1.,0.));
#4260=DIRECTION('center_axis',(1.,0.,0.));
#4261=DIRECTION('ref_axis',(0.,-1.,0.));
#4262=DIRECTION('',(1.,0.,0.));
#4263=DIRECTION('center_axis',(-1.,0.,0.));
#4264=DIRECTION('ref_axis',(0.,-1.,0.));
#4265=DIRECTION('center_axis',(-1.,0.,0.));
#4266=DIRECTION('ref_axis',(0.,0.,-1.));
#4267=DIRECTION('',(0.,0.,1.));
#4268=DIRECTION('',(0.,-1.,0.));
#4269=DIRECTION('',(0.,0.,-1.));
#4270=DIRECTION('',(0.,-1.,0.));
#4271=DIRECTION('center_axis',(0.,0.,1.));
#4272=DIRECTION('ref_axis',(-1.,0.,0.));
#4273=DIRECTION('',(1.,0.,0.));
#4274=DIRECTION('',(-1.,0.,0.));
#4275=DIRECTION('',(0.,-1.,0.));
#4276=DIRECTION('center_axis',(1.,0.,0.));
#4277=DIRECTION('ref_axis',(0.,0.,1.));
#4278=DIRECTION('',(0.,0.,-1.));
#4279=DIRECTION('',(0.,0.,1.));
#4280=DIRECTION('',(0.,-1.,0.));
#4281=DIRECTION('center_axis',(0.,0.,1.));
#4282=DIRECTION('ref_axis',(1.,0.,0.));
#4283=DIRECTION('',(-1.,0.,0.));
#4284=DIRECTION('',(0.,-1.,0.));
#4285=DIRECTION('',(-1.,0.,0.));
#4286=DIRECTION('',(0.,1.,0.));
#4287=DIRECTION('',(-1.,0.,0.));
#4288=DIRECTION('center_axis',(0.,0.,-1.));
#4289=DIRECTION('ref_axis',(1.,0.,0.));
#4290=DIRECTION('',(-1.,0.,0.));
#4291=DIRECTION('',(0.,-1.,0.));
#4292=DIRECTION('',(1.,0.,0.));
#4293=DIRECTION('',(0.,1.,0.));
#4294=DIRECTION('center_axis',(0.,0.,-1.));
#4295=DIRECTION('ref_axis',(-1.,-2.53765262771464E-15,0.));
#4296=DIRECTION('',(0.,1.,0.));
#4297=DIRECTION('',(-1.,0.,0.));
#4298=DIRECTION('',(0.,-1.,0.));
#4299=DIRECTION('',(1.7164974508721E-7,-0.999999999999985,0.));
#4300=DIRECTION('',(-1.,0.,0.));
#4301=DIRECTION('',(0.,1.,0.));
#4302=DIRECTION('',(-1.,0.,0.));
#4303=DIRECTION('',(1.,0.,0.));
#4304=DIRECTION('',(1.,0.,0.));
#4305=DIRECTION('',(0.,-1.,0.));
#4306=DIRECTION('',(-1.,0.,0.));
#4307=DIRECTION('',(0.,1.,0.));
#4308=DIRECTION('center_axis',(0.,0.,-1.));
#4309=DIRECTION('ref_axis',(1.,0.,0.));
#4310=DIRECTION('center_axis',(0.,0.,1.));
#4311=DIRECTION('ref_axis',(1.,0.,0.));
#4312=DIRECTION('center_axis',(0.,0.,1.));
#4313=DIRECTION('ref_axis',(-1.,0.,0.));
#4314=DIRECTION('',(-1.,0.,0.));
#4315=DIRECTION('',(0.,1.,0.));
#4316=DIRECTION('',(1.,0.,0.));
#4317=DIRECTION('',(0.,-1.,0.));
#4318=DIRECTION('center_axis',(0.,0.,-1.));
#4319=DIRECTION('ref_axis',(-1.,0.,0.));
#4320=DIRECTION('',(-1.,0.,0.));
#4321=DIRECTION('',(0.,-1.,0.));
#4322=DIRECTION('',(-1.,0.,0.));
#4323=DIRECTION('',(0.,1.,0.));
#4324=DIRECTION('center_axis',(0.,0.,-1.));
#4325=DIRECTION('ref_axis',(-1.,0.,0.));
#4326=DIRECTION('',(-1.,0.,0.));
#4327=DIRECTION('',(0.,-1.,0.));
#4328=DIRECTION('',(-1.,0.,0.));
#4329=DIRECTION('',(0.,1.,0.));
#4330=DIRECTION('center_axis',(-1.,0.,0.));
#4331=DIRECTION('ref_axis',(0.,-1.,0.));
#4332=DIRECTION('',(0.,0.,1.));
#4333=DIRECTION('',(0.,0.,1.));
#4334=DIRECTION('center_axis',(1.,0.,0.));
#4335=DIRECTION('ref_axis',(0.,1.,0.));
#4336=DIRECTION('',(0.,0.,1.));
#4337=DIRECTION('',(0.,0.,1.));
#4338=DIRECTION('center_axis',(0.,1.,0.));
#4339=DIRECTION('ref_axis',(-1.,0.,0.));
#4340=DIRECTION('',(0.,0.,-1.));
#4341=DIRECTION('',(0.,0.,1.));
#4342=DIRECTION('center_axis',(1.,0.,0.));
#4343=DIRECTION('ref_axis',(0.,1.,0.));
#4344=DIRECTION('',(0.,0.,1.));
#4345=DIRECTION('',(0.,0.,1.));
#4346=DIRECTION('center_axis',(0.,-1.,0.));
#4347=DIRECTION('ref_axis',(1.,0.,0.));
#4348=DIRECTION('',(0.,0.,1.));
#4349=DIRECTION('center_axis',(-1.,0.,0.));
#4350=DIRECTION('ref_axis',(0.,-1.,0.));
#4351=DIRECTION('',(0.,0.,1.));
#4352=DIRECTION('center_axis',(0.,-1.,0.));
#4353=DIRECTION('ref_axis',(1.,0.,0.));
#4354=DIRECTION('center_axis',(0.,1.,0.));
#4355=DIRECTION('ref_axis',(0.707106781186547,0.,0.707106781186547));
#4356=DIRECTION('',(1.,0.,0.));
#4357=DIRECTION('center_axis',(0.,1.,0.));
#4358=DIRECTION('ref_axis',(-0.707106781186547,0.,0.707106781186547));
#4359=DIRECTION('',(0.,0.,1.));
#4360=DIRECTION('',(0.,0.,1.));
#4361=DIRECTION('center_axis',(0.999999999999985,1.7164974508721E-7,0.));
#4362=DIRECTION('ref_axis',(-1.7164974508721E-7,0.999999999999985,0.));
#4363=DIRECTION('',(-1.7164974508721E-7,0.999999999999985,0.));
#4364=DIRECTION('',(0.,0.,1.));
#4365=DIRECTION('center_axis',(0.,0.,1.));
#4366=DIRECTION('ref_axis',(-1.,-2.53765262771464E-15,0.));
#4367=DIRECTION('',(0.,0.,1.));
#4368=DIRECTION('center_axis',(0.,0.,1.));
#4369=DIRECTION('ref_axis',(1.,0.,0.));
#4370=DIRECTION('',(0.,0.,1.));
#4371=DIRECTION('center_axis',(0.,0.,-1.));
#4372=DIRECTION('ref_axis',(-0.997434071336994,-0.0715910143531153,0.));
#4373=DIRECTION('center_axis',(0.,0.,-1.));
#4374=DIRECTION('ref_axis',(-0.997434071336994,-0.0715910143531153,0.));
#4375=DIRECTION('',(0.,0.,1.));
#4376=DIRECTION('center_axis',(0.,0.,1.));
#4377=DIRECTION('ref_axis',(-0.997434071336994,-0.0715910143531153,0.));
#4378=DIRECTION('',(0.,0.,-1.));
#4379=DIRECTION('center_axis',(0.,1.,0.));
#4380=DIRECTION('ref_axis',(1.,0.,0.));
#4381=DIRECTION('',(1.,0.,0.));
#4382=DIRECTION('',(-1.,0.,0.));
#4383=DIRECTION('',(0.,0.,1.));
#4384=DIRECTION('center_axis',(1.,0.,0.));
#4385=DIRECTION('ref_axis',(0.,1.,0.));
#4386=DIRECTION('',(0.,1.,0.));
#4387=DIRECTION('',(0.,0.,1.));
#4388=DIRECTION('center_axis',(0.,1.,0.));
#4389=DIRECTION('ref_axis',(0.707106781186547,0.,0.707106781186547));
#4390=DIRECTION('center_axis',(0.,1.,0.));
#4391=DIRECTION('ref_axis',(0.707106781186547,0.,0.707106781186547));
#4392=DIRECTION('',(0.,-1.,0.));
#4393=DIRECTION('center_axis',(0.,0.,1.));
#4394=DIRECTION('ref_axis',(1.,0.,0.));
#4395=DIRECTION('',(-1.,0.,0.));
#4396=DIRECTION('',(0.,1.,0.));
#4397=DIRECTION('center_axis',(0.,-1.,0.));
#4398=DIRECTION('ref_axis',(-0.707106781186547,0.,0.707106781186547));
#4399=DIRECTION('center_axis',(0.,1.,0.));
#4400=DIRECTION('ref_axis',(-0.707106781186547,0.,0.707106781186547));
#4401=DIRECTION('',(0.,-1.,0.));
#4402=DIRECTION('center_axis',(-1.,0.,0.));
#4403=DIRECTION('ref_axis',(0.,-1.,0.));
#4404=DIRECTION('',(0.,0.,1.));
#4405=DIRECTION('center_axis',(-1.,0.,0.));
#4406=DIRECTION('ref_axis',(0.,-1.,0.));
#4407=DIRECTION('',(0.,0.,1.));
#4408=DIRECTION('center_axis',(0.,1.,0.));
#4409=DIRECTION('ref_axis',(-1.,0.,0.));
#4410=DIRECTION('',(-1.,0.,0.));
#4411=DIRECTION('',(0.,0.,1.));
#4412=DIRECTION('',(0.,0.,1.));
#4413=DIRECTION('center_axis',(0.,-1.,0.));
#4414=DIRECTION('ref_axis',(1.,0.,0.));
#4415=DIRECTION('',(1.,0.,0.));
#4416=DIRECTION('',(0.,0.,1.));
#4417=DIRECTION('',(1.,0.,0.));
#4418=DIRECTION('',(0.,0.,1.));
#4419=DIRECTION('center_axis',(0.,-1.,0.));
#4420=DIRECTION('ref_axis',(1.,0.,0.));
#4421=DIRECTION('',(0.,0.,1.));
#4422=DIRECTION('center_axis',(0.,0.,1.));
#4423=DIRECTION('ref_axis',(1.,0.,0.));
#4424=DIRECTION('',(0.,-1.,0.));
#4425=DIRECTION('',(-1.,0.,0.));
#4426=DIRECTION('',(0.,-1.,0.));
#4427=DIRECTION('center_axis',(1.,0.,0.));
#4428=DIRECTION('ref_axis',(0.,-1.,0.));
#4429=DIRECTION('',(0.,0.,1.));
#4430=DIRECTION('',(0.,-1.,0.));
#4431=DIRECTION('center_axis',(0.,0.,1.));
#4432=DIRECTION('ref_axis',(1.,0.,0.));
#4433=DIRECTION('',(1.,0.,0.));
#4434=DIRECTION('',(0.,1.,0.));
#4435=DIRECTION('',(0.,-1.,0.));
#4436=DIRECTION('',(0.,1.,0.));
#4437=DIRECTION('center_axis',(-1.,0.,0.));
#4438=DIRECTION('ref_axis',(0.,1.,0.));
#4439=DIRECTION('',(0.,0.,-1.));
#4440=DIRECTION('center_axis',(1.,0.,0.));
#4441=DIRECTION('ref_axis',(0.,-1.,0.));
#4442=DIRECTION('',(0.,1.,0.));
#4443=DIRECTION('',(0.,0.,1.));
#4444=DIRECTION('',(0.,1.,0.));
#4445=DIRECTION('',(0.,0.,1.));
#4446=DIRECTION('center_axis',(-1.,0.,0.));
#4447=DIRECTION('ref_axis',(0.,1.,0.));
#4448=DIRECTION('',(0.,-1.,0.));
#4449=DIRECTION('',(0.,0.,1.));
#4450=DIRECTION('',(0.,-1.,0.));
#4451=DIRECTION('',(0.,0.,-1.));
#4452=DIRECTION('center_axis',(1.,0.,0.));
#4453=DIRECTION('ref_axis',(0.,-0.707106781186547,0.707106781186547));
#4454=DIRECTION('center_axis',(-1.,0.,0.));
#4455=DIRECTION('ref_axis',(0.,-0.707106781186547,0.707106781186547));
#4456=DIRECTION('center_axis',(1.,0.,0.));
#4457=DIRECTION('ref_axis',(0.,-0.707106781186547,0.707106781186547));
#4458=DIRECTION('',(-1.,0.,0.));
#4459=DIRECTION('center_axis',(-1.,0.,0.));
#4460=DIRECTION('ref_axis',(0.,0.707106781186547,0.707106781186547));
#4461=DIRECTION('center_axis',(1.,0.,0.));
#4462=DIRECTION('ref_axis',(0.,0.707106781186547,0.707106781186547));
#4463=DIRECTION('center_axis',(-1.,0.,0.));
#4464=DIRECTION('ref_axis',(0.,0.707106781186547,0.707106781186547));
#4465=DIRECTION('',(1.,0.,0.));
#4466=DIRECTION('center_axis',(-1.,0.,0.));
#4467=DIRECTION('ref_axis',(0.,1.,0.));
#4468=DIRECTION('',(0.,-1.,0.));
#4469=DIRECTION('',(0.,0.,1.));
#4470=DIRECTION('',(0.,-1.,0.));
#4471=DIRECTION('',(0.,0.,1.));
#4472=DIRECTION('center_axis',(1.,0.,0.));
#4473=DIRECTION('ref_axis',(0.,-1.,0.));
#4474=DIRECTION('',(0.,1.,0.));
#4475=DIRECTION('',(0.,0.,1.));
#4476=DIRECTION('',(0.,1.,0.));
#4477=DIRECTION('',(0.,0.,1.));
#4478=DIRECTION('center_axis',(0.,1.,0.));
#4479=DIRECTION('ref_axis',(-1.,0.,0.));
#4480=DIRECTION('',(-1.,0.,0.));
#4481=DIRECTION('',(0.,0.,-1.));
#4482=DIRECTION('center_axis',(0.,1.,0.));
#4483=DIRECTION('ref_axis',(-1.,0.,0.));
#4484=DIRECTION('',(-1.,0.,0.));
#4485=DIRECTION('center_axis',(-1.,0.,0.));
#4486=DIRECTION('ref_axis',(0.,-1.,0.));
#4487=DIRECTION('',(1.03276560430247E-16,1.,0.));
#4488=DIRECTION('',(0.,0.,1.));
#4489=DIRECTION('',(0.,-1.,0.));
#4490=DIRECTION('',(0.,0.,1.));
#4491=DIRECTION('center_axis',(0.,-1.,0.));
#4492=DIRECTION('ref_axis',(1.,0.,0.));
#4493=DIRECTION('',(1.,0.,0.));
#4494=DIRECTION('',(0.,0.,1.));
#4495=DIRECTION('center_axis',(1.,0.,0.));
#4496=DIRECTION('ref_axis',(0.,1.,0.));
#4497=DIRECTION('',(0.,1.,0.));
#4498=DIRECTION('',(0.,0.,-1.));
#4499=DIRECTION('',(0.,-1.,0.));
#4500=DIRECTION('center_axis',(0.,1.,0.));
#4501=DIRECTION('ref_axis',(0.,0.,1.));
#4502=DIRECTION('',(-1.,0.,0.));
#4503=DIRECTION('center_axis',(0.,-1.,0.));
#4504=DIRECTION('ref_axis',(-1.,0.,0.));
#4505=DIRECTION('',(1.,0.,0.));
#4506=DIRECTION('',(0.,0.,-1.));
#4507=DIRECTION('',(1.,0.,0.));
#4508=DIRECTION('center_axis',(0.,1.,0.));
#4509=DIRECTION('ref_axis',(1.,0.,0.));
#4510=DIRECTION('',(-1.,0.,0.));
#4511=DIRECTION('',(-1.,0.,0.));
#4512=DIRECTION('',(0.,0.,1.));
#4513=DIRECTION('center_axis',(0.,-1.,0.));
#4514=DIRECTION('ref_axis',(-1.,0.,0.));
#4515=DIRECTION('',(1.,0.,0.));
#4516=DIRECTION('',(0.,0.,-1.));
#4517=DIRECTION('',(1.,0.,0.));
#4518=DIRECTION('center_axis',(0.,1.,0.));
#4519=DIRECTION('ref_axis',(1.,0.,0.));
#4520=DIRECTION('',(-1.,0.,0.));
#4521=DIRECTION('',(-1.,0.,0.));
#4522=DIRECTION('',(0.,0.,1.));
#4523=DIRECTION('center_axis',(0.,1.,0.));
#4524=DIRECTION('ref_axis',(1.,0.,0.));
#4525=DIRECTION('',(-1.,0.,0.));
#4526=DIRECTION('',(0.,0.,-1.));
#4527=DIRECTION('',(-1.,0.,0.));
#4528=DIRECTION('center_axis',(0.,-1.,0.));
#4529=DIRECTION('ref_axis',(-1.,0.,0.));
#4530=DIRECTION('',(1.,0.,0.));
#4531=DIRECTION('',(1.,0.,0.));
#4532=DIRECTION('',(0.,0.,1.));
#4533=DIRECTION('center_axis',(0.,0.,1.));
#4534=DIRECTION('ref_axis',(1.,0.,0.));
#4535=DIRECTION('',(1.,0.,0.));
#4536=DIRECTION('',(0.,-1.,0.));
#4537=DIRECTION('',(0.,-1.,0.));
#4538=DIRECTION('',(-1.,0.,0.));
#4539=DIRECTION('',(0.,1.,0.));
#4540=DIRECTION('',(0.,1.,0.));
#4541=DIRECTION('center_axis',(-1.,0.,0.));
#4542=DIRECTION('ref_axis',(0.,0.707106781186549,0.707106781186546));
#4543=DIRECTION('center_axis',(1.,0.,0.));
#4544=DIRECTION('ref_axis',(0.,0.707106781186549,0.707106781186546));
#4545=DIRECTION('',(1.,0.,0.));
#4546=DIRECTION('center_axis',(-1.,0.,0.));
#4547=DIRECTION('ref_axis',(0.,0.707106781186549,0.707106781186546));
#4548=DIRECTION('center_axis',(0.,1.,0.));
#4549=DIRECTION('ref_axis',(1.,0.,0.));
#4550=DIRECTION('',(0.,0.,-1.));
#4551=DIRECTION('',(1.,0.,0.));
#4552=DIRECTION('',(0.,0.,-1.));
#4553=DIRECTION('center_axis',(0.,0.,1.));
#4554=DIRECTION('ref_axis',(1.,0.,0.));
#4555=DIRECTION('',(0.,-1.,0.));
#4556=DIRECTION('',(-1.,-5.06077159214774E-9,0.));
#4557=DIRECTION('',(0.,1.,0.));
#4558=DIRECTION('center_axis',(5.06077159214774E-9,-1.,0.));
#4559=DIRECTION('ref_axis',(-1.,-5.06077159214774E-9,0.));
#4560=DIRECTION('',(-1.,-5.06077159214774E-9,0.));
#4561=DIRECTION('',(0.,0.,-1.));
#4562=DIRECTION('',(0.,0.,-1.));
#4563=DIRECTION('center_axis',(1.,5.06077159214774E-9,0.));
#4564=DIRECTION('ref_axis',(3.57850448887339E-9,-0.707106781186546,0.707106781186549));
#4565=DIRECTION('center_axis',(-1.,0.,0.));
#4566=DIRECTION('ref_axis',(0.,-0.707106781186546,0.707106781186549));
#4567=DIRECTION('center_axis',(1.,0.,0.));
#4568=DIRECTION('ref_axis',(0.,-0.707106781186546,0.707106781186549));
#4569=DIRECTION('',(1.,5.06077159214774E-9,0.));
#4570=DIRECTION('center_axis',(0.,1.,0.));
#4571=DIRECTION('ref_axis',(1.,0.,0.));
#4572=DIRECTION('',(-1.,0.,0.));
#4573=DIRECTION('',(0.,0.,-1.));
#4574=DIRECTION('',(-1.,0.,0.));
#4575=DIRECTION('center_axis',(0.,0.,1.));
#4576=DIRECTION('ref_axis',(1.,0.,0.));
#4577=DIRECTION('',(0.,1.,0.));
#4578=DIRECTION('',(0.,1.,0.));
#4579=DIRECTION('',(1.,0.,0.));
#4580=DIRECTION('',(0.,-1.,0.));
#4581=DIRECTION('',(0.,-1.,0.));
#4582=DIRECTION('center_axis',(0.,-1.,0.));
#4583=DIRECTION('ref_axis',(-1.,0.,0.));
#4584=DIRECTION('',(1.,0.,0.));
#4585=DIRECTION('',(0.,0.,1.));
#4586=DIRECTION('center_axis',(0.,0.,1.));
#4587=DIRECTION('ref_axis',(1.,0.,0.));
#4588=DIRECTION('',(-1.,0.,0.));
#4589=DIRECTION('',(0.,1.,0.));
#4590=DIRECTION('',(0.,1.,0.));
#4591=DIRECTION('',(0.,-1.,0.));
#4592=DIRECTION('',(0.,-1.,0.));
#4593=DIRECTION('center_axis',(-1.,0.,0.));
#4594=DIRECTION('ref_axis',(0.,0.707106781186548,0.707106781186548));
#4595=DIRECTION('center_axis',(1.,0.,0.));
#4596=DIRECTION('ref_axis',(0.,0.707106781186548,0.707106781186548));
#4597=DIRECTION('',(1.,0.,0.));
#4598=DIRECTION('center_axis',(-1.,0.,0.));
#4599=DIRECTION('ref_axis',(0.,0.707106781186548,0.707106781186548));
#4600=DIRECTION('center_axis',(1.,0.,0.));
#4601=DIRECTION('ref_axis',(0.,-0.707106781186546,0.707106781186549));
#4602=DIRECTION('center_axis',(-1.,0.,0.));
#4603=DIRECTION('ref_axis',(0.,-0.707106781186546,0.707106781186549));
#4604=DIRECTION('',(-1.,0.,0.));
#4605=DIRECTION('center_axis',(1.,0.,0.));
#4606=DIRECTION('ref_axis',(0.,-0.707106781186546,0.707106781186549));
#4607=DIRECTION('center_axis',(1.,-6.34413156928661E-16,0.));
#4608=DIRECTION('ref_axis',(-6.34413156928661E-16,-1.,0.));
#4609=DIRECTION('',(6.34413156928661E-16,1.,0.));
#4610=DIRECTION('center_axis',(0.,0.,-1.));
#4611=DIRECTION('ref_axis',(-1.,0.,0.));
#4612=DIRECTION('',(-1.,0.,0.));
#4613=DIRECTION('',(0.,1.,0.));
#4614=DIRECTION('center_axis',(0.,0.,1.));
#4615=DIRECTION('ref_axis',(1.,0.,0.));
#4616=DIRECTION('',(1.,0.,0.));
#4617=DIRECTION('center_axis',(0.,1.,0.));
#4618=DIRECTION('ref_axis',(1.,0.,0.));
#4619=DIRECTION('',(0.,0.,-1.));
#4620=DIRECTION('',(0.,0.,-1.));
#4621=DIRECTION('center_axis',(-1.,0.,0.));
#4622=DIRECTION('ref_axis',(0.,-1.,0.));
#4623=DIRECTION('',(0.,0.,-1.));
#4624=DIRECTION('center_axis',(0.,-1.,0.));
#4625=DIRECTION('ref_axis',(-1.,0.,0.));
#4626=DIRECTION('',(0.,0.,-1.));
#4627=DIRECTION('center_axis',(1.,0.,0.));
#4628=DIRECTION('ref_axis',(0.,1.,0.));
#4629=DIRECTION('center_axis',(0.,1.,0.));
#4630=DIRECTION('ref_axis',(0.,0.,1.));
#4631=DIRECTION('',(0.,0.,1.));
#4632=DIRECTION('center_axis',(-1.,0.,0.));
#4633=DIRECTION('ref_axis',(0.,0.,1.));
#4634=DIRECTION('center_axis',(0.,-1.,0.));
#4635=DIRECTION('ref_axis',(1.,0.,0.));
#4636=DIRECTION('center_axis',(0.,0.,1.));
#4637=DIRECTION('ref_axis',(1.,0.,0.));
#4638=DIRECTION('',(0.,0.,1.));
#4639=CARTESIAN_POINT('',(0.,0.,0.));
#4640=CARTESIAN_POINT('Origin',(-26.4999999967044,-34.7882767267603,17.6367594582017));
#4641=CARTESIAN_POINT('',(-26.4999999967044,-34.7882767267603,17.6367594582017));
#4642=CARTESIAN_POINT('',(-26.4999999967044,-34.7882767267603,15.9700925928529));
#4643=CARTESIAN_POINT('',(-26.4999999967044,-34.7882767267603,8.81837972910087));
#4644=CARTESIAN_POINT('',(-25.9999999967044,-34.7882767267603,17.6367594582017));
#4645=CARTESIAN_POINT('',(-26.4999999967044,-34.7882767267603,17.6367594582017));
#4646=CARTESIAN_POINT('',(-25.9999999967044,-34.7882767267603,15.9700925928529));
#4647=CARTESIAN_POINT('',(-25.9999999967044,-34.7882767267603,16.8034257275041));
#4648=CARTESIAN_POINT('',(-26.4999999967044,-34.7882767267603,15.9700925928529));
#4649=CARTESIAN_POINT('Origin',(-26.4999999967044,-33.1216104574579,17.6367594582017));
#4650=CARTESIAN_POINT('',(-26.4999999967044,-33.1216104574579,17.6367594582017));
#4651=CARTESIAN_POINT('',(-26.4999999967044,-2.56080509461852,17.6367594582017));
#4652=CARTESIAN_POINT('',(-25.9999999967044,-33.1216104574579,17.6367594582017));
#4653=CARTESIAN_POINT('',(-26.4999999967044,-33.1216104574579,17.6367594582017));
#4654=CARTESIAN_POINT('',(-25.9999999967044,-33.9549429960627,17.6367594582017));
#4655=CARTESIAN_POINT('Origin',(-26.4999999967044,-33.1216104574579,15.9700925928529));
#4656=CARTESIAN_POINT('',(-26.4999999967044,-33.1216104574579,15.9700925928529));
#4657=CARTESIAN_POINT('',(-26.4999999967044,-33.1216104574579,7.98504629642646));
#4658=CARTESIAN_POINT('',(-25.9999999967044,-33.1216104574579,15.9700925928529));
#4659=CARTESIAN_POINT('',(-26.4999999967044,-33.1216104574579,15.9700925928529));
#4660=CARTESIAN_POINT('',(-25.9999999967044,-33.1216104574579,16.8034257275041));
#4661=CARTESIAN_POINT('Origin',(-26.4999999967044,-34.7882767267603,15.9700925928529));
#4662=CARTESIAN_POINT('',(-26.4999999967044,-3.3941382292697,15.9700925928529));
#4663=CARTESIAN_POINT('',(-25.9999999967044,-34.7882767267603,15.9700925928529));
#4664=CARTESIAN_POINT('',(-26.4999999967044,-33.1216104574579,15.9700925928529));
#4665=CARTESIAN_POINT('Origin',(-25.9999999967044,-33.9549429960627,14.3034257275041));
#4666=CARTESIAN_POINT('Origin',(-26.4999999967044,-34.7882767267603,9.30342572750411));
#4667=CARTESIAN_POINT('',(-26.4999999967044,-34.7882767267603,9.30342572750411));
#4668=CARTESIAN_POINT('',(-26.4999999967044,-33.1216104574579,9.30342572750411));
#4669=CARTESIAN_POINT('',(-26.4999999967044,-3.3941382292697,9.30342572750415));
#4670=CARTESIAN_POINT('',(-25.9999999967044,-34.7882767267603,9.30342572750411));
#4671=CARTESIAN_POINT('',(-26.4999999967044,-34.7882767267603,9.30342572750411));
#4672=CARTESIAN_POINT('',(-25.9999999967044,-33.1216104574579,9.30342572750411));
#4673=CARTESIAN_POINT('',(-25.9999999967044,-33.9549429960627,9.30342572750411));
#4674=CARTESIAN_POINT('',(-26.4999999967044,-33.1216104574579,9.30342572750411));
#4675=CARTESIAN_POINT('Origin',(-26.4999999967044,-34.7882767267603,10.9700925928529));
#4676=CARTESIAN_POINT('',(-26.4999999967044,-34.7882767267603,10.9700925928529));
#4677=CARTESIAN_POINT('',(-26.4999999967044,-34.7882767267603,5.48504629642646));
#4678=CARTESIAN_POINT('',(-25.9999999967044,-34.7882767267603,10.9700925928529));
#4679=CARTESIAN_POINT('',(-26.4999999967044,-34.7882767267603,10.9700925928529));
#4680=CARTESIAN_POINT('',(-25.9999999967044,-34.7882767267603,10.1367588621553));
#4681=CARTESIAN_POINT('Origin',(-26.4999999967044,-33.1216104574579,10.9700925928529));
#4682=CARTESIAN_POINT('',(-26.4999999967044,-33.1216104574579,10.9700925928529));
#4683=CARTESIAN_POINT('',(-26.4999999967044,-2.56080509461852,10.9700925928529));
#4684=CARTESIAN_POINT('',(-25.9999999967044,-33.1216104574579,10.9700925928529));
#4685=CARTESIAN_POINT('',(-26.4999999967044,-33.1216104574579,10.9700925928529));
#4686=CARTESIAN_POINT('',(-25.9999999967044,-33.9549429960627,10.9700925928529));
#4687=CARTESIAN_POINT('Origin',(-26.4999999967044,-33.1216104574579,9.30342572750411));
#4688=CARTESIAN_POINT('',(-26.4999999967044,-33.1216104574579,4.65171286375206));
#4689=CARTESIAN_POINT('',(-25.9999999967044,-33.1216104574579,10.1367588621553));
#4690=CARTESIAN_POINT('',(-26.4999999967044,-33.1216104574579,10.9700925928529));
#4691=CARTESIAN_POINT('Origin',(-25.9999999967044,-33.9549429960627,14.3034257275041));
#4692=CARTESIAN_POINT('Origin',(-26.4999999967044,-33.1216104574579,10.9700925928529));
#4693=CARTESIAN_POINT('',(-26.4999999967044,-31.4549429960627,10.9700925928529));
#4694=CARTESIAN_POINT('',(-26.4999999967044,-2.56080509461851,10.9700925928529));
#4695=CARTESIAN_POINT('',(-25.9999999967044,-31.4549429960627,10.9700925928529));
#4696=CARTESIAN_POINT('',(-25.9999999967044,-32.2882767267603,10.9700925928529));
#4697=CARTESIAN_POINT('',(-26.4999999967044,-31.4549429960627,10.9700925928529));
#4698=CARTESIAN_POINT('Origin',(-26.4999999967044,-33.1216104574579,12.6367594582017));
#4699=CARTESIAN_POINT('',(-26.4999999967044,-33.1216104574579,12.6367594582017));
#4700=CARTESIAN_POINT('',(-26.4999999967044,-33.1216104574579,6.31837972910087));
#4701=CARTESIAN_POINT('',(-25.9999999967044,-33.1216104574579,12.6367594582017));
#4702=CARTESIAN_POINT('',(-26.4999999967044,-33.1216104574579,12.6367594582017));
#4703=CARTESIAN_POINT('',(-25.9999999967044,-33.1216104574579,11.8034257275041));
#4704=CARTESIAN_POINT('Origin',(-26.4999999967044,-31.4549429960627,12.6367594582017));
#4705=CARTESIAN_POINT('',(-26.4999999967044,-31.4549429960627,12.6367594582017));
#4706=CARTESIAN_POINT('',(-26.4999999967044,-1.72747136392088,12.6367594582017));
#4707=CARTESIAN_POINT('',(-25.9999999967044,-31.4549429960627,12.6367594582017));
#4708=CARTESIAN_POINT('',(-26.4999999967044,-31.4549429960627,12.6367594582017));
#4709=CARTESIAN_POINT('',(-25.9999999967044,-32.2882767267603,12.6367594582017));
#4710=CARTESIAN_POINT('Origin',(-26.4999999967044,-31.4549429960627,10.9700925928529));
#4711=CARTESIAN_POINT('',(-26.4999999967044,-31.4549429960627,5.48504629642647));
#4712=CARTESIAN_POINT('',(-25.9999999967044,-31.4549429960627,11.8034257275041));
#4713=CARTESIAN_POINT('',(-26.4999999967044,-31.4549429960627,12.6367594582017));
#4714=CARTESIAN_POINT('Origin',(-25.9999999967044,-33.9549429960627,14.3034257275041));
#4715=CARTESIAN_POINT('Origin',(-26.4999999967044,-29.7882767267603,19.3034257275041));
#4716=CARTESIAN_POINT('',(-26.4999999967044,-29.7882767267603,19.3034257275041));
#4717=CARTESIAN_POINT('',(-26.4999999967044,-29.7882767267603,14.3034257275041));
#4718=CARTESIAN_POINT('',(-26.4999999967044,-29.7882767267603,9.65171286375206));
#4719=CARTESIAN_POINT('',(-25.9999999967044,-29.7882767267603,19.3034257275041));
#4720=CARTESIAN_POINT('',(-26.4999999967044,-29.7882767267603,19.3034257275041));
#4721=CARTESIAN_POINT('',(-25.9999999967044,-29.7882767267603,14.3034257275041));
#4722=CARTESIAN_POINT('',(-25.9999999967044,-29.7882767267603,15.1367594582017));
#4723=CARTESIAN_POINT('',(-26.4999999967044,-29.7882767267603,14.3034257275041));
#4724=CARTESIAN_POINT('Origin',(-26.4999999967044,-28.1216098614115,19.3034257275041));
#4725=CARTESIAN_POINT('',(-26.4999999967044,-28.1216098614115,19.3034257275041));
#4726=CARTESIAN_POINT('',(-26.4999999967044,-0.0608047965952929,19.3034257275041));
#4727=CARTESIAN_POINT('',(-25.9999999967044,-28.1216098614115,19.3034257275041));
#4728=CARTESIAN_POINT('',(-26.4999999967044,-28.1216098614115,19.3034257275041));
#4729=CARTESIAN_POINT('',(-25.9999999967044,-28.9549429960627,19.3034257275041));
#4730=CARTESIAN_POINT('Origin',(-26.4999999967044,-28.1216098614115,9.30342572750412));
#4731=CARTESIAN_POINT('',(-26.4999999967044,-28.1216098614115,9.30342572750412));
#4732=CARTESIAN_POINT('',(-26.4999999967044,-28.1216098614115,4.65171286375206));
#4733=CARTESIAN_POINT('',(-25.9999999967044,-28.1216098614115,9.30342572750412));
#4734=CARTESIAN_POINT('',(-26.4999999967044,-28.1216098614115,9.30342572750412));
#4735=CARTESIAN_POINT('',(-25.9999999967044,-28.1216098614115,18.4700925928529));
#4736=CARTESIAN_POINT('Origin',(-26.4999999967044,-29.7882767267603,9.30342572750412));
#4737=CARTESIAN_POINT('',(-26.4999999967044,-29.7882767267603,9.30342572750412));
#4738=CARTESIAN_POINT('',(-26.4999999967044,-0.894138229269705,9.30342572750416));
#4739=CARTESIAN_POINT('',(-25.9999999967044,-29.7882767267603,9.30342572750412));
#4740=CARTESIAN_POINT('',(-26.4999999967044,-29.7882767267603,9.30342572750412));
#4741=CARTESIAN_POINT('',(-25.9999999967044,-28.9549429960627,9.30342572750412));
#4742=CARTESIAN_POINT('Origin',(-26.4999999967044,-29.7882767267603,12.6367594582017));
#4743=CARTESIAN_POINT('',(-26.4999999967044,-29.7882767267603,12.6367594582017));
#4744=CARTESIAN_POINT('',(-26.4999999967044,-29.7882767267603,6.31837972910087));
#4745=CARTESIAN_POINT('',(-25.9999999967044,-29.7882767267603,12.6367594582017));
#4746=CARTESIAN_POINT('',(-26.4999999967044,-29.7882767267603,12.6367594582017));
#4747=CARTESIAN_POINT('',(-25.9999999967044,-29.7882767267603,10.1367588621553));
#4748=CARTESIAN_POINT('Origin',(-26.4999999967044,-31.4549429960627,12.6367594582017));
#4749=CARTESIAN_POINT('',(-26.4999999967044,-1.72747136392088,12.6367594582017));
#4750=CARTESIAN_POINT('',(-25.9999999967044,-30.6216104574579,12.6367594582017));
#4751=CARTESIAN_POINT('Origin',(-26.4999999967044,-31.4549429960627,14.3034257275041));
#4752=CARTESIAN_POINT('',(-26.4999999967044,-31.4549429960627,14.3034257275041));
#4753=CARTESIAN_POINT('',(-26.4999999967044,-31.4549429960627,7.15171286375206));
#4754=CARTESIAN_POINT('',(-25.9999999967044,-31.4549429960627,14.3034257275041));
#4755=CARTESIAN_POINT('',(-26.4999999967044,-31.4549429960627,14.3034257275041));
#4756=CARTESIAN_POINT('',(-25.9999999967044,-31.4549429960627,13.4700925928529));
#4757=CARTESIAN_POINT('Origin',(-26.4999999967044,-29.7882767267603,14.3034257275041));
#4758=CARTESIAN_POINT('',(-26.4999999967044,-0.894138229269701,14.3034257275041));
#4759=CARTESIAN_POINT('',(-25.9999999967044,-30.6216104574579,14.3034257275041));
#4760=CARTESIAN_POINT('',(-26.4999999967044,-31.4549429960627,14.3034257275041));
#4761=CARTESIAN_POINT('Origin',(-25.9999999967044,-33.9549429960627,14.3034257275041));
#4762=CARTESIAN_POINT('Origin',(-26.4999999967044,-31.4549429960627,14.3034257275041));
#4763=CARTESIAN_POINT('',(-26.4999999967044,-31.4549429960627,15.9700925928529));
#4764=CARTESIAN_POINT('',(-26.4999999967044,-31.4549429960627,7.15171286375206));
#4765=CARTESIAN_POINT('',(-25.9999999967044,-31.4549429960627,15.9700925928529));
#4766=CARTESIAN_POINT('',(-25.9999999967044,-31.4549429960627,15.1367594582017));
#4767=CARTESIAN_POINT('',(-26.4999999967044,-31.4549429960627,15.9700925928529));
#4768=CARTESIAN_POINT('Origin',(-26.4999999967044,-33.1216104574579,14.3034257275041));
#4769=CARTESIAN_POINT('',(-26.4999999967044,-33.1216104574579,14.3034257275041));
#4770=CARTESIAN_POINT('',(-26.4999999967044,-2.56080509461852,14.3034257275041));
#4771=CARTESIAN_POINT('',(-25.9999999967044,-33.1216104574579,14.3034257275041));
#4772=CARTESIAN_POINT('',(-26.4999999967044,-33.1216104574579,14.3034257275041));
#4773=CARTESIAN_POINT('',(-25.9999999967044,-32.2882767267603,14.3034257275041));
#4774=CARTESIAN_POINT('Origin',(-26.4999999967044,-33.1216104574579,15.9700925928529));
#4775=CARTESIAN_POINT('',(-26.4999999967044,-33.1216104574579,7.98504629642646));
#4776=CARTESIAN_POINT('',(-25.9999999967044,-33.1216104574579,15.1367594582017));
#4777=CARTESIAN_POINT('Origin',(-26.4999999967044,-31.4549429960627,15.9700925928529));
#4778=CARTESIAN_POINT('',(-26.4999999967044,-1.72747136392088,15.9700925928529));
#4779=CARTESIAN_POINT('',(-25.9999999967044,-32.2882767267603,15.9700925928529));
#4780=CARTESIAN_POINT('Origin',(-25.9999999967044,-33.9549429960627,14.3034257275041));
#4781=CARTESIAN_POINT('Origin',(-26.4999999967044,-43.9549429960627,10.9700925928529));
#4782=CARTESIAN_POINT('',(-26.4999999967044,-43.9549429960627,10.9700925928529));
#4783=CARTESIAN_POINT('',(-26.4999999967044,-43.9549429960627,9.3034257275041));
#4784=CARTESIAN_POINT('',(-26.4999999967044,-43.9549429960627,5.48504629642646));
#4785=CARTESIAN_POINT('',(-25.9999999967044,-43.9549429960627,10.9700925928529));
#4786=CARTESIAN_POINT('',(-26.4999999967044,-43.9549429960627,10.9700925928529));
#4787=CARTESIAN_POINT('',(-25.9999999967044,-43.9549429960627,9.3034257275041));
#4788=CARTESIAN_POINT('',(-25.9999999967044,-43.9549429960627,10.1367588621553));
#4789=CARTESIAN_POINT('',(-26.4999999967044,-43.9549429960627,9.3034257275041));
#4790=CARTESIAN_POINT('Origin',(-26.4999999967044,-43.1216104574579,10.9700925928529));
#4791=CARTESIAN_POINT('',(-26.4999999967044,-43.1216104574579,10.9700925928529));
#4792=CARTESIAN_POINT('',(-26.4999999967044,-7.56080509461852,10.9700925928529));
#4793=CARTESIAN_POINT('',(-25.9999999967044,-43.1216104574579,10.9700925928529));
#4794=CARTESIAN_POINT('',(-26.4999999967044,-43.1216104574579,10.9700925928529));
#4795=CARTESIAN_POINT('',(-25.9999999967044,-43.1216104574579,10.9700925928529));
#4796=CARTESIAN_POINT('Origin',(-26.4999999967044,-43.1216104574579,17.6367594582017));
#4797=CARTESIAN_POINT('',(-26.4999999967044,-43.1216104574579,17.6367594582017));
#4798=CARTESIAN_POINT('',(-26.4999999967044,-43.1216104574579,8.81837972910087));
#4799=CARTESIAN_POINT('',(-25.9999999967044,-43.1216104574579,17.6367594582017));
#4800=CARTESIAN_POINT('',(-26.4999999967044,-43.1216104574579,17.6367594582017));
#4801=CARTESIAN_POINT('',(-25.9999999967044,-43.1216104574579,11.8034257275041));
#4802=CARTESIAN_POINT('Origin',(-26.4999999967044,-43.9549429960627,17.6367594582017));
#4803=CARTESIAN_POINT('',(-26.4999999967044,-43.9549429960627,17.6367594582017));
#4804=CARTESIAN_POINT('',(-26.4999999967044,-7.97747136392088,17.6367594582017));
#4805=CARTESIAN_POINT('',(-25.9999999967044,-43.9549429960627,17.6367594582017));
#4806=CARTESIAN_POINT('',(-26.4999999967044,-43.9549429960627,17.6367594582017));
#4807=CARTESIAN_POINT('',(-25.9999999967044,-43.9549429960627,17.6367594582017));
#4808=CARTESIAN_POINT('Origin',(-26.4999999967044,-43.9549429960627,19.3034257275041));
#4809=CARTESIAN_POINT('',(-26.4999999967044,-43.9549429960627,19.3034257275041));
#4810=CARTESIAN_POINT('',(-26.4999999967044,-43.9549429960627,9.65171286375205));
#4811=CARTESIAN_POINT('',(-25.9999999967044,-43.9549429960627,19.3034257275041));
#4812=CARTESIAN_POINT('',(-26.4999999967044,-43.9549429960627,19.3034257275041));
#4813=CARTESIAN_POINT('',(-25.9999999967044,-43.9549429960627,18.4700925928529));
#4814=CARTESIAN_POINT('Origin',(-26.4999999967044,-40.6216104574579,19.3034257275041));
#4815=CARTESIAN_POINT('',(-26.4999999967044,-40.6216104574579,19.3034257275041));
#4816=CARTESIAN_POINT('',(-26.4999999967044,-6.31080509461852,19.3034257275041));
#4817=CARTESIAN_POINT('',(-25.9999999967044,-40.6216104574579,19.3034257275041));
#4818=CARTESIAN_POINT('',(-26.4999999967044,-40.6216104574579,19.3034257275041));
#4819=CARTESIAN_POINT('',(-25.9999999967044,-43.1216104574579,19.3034257275041));
#4820=CARTESIAN_POINT('Origin',(-26.4999999967044,-40.6216104574579,17.6367594582017));
#4821=CARTESIAN_POINT('',(-26.4999999967044,-40.6216104574579,17.6367594582017));
#4822=CARTESIAN_POINT('',(-26.4999999967044,-40.6216104574579,8.81837972910087));
#4823=CARTESIAN_POINT('',(-25.9999999967044,-40.6216104574579,17.6367594582017));
#4824=CARTESIAN_POINT('',(-26.4999999967044,-40.6216104574579,17.6367594582017));
#4825=CARTESIAN_POINT('',(-25.9999999967044,-40.6216104574579,18.4700925928529));
#4826=CARTESIAN_POINT('Origin',(-26.4999999967044,-41.4549429960627,17.6367594582017));
#4827=CARTESIAN_POINT('',(-26.4999999967044,-41.4549429960627,17.6367594582017));
#4828=CARTESIAN_POINT('',(-26.4999999967044,-6.72747136392088,17.6367594582017));
#4829=CARTESIAN_POINT('',(-25.9999999967044,-41.4549429960627,17.6367594582017));
#4830=CARTESIAN_POINT('',(-26.4999999967044,-41.4549429960627,17.6367594582017));
#4831=CARTESIAN_POINT('',(-25.9999999967044,-41.4549429960627,17.6367594582017));
#4832=CARTESIAN_POINT('Origin',(-26.4999999967044,-41.4549429960627,10.9700925928529));
#4833=CARTESIAN_POINT('',(-26.4999999967044,-41.4549429960627,10.9700925928529));
#4834=CARTESIAN_POINT('',(-26.4999999967044,-41.4549429960627,5.48504629642646));
#4835=CARTESIAN_POINT('',(-25.9999999967044,-41.4549429960627,10.9700925928529));
#4836=CARTESIAN_POINT('',(-26.4999999967044,-41.4549429960627,10.9700925928529));
#4837=CARTESIAN_POINT('',(-25.9999999967044,-41.4549429960627,16.8034257275041));
#4838=CARTESIAN_POINT('Origin',(-26.4999999967044,-40.6216104574579,10.9700925928529));
#4839=CARTESIAN_POINT('',(-26.4999999967044,-40.6216104574579,10.9700925928529));
#4840=CARTESIAN_POINT('',(-26.4999999967044,-6.31080509461852,10.9700925928529));
#4841=CARTESIAN_POINT('',(-25.9999999967044,-40.6216104574579,10.9700925928529));
#4842=CARTESIAN_POINT('',(-26.4999999967044,-40.6216104574579,10.9700925928529));
#4843=CARTESIAN_POINT('',(-25.9999999967044,-40.6216104574579,10.9700925928529));
#4844=CARTESIAN_POINT('Origin',(-26.4999999967044,-40.6216104574579,9.30342572750411));
#4845=CARTESIAN_POINT('',(-26.4999999967044,-40.6216104574579,9.30342572750411));
#4846=CARTESIAN_POINT('',(-26.4999999967044,-40.6216104574579,4.65171286375205));
#4847=CARTESIAN_POINT('',(-25.9999999967044,-40.6216104574579,9.30342572750411));
#4848=CARTESIAN_POINT('',(-26.4999999967044,-40.6216104574579,9.30342572750411));
#4849=CARTESIAN_POINT('',(-25.9999999967044,-40.6216104574579,10.1367588621553));
#4850=CARTESIAN_POINT('Origin',(-26.4999999967044,-43.9549429960627,9.3034257275041));
#4851=CARTESIAN_POINT('',(-26.4999999967044,-7.97747136392089,9.30342572750415));
#4852=CARTESIAN_POINT('',(-25.9999999967044,-41.4549429960627,9.3034257275041));
#4853=CARTESIAN_POINT('Origin',(-25.9999999967044,-33.9549429960627,14.3034257275041));
#4854=CARTESIAN_POINT('Origin',(-26.4999999967044,-48.9549429960627,10.9700925928529));
#4855=CARTESIAN_POINT('',(-26.4999999967044,-48.9549429960627,10.9700925928529));
#4856=CARTESIAN_POINT('',(-26.4999999967044,-48.9549429960627,9.3034257275041));
#4857=CARTESIAN_POINT('',(-26.4999999967044,-48.9549429960627,5.48504629642646));
#4858=CARTESIAN_POINT('',(-25.9999999967044,-48.9549429960627,10.9700925928529));
#4859=CARTESIAN_POINT('',(-26.4999999967044,-48.9549429960627,10.9700925928529));
#4860=CARTESIAN_POINT('',(-25.9999999967044,-48.9549429960627,9.3034257275041));
#4861=CARTESIAN_POINT('',(-25.9999999967044,-48.9549429960627,10.1367588621553));
#4862=CARTESIAN_POINT('',(-26.4999999967044,-48.9549429960627,9.3034257275041));
#4863=CARTESIAN_POINT('Origin',(-26.4999999967044,-48.1216104574579,10.9700925928529));
#4864=CARTESIAN_POINT('',(-26.4999999967044,-48.1216104574579,10.9700925928529));
#4865=CARTESIAN_POINT('',(-26.4999999967044,-10.0608050946185,10.9700925928529));
#4866=CARTESIAN_POINT('',(-25.9999999967044,-48.1216104574579,10.9700925928529));
#4867=CARTESIAN_POINT('',(-26.4999999967044,-48.1216104574579,10.9700925928529));
#4868=CARTESIAN_POINT('',(-25.9999999967044,-48.1216104574579,10.9700925928529));
#4869=CARTESIAN_POINT('Origin',(-26.4999999967044,-48.1216104574579,17.6367594582017));
#4870=CARTESIAN_POINT('',(-26.4999999967044,-48.1216104574579,17.6367594582017));
#4871=CARTESIAN_POINT('',(-26.4999999967044,-48.1216104574579,8.81837972910086));
#4872=CARTESIAN_POINT('',(-25.9999999967044,-48.1216104574579,17.6367594582017));
#4873=CARTESIAN_POINT('',(-26.4999999967044,-48.1216104574579,17.6367594582017));
#4874=CARTESIAN_POINT('',(-25.9999999967044,-48.1216104574579,11.8034257275041));
#4875=CARTESIAN_POINT('Origin',(-26.4999999967044,-48.9549429960627,17.6367594582017));
#4876=CARTESIAN_POINT('',(-26.4999999967044,-48.9549429960627,17.6367594582017));
#4877=CARTESIAN_POINT('',(-26.4999999967044,-10.4774713639209,17.6367594582017));
#4878=CARTESIAN_POINT('',(-25.9999999967044,-48.9549429960627,17.6367594582017));
#4879=CARTESIAN_POINT('',(-26.4999999967044,-48.9549429960627,17.6367594582017));
#4880=CARTESIAN_POINT('',(-25.9999999967044,-48.9549429960627,17.6367594582017));
#4881=CARTESIAN_POINT('Origin',(-26.4999999967044,-48.9549429960627,19.3034257275041));
#4882=CARTESIAN_POINT('',(-26.4999999967044,-48.9549429960627,19.3034257275041));
#4883=CARTESIAN_POINT('',(-26.4999999967044,-48.9549429960627,9.65171286375205));
#4884=CARTESIAN_POINT('',(-25.9999999967044,-48.9549429960627,19.3034257275041));
#4885=CARTESIAN_POINT('',(-26.4999999967044,-48.9549429960627,19.3034257275041));
#4886=CARTESIAN_POINT('',(-25.9999999967044,-48.9549429960627,18.4700925928529));
#4887=CARTESIAN_POINT('Origin',(-26.4999999967044,-45.6216104574579,19.3034257275041));
#4888=CARTESIAN_POINT('',(-26.4999999967044,-45.6216104574579,19.3034257275041));
#4889=CARTESIAN_POINT('',(-26.4999999967044,-8.81080509461852,19.3034257275041));
#4890=CARTESIAN_POINT('',(-25.9999999967044,-45.6216104574579,19.3034257275041));
#4891=CARTESIAN_POINT('',(-26.4999999967044,-45.6216104574579,19.3034257275041));
#4892=CARTESIAN_POINT('',(-25.9999999967044,-48.1216104574579,19.3034257275041));
#4893=CARTESIAN_POINT('Origin',(-26.4999999967044,-45.6216104574579,17.6367594582017));
#4894=CARTESIAN_POINT('',(-26.4999999967044,-45.6216104574579,17.6367594582017));
#4895=CARTESIAN_POINT('',(-26.4999999967044,-45.6216104574579,8.81837972910087));
#4896=CARTESIAN_POINT('',(-25.9999999967044,-45.6216104574579,17.6367594582017));
#4897=CARTESIAN_POINT('',(-26.4999999967044,-45.6216104574579,17.6367594582017));
#4898=CARTESIAN_POINT('',(-25.9999999967044,-45.6216104574579,18.4700925928529));
#4899=CARTESIAN_POINT('Origin',(-26.4999999967044,-46.4549429960627,17.6367594582017));
#4900=CARTESIAN_POINT('',(-26.4999999967044,-46.4549429960627,17.6367594582017));
#4901=CARTESIAN_POINT('',(-26.4999999967044,-9.22747136392088,17.6367594582017));
#4902=CARTESIAN_POINT('',(-25.9999999967044,-46.4549429960627,17.6367594582017));
#4903=CARTESIAN_POINT('',(-26.4999999967044,-46.4549429960627,17.6367594582017));
#4904=CARTESIAN_POINT('',(-25.9999999967044,-46.4549429960627,17.6367594582017));
#4905=CARTESIAN_POINT('Origin',(-26.4999999967044,-46.4549429960627,10.9700925928529));
#4906=CARTESIAN_POINT('',(-26.4999999967044,-46.4549429960627,10.9700925928529));
#4907=CARTESIAN_POINT('',(-26.4999999967044,-46.4549429960627,5.48504629642646));
#4908=CARTESIAN_POINT('',(-25.9999999967044,-46.4549429960627,10.9700925928529));
#4909=CARTESIAN_POINT('',(-26.4999999967044,-46.4549429960627,10.9700925928529));
#4910=CARTESIAN_POINT('',(-25.9999999967044,-46.4549429960627,16.8034257275041));
#4911=CARTESIAN_POINT('Origin',(-26.4999999967044,-45.6216104574579,10.9700925928529));
#4912=CARTESIAN_POINT('',(-26.4999999967044,-45.6216104574579,10.9700925928529));
#4913=CARTESIAN_POINT('',(-26.4999999967044,-8.81080509461852,10.9700925928529));
#4914=CARTESIAN_POINT('',(-25.9999999967044,-45.6216104574579,10.9700925928529));
#4915=CARTESIAN_POINT('',(-26.4999999967044,-45.6216104574579,10.9700925928529));
#4916=CARTESIAN_POINT('',(-25.9999999967044,-45.6216104574579,10.9700925928529));
#4917=CARTESIAN_POINT('Origin',(-26.4999999967044,-45.6216104574579,9.3034257275041));
#4918=CARTESIAN_POINT('',(-26.4999999967044,-45.6216104574579,9.3034257275041));
#4919=CARTESIAN_POINT('',(-26.4999999967044,-45.6216104574579,4.65171286375205));
#4920=CARTESIAN_POINT('',(-25.9999999967044,-45.6216104574579,9.3034257275041));
#4921=CARTESIAN_POINT('',(-26.4999999967044,-45.6216104574579,9.3034257275041));
#4922=CARTESIAN_POINT('',(-25.9999999967044,-45.6216104574579,10.1367588621553));
#4923=CARTESIAN_POINT('Origin',(-26.4999999967044,-48.9549429960627,9.3034257275041));
#4924=CARTESIAN_POINT('',(-26.4999999967044,-10.4774713639209,9.30342572750414));
#4925=CARTESIAN_POINT('',(-25.9999999967044,-46.4549429960627,9.3034257275041));
#4926=CARTESIAN_POINT('Origin',(-25.9999999967044,-33.9549429960627,14.3034257275041));
#4927=CARTESIAN_POINT('Origin',(-26.4999999967044,-25.6216098614115,15.9700925928529));
#4928=CARTESIAN_POINT('',(-26.4999999967044,-25.6216098614115,15.9700925928529));
#4929=CARTESIAN_POINT('',(-26.4999999967044,-23.9549429960627,15.9700925928529));
#4930=CARTESIAN_POINT('',(-26.4999999967044,1.18919520340471,15.9700925928529));
#4931=CARTESIAN_POINT('',(-25.9999999967044,-25.6216098614115,15.9700925928529));
#4932=CARTESIAN_POINT('',(-26.4999999967044,-25.6216098614115,15.9700925928529));
#4933=CARTESIAN_POINT('',(-25.9999999967044,-23.9549429960627,15.9700925928529));
#4934=CARTESIAN_POINT('',(-25.9999999967044,-24.7882767267603,15.9700925928529));
#4935=CARTESIAN_POINT('',(-26.4999999967044,-23.9549429960627,15.9700925928529));
#4936=CARTESIAN_POINT('Origin',(-26.4999999967044,-25.6216098614115,9.30342572750412));
#4937=CARTESIAN_POINT('',(-26.4999999967044,-25.6216098614115,9.30342572750412));
#4938=CARTESIAN_POINT('',(-26.4999999967044,-25.6216098614115,4.65171286375206));
#4939=CARTESIAN_POINT('',(-25.9999999967044,-25.6216098614115,9.30342572750412));
#4940=CARTESIAN_POINT('',(-26.4999999967044,-25.6216098614115,9.30342572750412));
#4941=CARTESIAN_POINT('',(-25.9999999967044,-25.6216098614115,15.1367594582018));
#4942=CARTESIAN_POINT('Origin',(-26.4999999967044,-27.2882767267603,9.30342572750412));
#4943=CARTESIAN_POINT('',(-26.4999999967044,-27.2882767267603,9.30342572750412));
#4944=CARTESIAN_POINT('',(-26.4999999967044,0.355861770730295,9.30342572750416));
#4945=CARTESIAN_POINT('',(-25.9999999967044,-27.2882767267603,9.30342572750412));
#4946=CARTESIAN_POINT('',(-26.4999999967044,-27.2882767267603,9.30342572750412));
#4947=CARTESIAN_POINT('',(-25.9999999967044,-26.4549429960627,9.30342572750412));
#4948=CARTESIAN_POINT('Origin',(-26.4999999967044,-27.2882767267603,19.3034257275041));
#4949=CARTESIAN_POINT('',(-26.4999999967044,-27.2882767267603,19.3034257275041));
#4950=CARTESIAN_POINT('',(-26.4999999967044,-27.2882767267603,9.65171286375206));
#4951=CARTESIAN_POINT('',(-25.9999999967044,-27.2882767267603,19.3034257275041));
#4952=CARTESIAN_POINT('',(-26.4999999967044,-27.2882767267603,19.3034257275041));
#4953=CARTESIAN_POINT('',(-25.9999999967044,-27.2882767267603,10.1367588621553));
#4954=CARTESIAN_POINT('Origin',(-26.4999999967044,-25.6216098614115,19.3034257275041));
#4955=CARTESIAN_POINT('',(-26.4999999967044,-25.6216098614115,19.3034257275041));
#4956=CARTESIAN_POINT('',(-26.4999999967044,1.18919520340471,19.3034257275041));
#4957=CARTESIAN_POINT('',(-25.9999999967044,-25.6216098614115,19.3034257275041));
#4958=CARTESIAN_POINT('',(-26.4999999967044,-25.6216098614115,19.3034257275041));
#4959=CARTESIAN_POINT('',(-25.9999999967044,-26.4549429960627,19.3034257275041));
#4960=CARTESIAN_POINT('Origin',(-26.4999999967044,-25.6216098614115,17.6367594582018));
#4961=CARTESIAN_POINT('',(-26.4999999967044,-25.6216098614115,17.6367594582018));
#4962=CARTESIAN_POINT('',(-26.4999999967044,-25.6216098614115,8.81837972910088));
#4963=CARTESIAN_POINT('',(-25.9999999967044,-25.6216098614115,17.6367594582018));
#4964=CARTESIAN_POINT('',(-26.4999999967044,-25.6216098614115,17.6367594582018));
#4965=CARTESIAN_POINT('',(-25.9999999967044,-25.6216098614115,18.4700925928529));
#4966=CARTESIAN_POINT('Origin',(-26.4999999967044,-23.9549429960627,17.6367594582018));
#4967=CARTESIAN_POINT('',(-26.4999999967044,-23.9549429960627,17.6367594582018));
#4968=CARTESIAN_POINT('',(-26.4999999967044,2.02252863607912,17.6367594582018));
#4969=CARTESIAN_POINT('',(-25.9999999967044,-23.9549429960627,17.6367594582018));
#4970=CARTESIAN_POINT('',(-26.4999999967044,-23.9549429960627,17.6367594582018));
#4971=CARTESIAN_POINT('',(-25.9999999967044,-24.7882767267603,17.6367594582018));
#4972=CARTESIAN_POINT('Origin',(-26.4999999967044,-23.9549429960627,15.9700925928529));
#4973=CARTESIAN_POINT('',(-26.4999999967044,-23.9549429960627,7.98504629642647));
#4974=CARTESIAN_POINT('',(-26.4999999967044,-23.9549429960627,15.9700925928529));
#4975=CARTESIAN_POINT('',(-25.9999999967044,-23.9549429960627,15.9700925928529));
#4976=CARTESIAN_POINT('Origin',(-25.9999999967044,-33.9549429960627,14.3034257275041));
#4977=CARTESIAN_POINT('Origin',(-26.4999999967044,-20.6216097123999,17.6367594582018));
#4978=CARTESIAN_POINT('',(-26.4999999967044,-20.6216097123999,17.6367594582018));
#4979=CARTESIAN_POINT('',(-26.4999999967044,-22.2882764287371,17.6367594582018));
#4980=CARTESIAN_POINT('',(-26.4999999967044,3.68919527791051,17.6367594582018));
#4981=CARTESIAN_POINT('',(-25.9999999967044,-20.6216097123999,17.6367594582018));
#4982=CARTESIAN_POINT('',(-26.4999999967044,-20.6216097123999,17.6367594582018));
#4983=CARTESIAN_POINT('',(-25.9999999967044,-22.2882764287371,17.6367594582018));
#4984=CARTESIAN_POINT('',(-25.9999999967044,-21.4549429960627,17.6367594582018));
#4985=CARTESIAN_POINT('',(-26.4999999967044,-22.2882764287371,17.6367594582018));
#4986=CARTESIAN_POINT('Origin',(-26.4999999967044,-20.6216097123999,19.3034257275041));
#4987=CARTESIAN_POINT('',(-26.4999999967044,-20.6216097123999,19.3034257275041));
#4988=CARTESIAN_POINT('',(-26.4999999967044,-20.6216097123999,9.65171286375206));
#4989=CARTESIAN_POINT('',(-25.9999999967044,-20.6216097123999,19.3034257275041));
#4990=CARTESIAN_POINT('',(-26.4999999967044,-20.6216097123999,19.3034257275041));
#4991=CARTESIAN_POINT('',(-25.9999999967044,-20.6216097123999,18.4700925928529));
#4992=CARTESIAN_POINT('Origin',(-26.4999999967044,-18.9549429960627,19.3034257275041));
#4993=CARTESIAN_POINT('',(-26.4999999967044,-18.9549429960627,19.3034257275041));
#4994=CARTESIAN_POINT('',(-26.4999999967044,4.52252863607911,19.3034257275041));
#4995=CARTESIAN_POINT('',(-25.9999999967044,-18.9549429960627,19.3034257275041));
#4996=CARTESIAN_POINT('',(-26.4999999967044,-18.9549429960627,19.3034257275041));
#4997=CARTESIAN_POINT('',(-25.9999999967044,-19.7882763542313,19.3034257275041));
#4998=CARTESIAN_POINT('Origin',(-26.4999999967044,-18.9549429960627,9.30342572750413));
#4999=CARTESIAN_POINT('',(-26.4999999967044,-18.9549429960627,9.30342572750413));
#5000=CARTESIAN_POINT('',(-26.4999999967044,-18.9549429960627,4.65171286375207));
#5001=CARTESIAN_POINT('',(-25.9999999967044,-18.9549429960627,9.30342572750413));
#5002=CARTESIAN_POINT('',(-26.4999999967044,-18.9549429960627,9.30342572750413));
#5003=CARTESIAN_POINT('',(-25.9999999967044,-18.9549429960627,18.4700925928529));
#5004=CARTESIAN_POINT('Origin',(-26.4999999967044,-20.6216097123999,9.30342572750413));
#5005=CARTESIAN_POINT('',(-26.4999999967044,-20.6216097123999,9.30342572750413));
#5006=CARTESIAN_POINT('',(-26.4999999967044,3.68919527791051,9.30342572750416));
#5007=CARTESIAN_POINT('',(-25.9999999967044,-20.6216097123999,9.30342572750413));
#5008=CARTESIAN_POINT('',(-26.4999999967044,-20.6216097123999,9.30342572750413));
#5009=CARTESIAN_POINT('',(-25.9999999967044,-19.7882763542313,9.30342572750413));
#5010=CARTESIAN_POINT('Origin',(-26.4999999967044,-20.6216097123999,15.9700925928529));
#5011=CARTESIAN_POINT('',(-26.4999999967044,-20.6216097123999,15.9700925928529));
#5012=CARTESIAN_POINT('',(-26.4999999967044,-20.6216097123999,7.98504629642647));
#5013=CARTESIAN_POINT('',(-25.9999999967044,-20.6216097123999,15.9700925928529));
#5014=CARTESIAN_POINT('',(-26.4999999967044,-20.6216097123999,15.9700925928529));
#5015=CARTESIAN_POINT('',(-25.9999999967044,-20.6216097123999,10.1367588621553));
#5016=CARTESIAN_POINT('Origin',(-26.4999999967044,-22.2882764287371,15.9700925928529));
#5017=CARTESIAN_POINT('',(-26.4999999967044,-22.2882764287371,15.9700925928529));
#5018=CARTESIAN_POINT('',(-26.4999999967044,2.85586191974191,15.9700925928529));
#5019=CARTESIAN_POINT('',(-25.9999999967044,-22.2882764287371,15.9700925928529));
#5020=CARTESIAN_POINT('',(-26.4999999967044,-22.2882764287371,15.9700925928529));
#5021=CARTESIAN_POINT('',(-25.9999999967044,-21.4549429960627,15.9700925928529));
#5022=CARTESIAN_POINT('Origin',(-26.4999999967044,-22.2882764287371,17.6367594582018));
#5023=CARTESIAN_POINT('',(-26.4999999967044,-22.2882764287371,8.81837972910088));
#5024=CARTESIAN_POINT('',(-25.9999999967044,-22.2882764287371,16.8034257275041));
#5025=CARTESIAN_POINT('',(-26.4999999967044,-22.2882764287371,15.9700925928529));
#5026=CARTESIAN_POINT('Origin',(-25.9999999967044,-33.9549429960627,14.3034257275041));
#5027=CARTESIAN_POINT('Origin',(-26.4999999967044,-22.2882764287371,14.3034257275041));
#5028=CARTESIAN_POINT('',(-26.4999999967044,-22.2882764287371,14.3034257275041));
#5029=CARTESIAN_POINT('',(-26.4999999967044,-22.2882764287371,7.15171286375206));
#5030=CARTESIAN_POINT('',(-25.9999999967044,-22.2882764287371,14.3034257275041));
#5031=CARTESIAN_POINT('',(-26.4999999967044,-22.2882764287371,14.3034257275041));
#5032=CARTESIAN_POINT('',(-25.9999999967044,-22.2882764287371,15.1367594582018));
#5033=CARTESIAN_POINT('Origin',(-26.4999999967044,-23.9549429960627,14.3034257275041));
#5034=CARTESIAN_POINT('',(-26.4999999967044,-23.9549429960627,14.3034257275041));
#5035=CARTESIAN_POINT('',(-26.4999999967044,2.02252863607912,14.3034257275041));
#5036=CARTESIAN_POINT('',(-25.9999999967044,-23.9549429960627,14.3034257275041));
#5037=CARTESIAN_POINT('',(-26.4999999967044,-23.9549429960627,14.3034257275041));
#5038=CARTESIAN_POINT('',(-25.9999999967044,-23.1216098614115,14.3034257275041));
#5039=CARTESIAN_POINT('Origin',(-26.4999999967044,-23.9549429960627,15.9700925928529));
#5040=CARTESIAN_POINT('',(-26.4999999967044,-23.9549429960627,7.98504629642647));
#5041=CARTESIAN_POINT('',(-25.9999999967044,-23.9549429960627,15.1367594582018));
#5042=CARTESIAN_POINT('Origin',(-26.4999999967044,-22.2882764287371,15.9700925928529));
#5043=CARTESIAN_POINT('',(-26.4999999967044,2.85586191974191,15.9700925928529));
#5044=CARTESIAN_POINT('',(-25.9999999967044,-23.1216098614115,15.9700925928529));
#5045=CARTESIAN_POINT('Origin',(-25.9999999967044,-33.9549429960627,14.3034257275041));
#5046=CARTESIAN_POINT('Origin',(-19.7499999967044,21.2500002682209,25.5));
#5047=CARTESIAN_POINT('',(-23.4999999967044,25.0000002682209,25.5));
#5048=CARTESIAN_POINT('',(-15.9999999967044,25.0000002682209,25.5));
#5049=CARTESIAN_POINT('',(-21.6249999967044,25.0000002682209,25.5));
#5050=CARTESIAN_POINT('',(-23.4999999967044,17.5000002682209,25.5));
#5051=CARTESIAN_POINT('',(-23.4999999967044,4.87500026822089,25.5));
#5052=CARTESIAN_POINT('',(-19.4999999967044,17.5000002682209,25.5));
#5053=CARTESIAN_POINT('',(-21.6249999967044,17.5000002682209,25.5));
#5054=CARTESIAN_POINT('',(-15.9999999967044,21.0000002682209,25.5));
#5055=CARTESIAN_POINT('Origin',(-19.4999999967044,21.0000002682209,25.5));
#5056=CARTESIAN_POINT('',(-15.9999999967044,21.1250002682209,25.5));
#5057=CARTESIAN_POINT('',(-21.1249999967044,21.5000002682209,25.5));
#5058=CARTESIAN_POINT('Origin',(-19.9999999967044,21.5000002682209,25.5));
#5059=CARTESIAN_POINT('Origin',(-19.7499999967044,-62.2499997317791,25.5));
#5060=CARTESIAN_POINT('',(-19.4999999967044,-58.4999997317791,25.5));
#5061=CARTESIAN_POINT('',(-15.9999999967044,-61.9999997317791,25.5));
#5062=CARTESIAN_POINT('Origin',(-19.4999999967044,-61.9999997317791,25.5));
#5063=CARTESIAN_POINT('',(-23.4999999967044,-58.4999997317791,25.5));
#5064=CARTESIAN_POINT('',(-21.6249999967044,-58.4999997317791,25.5));
#5065=CARTESIAN_POINT('',(-23.4999999967044,-65.9999997317791,25.5));
#5066=CARTESIAN_POINT('',(-23.4999999967044,-36.8749997317791,25.5));
#5067=CARTESIAN_POINT('',(-15.9999999967044,-65.9999997317791,25.5));
#5068=CARTESIAN_POINT('',(8.37500000329565,-65.9999997317791,25.5));
#5069=CARTESIAN_POINT('',(-15.9999999967044,-62.1249996934618,25.5));
#5070=CARTESIAN_POINT('',(-21.1249999967044,-62.4999997317791,25.5));
#5071=CARTESIAN_POINT('Origin',(-19.9999999967044,-62.4999997317791,25.5));
#5072=CARTESIAN_POINT('Origin',(32.7500000032956,21.2500002682209,25.5));
#5073=CARTESIAN_POINT('',(29.0000000032956,21.0000002682209,25.5));
#5074=CARTESIAN_POINT('',(29.0000000032956,25.0000002682209,25.5));
#5075=CARTESIAN_POINT('',(29.0000000032956,23.1250002682209,25.5));
#5076=CARTESIAN_POINT('',(32.5000000032957,17.5000002682209,25.5));
#5077=CARTESIAN_POINT('Origin',(32.5000000032957,21.0000002682209,25.5));
#5078=CARTESIAN_POINT('',(36.5000000032956,17.5000002682209,25.5));
#5079=CARTESIAN_POINT('',(32.6250000032957,17.5000002682209,25.5));
#5080=CARTESIAN_POINT('',(36.5000000032956,25.0000002682209,25.5));
#5081=CARTESIAN_POINT('',(36.5000000032956,23.1250002682209,25.5));
#5082=CARTESIAN_POINT('',(4.62500000329563,25.0000002682209,25.5));
#5083=CARTESIAN_POINT('',(31.8750000032956,21.5000002682209,25.5));
#5084=CARTESIAN_POINT('Origin',(33.0000000032956,21.5000002682209,25.5));
#5085=CARTESIAN_POINT('Origin',(-15.9999999967044,21.0000002682209,3.));
#5086=CARTESIAN_POINT('',(-15.9999999967044,21.0000002682209,3.));
#5087=CARTESIAN_POINT('',(-15.9999999967044,21.0000002682209,18.));
#5088=CARTESIAN_POINT('',(-15.9999999967044,25.0000002682209,3.));
#5089=CARTESIAN_POINT('',(-15.9999999967044,0.125000268220903,3.));
#5090=CARTESIAN_POINT('',(-15.9999999967044,25.0000002682209,3.));
#5091=CARTESIAN_POINT('Origin',(-23.4999999967044,-58.4999997317791,18.));
#5092=CARTESIAN_POINT('',(-19.4999999967044,-58.4999997317791,5.5));
#5093=CARTESIAN_POINT('',(-19.4999999967044,-58.4999997317791,18.));
#5094=CARTESIAN_POINT('',(-23.4999999967044,-58.4999997317791,5.5));
#5095=CARTESIAN_POINT('',(-21.6249999967044,-58.4999997317791,5.5));
#5096=CARTESIAN_POINT('',(-23.4999999967044,-58.4999997317791,10.5));
#5097=CARTESIAN_POINT('Origin',(-19.4999999967044,-61.9999997317791,18.));
#5098=CARTESIAN_POINT('',(-15.9999999967044,-61.9999997317791,5.5));
#5099=CARTESIAN_POINT('',(-15.9999999967044,-61.9999997317791,18.));
#5100=CARTESIAN_POINT('Origin',(-19.4999999967044,-61.9999997317791,5.5));
#5101=CARTESIAN_POINT('Origin',(32.5000000032957,17.5000002682209,3.));
#5102=CARTESIAN_POINT('',(32.5000000032957,17.5000002682209,3.));
#5103=CARTESIAN_POINT('',(32.5000000032957,17.5000002682209,18.));
#5104=CARTESIAN_POINT('',(36.5000000032956,17.5000002682209,3.));
#5105=CARTESIAN_POINT('',(19.5000000032956,17.5000002682209,3.));
#5106=CARTESIAN_POINT('',(36.5000000032956,17.5000002682209,3.));
#5107=CARTESIAN_POINT('Origin',(-19.9999999967044,-62.4999997317791,18.));
#5108=CARTESIAN_POINT('',(-21.1249999967044,-62.4999997317791,18.));
#5109=CARTESIAN_POINT('Origin',(-19.9999999967044,-62.4999997317791,18.));
#5110=CARTESIAN_POINT('',(-21.1249999967044,-62.4999997317791,18.));
#5111=CARTESIAN_POINT('Origin',(-19.9999999967044,-62.4999997317791,18.));
#5112=CARTESIAN_POINT('Origin',(33.0000000032956,21.5000002682209,18.));
#5113=CARTESIAN_POINT('',(31.8750000032956,21.5000002682209,18.));
#5114=CARTESIAN_POINT('Origin',(33.0000000032956,21.5000002682209,18.));
#5115=CARTESIAN_POINT('',(31.8750000032956,21.5000002682209,18.));
#5116=CARTESIAN_POINT('Origin',(33.0000000032956,21.5000002682209,18.));
#5117=CARTESIAN_POINT('Origin',(33.0000000032956,-62.4999997317791,18.));
#5118=CARTESIAN_POINT('',(31.8750000032956,-62.4999997317791,18.));
#5119=CARTESIAN_POINT('Origin',(33.0000000032956,-62.4999997317791,18.));
#5120=CARTESIAN_POINT('',(31.8750000032956,-62.4999997317791,25.5));
#5121=CARTESIAN_POINT('',(31.8750000032956,-62.4999997317791,18.));
#5122=CARTESIAN_POINT('Origin',(33.0000000032956,-62.4999997317791,25.5));
#5123=CARTESIAN_POINT('Origin',(33.0000000032956,-62.4999997317791,18.));
#5124=CARTESIAN_POINT('Origin',(-19.9999999967044,21.5000002682209,18.));
#5125=CARTESIAN_POINT('',(-21.1249999967044,21.5000002682209,18.));
#5126=CARTESIAN_POINT('Origin',(-19.9999999967044,21.5000002682209,18.));
#5127=CARTESIAN_POINT('',(-21.1249999967044,21.5000002682209,18.));
#5128=CARTESIAN_POINT('Origin',(-19.9999999967044,21.5000002682209,18.));
#5129=CARTESIAN_POINT('Origin',(-16.4999999967044,18.0000002682209,30.7));
#5130=CARTESIAN_POINT('',(-16.4999999967044,28.0000002682209,28.7));
#5131=CARTESIAN_POINT('',(-26.4999999967044,18.0000002682209,28.7));
#5132=CARTESIAN_POINT('Origin',(-16.4999999967044,18.0000002682209,28.7));
#5133=CARTESIAN_POINT('',(-16.4999999967044,28.0000002682209,-1.5));
#5134=CARTESIAN_POINT('',(-16.4999999967044,28.0000002682209,30.7));
#5135=CARTESIAN_POINT('',(-26.4999999967044,18.0000002682209,-1.5));
#5136=CARTESIAN_POINT('Origin',(-16.4999999967044,18.0000002682209,-1.5));
#5137=CARTESIAN_POINT('',(-26.4999999967044,18.0000002682209,30.7));
#5138=CARTESIAN_POINT('Origin',(29.5000000032957,-59.4999997317791,30.7));
#5139=CARTESIAN_POINT('',(29.5000000032956,-69.4999997317791,28.7));
#5140=CARTESIAN_POINT('',(39.5000000032956,-59.4999997317791,28.7));
#5141=CARTESIAN_POINT('Origin',(29.5000000032957,-59.4999997317791,28.7));
#5142=CARTESIAN_POINT('',(29.5000000032957,-69.4999997317791,2.));
#5143=CARTESIAN_POINT('',(29.5000000032957,-69.4999997317791,30.7));
#5144=CARTESIAN_POINT('',(38.0000005662441,-64.7678256998494,2.));
#5145=CARTESIAN_POINT('Origin',(29.5000000032957,-59.4999997317791,2.));
#5146=CARTESIAN_POINT('',(38.0000005662441,-64.7678256998494,0.));
#5147=CARTESIAN_POINT('',(38.0000005662441,-64.7678256998494,30.7));
#5148=CARTESIAN_POINT('',(36.5000000032956,-66.641428160322,0.));
#5149=CARTESIAN_POINT('Origin',(29.5000000032957,-59.4999997317791,0.));
#5150=CARTESIAN_POINT('',(36.5000000032956,-66.641428160322,-1.5));
#5151=CARTESIAN_POINT('',(36.5000000032956,-66.641428160322,30.7));
#5152=CARTESIAN_POINT('',(39.5000000032956,-59.4999997317791,-1.5));
#5153=CARTESIAN_POINT('Origin',(29.5000000032957,-59.4999997317791,-1.5));
#5154=CARTESIAN_POINT('',(39.5000000032956,-59.4999997317791,30.7));
#5155=CARTESIAN_POINT('Origin',(-16.4999999967044,-59.4999997317791,30.7));
#5156=CARTESIAN_POINT('',(-26.4999999967044,-59.4999997317791,28.7));
#5157=CARTESIAN_POINT('',(-16.4999999967044,-69.4999997317791,28.7));
#5158=CARTESIAN_POINT('Origin',(-16.4999999967044,-59.4999997317791,28.7));
#5159=CARTESIAN_POINT('',(-26.4999999967044,-59.4999997317791,-1.5));
#5160=CARTESIAN_POINT('',(-26.4999999967044,-59.4999997317791,30.7));
#5161=CARTESIAN_POINT('',(-23.4999999967044,-66.641428160322,-1.5));
#5162=CARTESIAN_POINT('Origin',(-16.4999999967044,-59.4999997317791,-1.5));
#5163=CARTESIAN_POINT('',(-23.4999999967044,-66.641428160322,0.));
#5164=CARTESIAN_POINT('',(-23.4999999967044,-66.641428160322,30.7));
#5165=CARTESIAN_POINT('',(-25.000000372529,-64.7678260017865,0.));
#5166=CARTESIAN_POINT('Origin',(-16.4999999967044,-59.4999997317791,0.));
#5167=CARTESIAN_POINT('',(-25.000000372529,-64.7678260017865,2.));
#5168=CARTESIAN_POINT('',(-25.000000372529,-64.7678260017865,30.7));
#5169=CARTESIAN_POINT('',(-16.4999999967044,-69.4999997317791,2.));
#5170=CARTESIAN_POINT('Origin',(-16.4999999967044,-59.4999997317791,2.));
#5171=CARTESIAN_POINT('',(-16.4999999967044,-69.4999997317791,30.7));
#5172=CARTESIAN_POINT('Origin',(29.5000000032956,18.0000002682209,30.7));
#5173=CARTESIAN_POINT('',(29.5000000032956,28.0000002682209,-1.5));
#5174=CARTESIAN_POINT('',(39.5000000032956,18.0000002682209,-1.5));
#5175=CARTESIAN_POINT('Origin',(29.5000000032956,18.0000002682209,-1.5));
#5176=CARTESIAN_POINT('',(29.5000000032956,28.0000002682209,28.7));
#5177=CARTESIAN_POINT('',(29.5000000032956,28.0000002682209,30.7));
#5178=CARTESIAN_POINT('',(39.5000000032956,18.0000002682209,28.7));
#5179=CARTESIAN_POINT('Origin',(29.5000000032956,18.0000002682209,28.7));
#5180=CARTESIAN_POINT('',(39.5000000032956,18.0000002682209,30.7));
#5181=CARTESIAN_POINT('Origin',(38.0000005662441,-69.4999997317791,2.));
#5182=CARTESIAN_POINT('',(38.0000005662441,-1.49999973177909,2.));
#5183=CARTESIAN_POINT('',(38.0000005662441,-69.4999997317791,2.));
#5184=CARTESIAN_POINT('',(38.0000005662441,-1.49999973177909,-5.55111512312578E-16));
#5185=CARTESIAN_POINT('',(38.0000005662441,-1.49999973177909,2.));
#5186=CARTESIAN_POINT('',(38.0000005662441,-69.4999997317791,-5.55111512312578E-16));
#5187=CARTESIAN_POINT('Origin',(-23.4999999967044,-6.4999997317791,0.));
#5188=CARTESIAN_POINT('',(-23.4999999967044,-6.4999997317791,-1.5));
#5189=CARTESIAN_POINT('',(-23.4999999967044,-13.6249997317791,-1.5));
#5190=CARTESIAN_POINT('',(-23.4999999967044,-6.49999973177909,0.));
#5191=CARTESIAN_POINT('',(-23.4999999967044,-6.4999997317791,0.));
#5192=CARTESIAN_POINT('',(-23.4999999967044,-37.9999997317791,0.));
#5193=CARTESIAN_POINT('Origin',(-26.4999999967044,28.0000002682209,0.));
#5194=CARTESIAN_POINT('',(-26.4999999967044,28.0000002682209,-1.5));
#5195=CARTESIAN_POINT('',(-26.4999999967044,28.0000002682209,28.7));
#5196=CARTESIAN_POINT('',(-26.4999999967044,10.7500002533197,13.6));
#5197=CARTESIAN_POINT('Origin',(-26.4999999967044,2.75000025331974,13.6));
#5198=CARTESIAN_POINT('Origin',(6.00000000329564,-37.9999997317791,2.));
#5199=CARTESIAN_POINT('',(5.00000000329561,-69.4999997317791,2.));
#5200=CARTESIAN_POINT('',(-25.000000372529,-1.49999973177909,2.));
#5201=CARTESIAN_POINT('',(-25.000000372529,-69.4999997317791,2.));
#5202=CARTESIAN_POINT('',(-25.000000372529,-1.49999973177909,2.));
#5203=CARTESIAN_POINT('',(-20.4999999967044,-17.4999997317791,2.));
#5204=CARTESIAN_POINT('',(-20.4999999967044,-48.4999997317791,2.));
#5205=CARTESIAN_POINT('',(-20.4999999967044,-35.2499998658895,2.));
#5206=CARTESIAN_POINT('',(32.5000000032957,-48.4999997317791,2.));
#5207=CARTESIAN_POINT('',(19.2500000032956,-48.4999997317791,2.));
#5208=CARTESIAN_POINT('',(32.5000000032957,-17.4999997317791,2.));
#5209=CARTESIAN_POINT('',(32.5000000032957,-35.7499997317791,2.));
#5210=CARTESIAN_POINT('',(-7.24999999670436,-17.4999997317791,2.));
#5211=CARTESIAN_POINT('',(5.43750000329563,-58.9999997317791,2.));
#5212=CARTESIAN_POINT('Origin',(6.50000000329563,-58.9999997317791,2.));
#5213=CARTESIAN_POINT('Origin',(6.50000000329564,-20.7499997317791,-1.5));
#5214=CARTESIAN_POINT('',(39.5000000032956,28.0000002682209,-1.5));
#5215=CARTESIAN_POINT('',(39.5000000032956,-69.4999997317791,-1.5));
#5216=CARTESIAN_POINT('',(36.5000000032956,-6.4999997317791,-1.5));
#5217=CARTESIAN_POINT('',(36.5000000032956,-13.6249997317791,-1.5));
#5218=CARTESIAN_POINT('',(21.0000000032957,-6.4999997317791,-1.5));
#5219=CARTESIAN_POINT('Origin',(39.5000000032956,-69.4999997317791,0.));
#5220=CARTESIAN_POINT('',(39.5000000032956,-69.4999997317791,28.7));
#5221=CARTESIAN_POINT('Origin',(-26.4999999967044,2.75000025331974,13.6));
#5222=CARTESIAN_POINT('',(-23.4999999967044,10.7500002533197,13.6));
#5223=CARTESIAN_POINT('',(-26.4999999967044,10.7500002533197,13.6));
#5224=CARTESIAN_POINT('Origin',(-23.4999999967044,2.75000025331974,13.6));
#5225=CARTESIAN_POINT('Origin',(1.49999985428403,28.0000002682209,9.));
#5226=CARTESIAN_POINT('',(1.49999985428403,25.0000002682209,3.));
#5227=CARTESIAN_POINT('',(1.49999985428403,25.0000002682209,9.));
#5228=CARTESIAN_POINT('',(1.49999985428403,25.0000002682209,6.));
#5229=CARTESIAN_POINT('',(1.49999985428403,28.0000002682209,3.));
#5230=CARTESIAN_POINT('',(1.49999985428403,28.0000002682209,3.));
#5231=CARTESIAN_POINT('',(1.49999985428403,28.0000002682209,9.));
#5232=CARTESIAN_POINT('',(1.49999985428402,28.0000002682209,4.5));
#5233=CARTESIAN_POINT('',(1.49999985428403,28.0000002682209,9.));
#5234=CARTESIAN_POINT('Origin',(11.5000000032956,28.0000002682209,9.));
#5235=CARTESIAN_POINT('',(11.5000000032956,25.0000002682209,9.));
#5236=CARTESIAN_POINT('',(-5.99999999670437,25.0000002682209,9.));
#5237=CARTESIAN_POINT('',(11.5000000032956,28.0000002682209,9.));
#5238=CARTESIAN_POINT('',(25.5000000032956,28.0000002682209,9.));
#5239=CARTESIAN_POINT('',(11.5000000032956,28.0000002682209,9.));
#5240=CARTESIAN_POINT('Origin',(11.5000000032956,28.0000002682209,3.));
#5241=CARTESIAN_POINT('',(11.5000000032956,25.0000002682209,3.));
#5242=CARTESIAN_POINT('',(11.5000000032956,25.0000002682209,3.));
#5243=CARTESIAN_POINT('',(11.5000000032956,28.0000002682209,3.));
#5244=CARTESIAN_POINT('',(11.5000000032956,28.0000002682209,1.5));
#5245=CARTESIAN_POINT('',(11.5000000032956,28.0000002682209,3.));
#5246=CARTESIAN_POINT('Origin',(6.50000000329564,-20.7499997317791,3.));
#5247=CARTESIAN_POINT('',(-3.49999999670436,25.0000002682209,3.));
#5248=CARTESIAN_POINT('',(-8.49999999670437,25.0000002682209,3.));
#5249=CARTESIAN_POINT('',(-3.49999999670436,-7.00000010430813,3.));
#5250=CARTESIAN_POINT('',(-3.49999999670436,-13.8749999180436,3.));
#5251=CARTESIAN_POINT('',(-5.00000007450581,-7.00000010430813,3.));
#5252=CARTESIAN_POINT('',(0.749999964394916,-7.00000010430813,3.));
#5253=CARTESIAN_POINT('',(-5.00000007450581,25.0000002682209,3.));
#5254=CARTESIAN_POINT('',(-5.00000007450581,2.1250002682209,3.));
#5255=CARTESIAN_POINT('',(-8.49999999670437,25.0000002682209,3.));
#5256=CARTESIAN_POINT('',(-19.4999999967044,17.5000002682209,3.));
#5257=CARTESIAN_POINT('Origin',(-19.4999999967044,21.0000002682209,3.));
#5258=CARTESIAN_POINT('',(-23.4999999967044,17.5000002682209,3.));
#5259=CARTESIAN_POINT('',(-8.49999999670436,17.5000002682209,3.));
#5260=CARTESIAN_POINT('',(-23.4999999967044,-11.4999997317791,3.));
#5261=CARTESIAN_POINT('',(-23.4999999967044,-16.1249997317791,3.));
#5262=CARTESIAN_POINT('',(36.5000000032956,-11.4999997317791,3.));
#5263=CARTESIAN_POINT('',(21.5000000032956,-11.4999997317791,3.));
#5264=CARTESIAN_POINT('',(36.5000000032956,2.1250002682209,3.));
#5265=CARTESIAN_POINT('',(29.0000000032956,21.0000002682209,3.));
#5266=CARTESIAN_POINT('Origin',(32.5000000032957,21.0000002682209,3.));
#5267=CARTESIAN_POINT('',(29.0000000032956,25.0000002682209,3.));
#5268=CARTESIAN_POINT('',(29.0000000032956,2.1250002682209,3.));
#5269=CARTESIAN_POINT('',(17.5000000032956,25.0000002682209,3.));
#5270=CARTESIAN_POINT('',(-8.49999999670437,25.0000002682209,3.));
#5271=CARTESIAN_POINT('',(17.5000000032956,-5.4999997317791,3.));
#5272=CARTESIAN_POINT('',(17.5000000032956,-13.1249997317791,3.));
#5273=CARTESIAN_POINT('',(17.5000002607703,-7.00000010430813,3.));
#5274=CARTESIAN_POINT('',(17.5000014408621,-13.8749989739698,3.));
#5275=CARTESIAN_POINT('',(16.0000000032956,-7.00000010430813,3.));
#5276=CARTESIAN_POINT('',(11.2500000032956,-7.00000010430813,3.));
#5277=CARTESIAN_POINT('',(16.0000000032956,25.0000002682209,3.));
#5278=CARTESIAN_POINT('',(16.0000000032956,2.1250002682209,3.));
#5279=CARTESIAN_POINT('',(-8.49999999670437,25.0000002682209,3.));
#5280=CARTESIAN_POINT('',(20.4999999287898,28.0000002682209,3.));
#5281=CARTESIAN_POINT('',(4.00000005960464,-5.4999997317791,3.));
#5282=CARTESIAN_POINT('',(8.50000012665987,-5.4999997317791,3.));
#5283=CARTESIAN_POINT('',(7.50000006497775,-5.4999997317791,3.));
#5284=CARTESIAN_POINT('',(8.50000012665987,-7.00000010430813,3.));
#5285=CARTESIAN_POINT('',(8.50000012665987,-13.8749999180436,3.));
#5286=CARTESIAN_POINT('',(4.00000005960464,-7.00000010430813,3.));
#5287=CARTESIAN_POINT('',(5.25000003145014,-7.00000010430813,3.));
#5288=CARTESIAN_POINT('',(4.00000005960464,-13.1249997317791,3.));
#5289=CARTESIAN_POINT('Origin',(6.50000000329563,-58.9999997317791,4.));
#5290=CARTESIAN_POINT('',(5.43750000329563,-58.9999997317791,4.));
#5291=CARTESIAN_POINT('Origin',(6.50000000329563,-58.9999997317791,4.));
#5292=CARTESIAN_POINT('Origin',(6.25000009313226,9.00000013411045,9.5));
#5293=CARTESIAN_POINT('',(16.0000002384186,-5.50000010430813,9.5));
#5294=CARTESIAN_POINT('',(-3.49999999670436,-5.50000010430813,9.5));
#5295=CARTESIAN_POINT('',(9.25000013783574,-5.50000010430813,9.5));
#5296=CARTESIAN_POINT('',(-3.49999999670436,25.0000002682209,9.5));
#5297=CARTESIAN_POINT('',(-3.49999999670436,-7.00000010430813,9.5));
#5298=CARTESIAN_POINT('',(16.0000000032956,25.0000002682209,9.5));
#5299=CARTESIAN_POINT('',(-5.00000007450581,25.000000372529,9.5));
#5300=CARTESIAN_POINT('',(16.0000000032956,-5.4999997317791,9.5));
#5301=CARTESIAN_POINT('Origin',(16.0000002384186,-7.00000010430813,7.50000011175871));
#5302=CARTESIAN_POINT('',(16.0000002384186,-7.00000010430813,7.50000011175871));
#5303=CARTESIAN_POINT('',(8.50000012665987,-7.00000010430813,7.50000011175871));
#5304=CARTESIAN_POINT('',(16.0000002384186,-7.00000010430813,7.50000011175871));
#5305=CARTESIAN_POINT('',(8.50000012665987,-5.50000010430813,7.50000011175871));
#5306=CARTESIAN_POINT('',(8.50000012665987,-7.00000010430813,7.50000011175871));
#5307=CARTESIAN_POINT('',(16.0000002384186,-5.50000010430813,7.50000011175871));
#5308=CARTESIAN_POINT('',(16.0000002384186,-5.50000010430813,7.50000011175871));
#5309=CARTESIAN_POINT('',(16.0000000032956,9.00000008195638,7.50000011175871));
#5310=CARTESIAN_POINT('Origin',(4.00000005960464,-7.00000010430813,7.50000011175871));
#5311=CARTESIAN_POINT('',(4.00000005960464,-7.00000010430813,7.50000011175871));
#5312=CARTESIAN_POINT('',(-3.49999999670436,-7.00000010430813,7.50000011175871));
#5313=CARTESIAN_POINT('',(16.0000002384186,-7.00000010430813,7.50000011175871));
#5314=CARTESIAN_POINT('',(-3.49999999670436,-5.50000010430813,7.50000011175871));
#5315=CARTESIAN_POINT('',(-3.49999999670436,-7.00000010430813,7.50000011175871));
#5316=CARTESIAN_POINT('',(4.00000005960464,-5.50000010430813,7.50000011175871));
#5317=CARTESIAN_POINT('',(16.0000002384186,-5.50000010430813,7.50000011175871));
#5318=CARTESIAN_POINT('',(4.00000005960464,-6.24999991804361,7.50000011175871));
#5319=CARTESIAN_POINT('Origin',(4.00000005960464,-5.4999997317791,3.));
#5320=CARTESIAN_POINT('',(4.00000005960464,-5.4999997317791,3.));
#5321=CARTESIAN_POINT('',(4.00000005960464,-7.00000010430813,3.));
#5322=CARTESIAN_POINT('Origin',(8.50000012665987,-7.00000010430813,3.));
#5323=CARTESIAN_POINT('',(8.50000012665987,-7.00000010430813,3.));
#5324=CARTESIAN_POINT('',(8.50000012665987,-5.4999997317791,3.));
#5325=CARTESIAN_POINT('Origin',(8.50000012665987,-5.4999997317791,3.));
#5326=CARTESIAN_POINT('',(-3.49999999670436,-5.50000010430813,5.75000002793968));
#5327=CARTESIAN_POINT('',(16.0000000032956,-5.50000010430813,5.75000002793968));
#5328=CARTESIAN_POINT('Origin',(-3.49999999670436,-7.00000010430813,3.));
#5329=CARTESIAN_POINT('',(-3.49999999670436,-7.00000010430813,3.));
#5330=CARTESIAN_POINT('',(-3.49999999670436,25.0000002682209,3.));
#5331=CARTESIAN_POINT('Origin',(-23.4999999967044,25.0000002682209,3.));
#5332=CARTESIAN_POINT('',(16.0000000032956,25.0000002682209,3.));
#5333=CARTESIAN_POINT('Origin',(16.0000000032956,25.0000002682209,3.));
#5334=CARTESIAN_POINT('',(16.0000000032956,-7.00000010430813,3.));
#5335=CARTESIAN_POINT('Origin',(16.0000000032956,-7.00000010430813,3.));
#5336=CARTESIAN_POINT('',(15.0000000032956,-7.00000010430813,10.5));
#5337=CARTESIAN_POINT('',(17.5000002607703,-7.00000010430813,8.));
#5338=CARTESIAN_POINT('Origin',(15.0000000032956,-7.00000010430813,8.));
#5339=CARTESIAN_POINT('',(-2.50000007450581,-7.00000010430813,10.5));
#5340=CARTESIAN_POINT('',(17.5000002607703,-7.00000010430813,10.5));
#5341=CARTESIAN_POINT('',(-5.00000007450581,-7.00000010430813,8.));
#5342=CARTESIAN_POINT('Origin',(-2.50000007450581,-7.00000010430813,8.));
#5343=CARTESIAN_POINT('',(-5.00000007450581,-7.00000010430813,3.));
#5344=CARTESIAN_POINT('',(17.5000002607703,-7.00000010430813,3.));
#5345=CARTESIAN_POINT('Origin',(17.5000002607703,-7.00000010430813,3.));
#5346=CARTESIAN_POINT('',(17.5000000032956,-5.4999997317791,8.));
#5347=CARTESIAN_POINT('',(17.4999987588349,1.75000063028982,8.));
#5348=CARTESIAN_POINT('',(17.5000000032956,-5.4999997317791,3.));
#5349=CARTESIAN_POINT('Origin',(32.5000000032957,21.0000002682209,3.));
#5350=CARTESIAN_POINT('',(29.0000000032956,21.0000002682209,18.));
#5351=CARTESIAN_POINT('Origin',(-19.4999999967044,21.0000002682209,3.));
#5352=CARTESIAN_POINT('',(-19.4999999967044,17.5000002682209,18.));
#5353=CARTESIAN_POINT('Origin',(32.6504599703534,-62.2322181572618,18.));
#5354=CARTESIAN_POINT('',(28.9247903715549,-62.4996287795649,5.5));
#5355=CARTESIAN_POINT('',(32.4999009293782,-58.499999731779,5.5));
#5356=CARTESIAN_POINT('Origin',(32.6504599703534,-62.2322181572618,5.5));
#5357=CARTESIAN_POINT('',(28.9247903715549,-62.4996287795649,25.5));
#5358=CARTESIAN_POINT('',(28.9247903715549,-62.4996287795649,18.));
#5359=CARTESIAN_POINT('',(32.4999009293782,-58.499999731779,25.5));
#5360=CARTESIAN_POINT('Origin',(32.6504599703534,-62.2322181572618,25.5));
#5361=CARTESIAN_POINT('',(32.4999009293782,-58.499999731779,18.));
#5362=CARTESIAN_POINT('Origin',(32.4999009293782,-58.4999997317791,18.));
#5363=CARTESIAN_POINT('',(36.5000000032956,-58.4999997317791,5.5));
#5364=CARTESIAN_POINT('',(6.37495046633694,-58.4999997317791,5.5));
#5365=CARTESIAN_POINT('',(36.5000000032956,-58.4999997317791,25.5));
#5366=CARTESIAN_POINT('',(32.4999009293782,-58.4999997317791,25.5));
#5367=CARTESIAN_POINT('',(36.5000000032956,-58.4999997317791,10.5));
#5368=CARTESIAN_POINT('Origin',(17.5000000032956,-5.4999997317791,3.));
#5369=CARTESIAN_POINT('',(17.5000000032956,25.0000002682209,8.));
#5370=CARTESIAN_POINT('',(17.5000000032956,1.75000020116567,8.));
#5371=CARTESIAN_POINT('',(17.5000000032956,25.0000002682209,3.));
#5372=CARTESIAN_POINT('Origin',(15.0000000032956,1.75000020116567,8.));
#5373=CARTESIAN_POINT('',(15.0000000032956,25.000000372529,10.5));
#5374=CARTESIAN_POINT('Origin',(15.0000000032956,25.0000002682209,8.));
#5375=CARTESIAN_POINT('',(15.0000000032956,1.75000020116567,10.5));
#5376=CARTESIAN_POINT('Origin',(6.25000009313226,9.00000013411045,10.5));
#5377=CARTESIAN_POINT('',(-2.50000007450581,25.000000372529,10.5));
#5378=CARTESIAN_POINT('',(-5.00000007450581,25.000000372529,10.5));
#5379=CARTESIAN_POINT('',(-2.50000007450581,17.0000002011657,10.5));
#5380=CARTESIAN_POINT('Origin',(-2.50000007450581,17.0000002011657,8.));
#5381=CARTESIAN_POINT('',(-5.00000007450581,25.0000002682209,8.));
#5382=CARTESIAN_POINT('Origin',(-2.50000007450581,25.0000002682209,8.));
#5383=CARTESIAN_POINT('',(-5.00000007450581,17.0000002011657,8.));
#5384=CARTESIAN_POINT('Origin',(-5.00000007450581,25.0000002682209,3.));
#5385=CARTESIAN_POINT('',(-5.00000007450581,25.0000002682209,3.));
#5386=CARTESIAN_POINT('Origin',(29.0000000032956,25.0000002682209,3.));
#5387=CARTESIAN_POINT('',(29.0000000032956,25.0000002682209,18.));
#5388=CARTESIAN_POINT('Origin',(36.5000000032956,-11.4999997317791,3.));
#5389=CARTESIAN_POINT('',(36.5000000032956,-11.4999997317791,14.));
#5390=CARTESIAN_POINT('',(-23.4999999967044,-11.4999997317791,14.));
#5391=CARTESIAN_POINT('',(21.5000000032956,-11.4999997317791,14.));
#5392=CARTESIAN_POINT('',(36.5000000032956,-11.4999997317791,3.));
#5393=CARTESIAN_POINT('',(-23.4999999967044,-11.4999997317791,3.));
#5394=CARTESIAN_POINT('Origin',(-23.4999999967044,-54.4999997317791,3.));
#5395=CARTESIAN_POINT('',(-23.4999999967044,-54.4999997317791,5.5));
#5396=CARTESIAN_POINT('',(36.5000000032956,-54.4999997317791,5.5));
#5397=CARTESIAN_POINT('',(-8.49999999670436,-54.4999997317791,5.5));
#5398=CARTESIAN_POINT('',(36.5000000032956,-54.4999997317791,14.));
#5399=CARTESIAN_POINT('',(36.5000000032956,-54.4999997317791,3.));
#5400=CARTESIAN_POINT('',(-23.4999999967044,-54.4999997317791,14.));
#5401=CARTESIAN_POINT('',(-8.49999999670436,-54.4999997317791,14.));
#5402=CARTESIAN_POINT('',(-23.4999999967044,-54.4999997317791,3.));
#5403=CARTESIAN_POINT('Origin',(-23.4999999967044,17.5000002682209,3.));
#5404=CARTESIAN_POINT('',(-23.4999999967044,17.5000002682209,18.));
#5405=CARTESIAN_POINT('Origin',(32.7076029897817,-62.2499997317791,25.5));
#5406=CARTESIAN_POINT('',(28.9247903715549,-65.9999997317791,25.5));
#5407=CARTESIAN_POINT('',(28.9247903715549,-65.9999997317791,25.5));
#5408=CARTESIAN_POINT('',(36.5000000032956,-65.9999997317791,25.5));
#5409=CARTESIAN_POINT('',(34.6038014965387,-65.9999997317791,25.5));
#5410=CARTESIAN_POINT('',(36.5000000032956,-18.6249997317791,25.5));
#5411=CARTESIAN_POINT('Origin',(-15.9999999967044,-61.9999996551446,18.));
#5412=CARTESIAN_POINT('',(-15.9999999967044,-65.9999997317791,5.5));
#5413=CARTESIAN_POINT('',(-15.9999999967044,-65.9999997317791,18.));
#5414=CARTESIAN_POINT('',(-15.9999999967044,-62.3749996934618,5.5));
#5415=CARTESIAN_POINT('Origin',(-19.7499999967044,-62.7499997317791,5.5));
#5416=CARTESIAN_POINT('',(28.9247903715549,-65.9999997317791,5.5));
#5417=CARTESIAN_POINT('',(-21.6249999967044,-65.9999997317791,5.5));
#5418=CARTESIAN_POINT('',(28.9247903715549,-64.3749997317791,5.5));
#5419=CARTESIAN_POINT('',(36.5000000032956,2.1250002682209,5.5));
#5420=CARTESIAN_POINT('',(-23.4999999967044,-16.1249997317791,5.5));
#5421=CARTESIAN_POINT('Origin',(28.9247903715549,-65.9999997317791,18.));
#5422=CARTESIAN_POINT('',(28.9247903715549,-65.9999997317791,10.5));
#5423=CARTESIAN_POINT('Origin',(30.5000000032956,-38.9999997317791,18.));
#5424=CARTESIAN_POINT('',(30.5000000032956,-42.9999997317791,17.));
#5425=CARTESIAN_POINT('',(30.5000000032956,-38.9999997317791,17.));
#5426=CARTESIAN_POINT('',(30.5000000032956,-39.9999997317791,17.));
#5427=CARTESIAN_POINT('',(30.5000000032956,-38.9999997317791,19.));
#5428=CARTESIAN_POINT('',(30.5000000032956,-38.9999997317791,18.));
#5429=CARTESIAN_POINT('',(30.5000000032956,-42.9999997317791,19.));
#5430=CARTESIAN_POINT('',(30.5000000032956,-38.9999997317791,19.));
#5431=CARTESIAN_POINT('',(30.5000000032956,-42.9999997317791,18.));
#5432=CARTESIAN_POINT('Origin',(-18.4999999967044,-42.9999997317791,18.));
#5433=CARTESIAN_POINT('',(-18.4999999967044,-38.9999997317791,17.));
#5434=CARTESIAN_POINT('',(-18.4999999967044,-42.9999997317791,17.));
#5435=CARTESIAN_POINT('',(-18.4999999967044,-41.9999997317791,17.));
#5436=CARTESIAN_POINT('',(-18.4999999967044,-42.9999997317791,19.));
#5437=CARTESIAN_POINT('',(-18.4999999967044,-42.9999997317791,18.));
#5438=CARTESIAN_POINT('',(-18.4999999967044,-38.9999997317791,19.));
#5439=CARTESIAN_POINT('',(-18.4999999967044,-38.9999997317791,19.));
#5440=CARTESIAN_POINT('',(-18.4999999967044,-38.9999997317791,18.));
#5441=CARTESIAN_POINT('Origin',(-8.49999999670436,-49.4999997317791,14.));
#5442=CARTESIAN_POINT('',(-23.4999999967044,-49.4999997317791,19.));
#5443=CARTESIAN_POINT('Origin',(-23.4999999967044,-49.4999997317791,14.));
#5444=CARTESIAN_POINT('',(36.5000000032956,-49.4999997317791,19.));
#5445=CARTESIAN_POINT('Origin',(36.5000000032956,-49.4999997317791,14.));
#5446=CARTESIAN_POINT('',(-8.49999999670436,-49.4999997317791,19.));
#5447=CARTESIAN_POINT('Origin',(21.5000000032956,-16.4999997317791,14.));
#5448=CARTESIAN_POINT('',(36.5000000032956,-16.4999997317791,19.));
#5449=CARTESIAN_POINT('Origin',(36.5000000032956,-16.4999997317791,14.));
#5450=CARTESIAN_POINT('',(-23.4999999967044,-16.4999997317791,19.));
#5451=CARTESIAN_POINT('Origin',(-23.4999999967044,-16.4999997317791,14.));
#5452=CARTESIAN_POINT('',(21.5000000032956,-16.4999997317791,19.));
#5453=CARTESIAN_POINT('Origin',(-18.4999999967044,-26.9999997317791,18.));
#5454=CARTESIAN_POINT('',(-18.4999999967044,-22.9999997317791,17.));
#5455=CARTESIAN_POINT('',(-18.4999999967044,-26.9999997317791,17.));
#5456=CARTESIAN_POINT('',(-18.4999999967044,-25.9999997988343,17.));
#5457=CARTESIAN_POINT('',(-18.4999999967044,-26.9999997317791,19.));
#5458=CARTESIAN_POINT('',(-18.4999999967044,-26.9999997317791,18.));
#5459=CARTESIAN_POINT('',(-18.4999999967044,-22.9999997317791,19.));
#5460=CARTESIAN_POINT('',(-18.4999999967044,-26.9999997317791,19.));
#5461=CARTESIAN_POINT('',(-18.4999999967044,-22.9999997317791,18.));
#5462=CARTESIAN_POINT('Origin',(30.5000000032956,-22.9999997317791,18.));
#5463=CARTESIAN_POINT('',(30.5000000032956,-26.9999997317791,17.));
#5464=CARTESIAN_POINT('',(30.5000000032956,-22.9999997317791,17.));
#5465=CARTESIAN_POINT('',(30.5000000032956,-23.9999997988343,17.));
#5466=CARTESIAN_POINT('',(30.5000000032956,-22.9999997317791,19.));
#5467=CARTESIAN_POINT('',(30.5000000032956,-22.9999997317791,18.));
#5468=CARTESIAN_POINT('',(30.5000000032956,-26.9999997317791,19.));
#5469=CARTESIAN_POINT('',(30.5000000032956,-22.9999997317791,19.));
#5470=CARTESIAN_POINT('',(30.5000000032956,-26.9999997317791,18.));
#5471=CARTESIAN_POINT('Origin',(35.5000000032957,-6.4999997317791,0.));
#5472=CARTESIAN_POINT('',(36.5000000032956,-6.49999973177909,-5.55111512312578E-16));
#5473=CARTESIAN_POINT('',(36.7500002847699,-6.4999997317791,-5.55111512312578E-16));
#5474=CARTESIAN_POINT('',(36.5000000032956,-6.4999997317791,0.));
#5475=CARTESIAN_POINT('Origin',(39.5000000032956,28.0000002682209,0.));
#5476=CARTESIAN_POINT('',(39.5000000032956,28.0000002682209,28.7));
#5477=CARTESIAN_POINT('Origin',(36.5000000032956,25.0000002682209,3.));
#5478=CARTESIAN_POINT('',(36.5000000032956,-54.4999997317791,19.));
#5479=CARTESIAN_POINT('',(36.5000000032956,-65.9999997317791,28.7));
#5480=CARTESIAN_POINT('',(36.5000000032956,-65.9999997317791,10.5));
#5481=CARTESIAN_POINT('',(36.5000000032956,25.0000002682209,28.7));
#5482=CARTESIAN_POINT('',(36.5000000032956,17.5000002682209,28.7));
#5483=CARTESIAN_POINT('',(36.5000000032956,25.0000002682209,23.));
#5484=CARTESIAN_POINT('Origin',(-23.4999999967044,25.0000002682209,3.));
#5485=CARTESIAN_POINT('',(-23.4999999967044,25.0000002682209,28.7));
#5486=CARTESIAN_POINT('',(36.5000000032956,25.0000002682209,28.7));
#5487=CARTESIAN_POINT('',(-23.4999999967044,25.0000002682209,23.));
#5488=CARTESIAN_POINT('Origin',(-23.4999999967044,-11.4999997317791,3.));
#5489=CARTESIAN_POINT('',(-23.4999999967044,-65.9999997317791,28.7));
#5490=CARTESIAN_POINT('',(-23.4999999967044,-16.1249997317791,28.7));
#5491=CARTESIAN_POINT('',(-23.4999999967044,-65.9999997317791,3.));
#5492=CARTESIAN_POINT('',(-23.4999999967044,-11.4999997317791,19.));
#5493=CARTESIAN_POINT('Origin',(36.5000000032957,-65.9999997317791,3.));
#5494=CARTESIAN_POINT('',(-23.4999999967044,-65.9999997317791,28.7));
#5495=CARTESIAN_POINT('Origin',(32.5000000032957,-22.9999997317791,18.));
#5496=CARTESIAN_POINT('',(32.5000000032957,-22.9999997317791,17.));
#5497=CARTESIAN_POINT('',(19.2500000032956,-22.9999997317791,17.));
#5498=CARTESIAN_POINT('',(32.5000000032957,-22.9999997317791,19.));
#5499=CARTESIAN_POINT('',(32.5000000032957,-22.9999997317791,10.5));
#5500=CARTESIAN_POINT('',(32.5000000032957,-22.9999997317791,19.));
#5501=CARTESIAN_POINT('Origin',(30.5000000032956,-26.9999997317791,18.));
#5502=CARTESIAN_POINT('',(32.5000000032957,-26.9999997317791,17.));
#5503=CARTESIAN_POINT('',(18.2500000032956,-26.9999997317791,17.));
#5504=CARTESIAN_POINT('',(32.5000000032957,-26.9999997317791,19.));
#5505=CARTESIAN_POINT('',(30.5000000032956,-26.9999997317791,19.));
#5506=CARTESIAN_POINT('',(32.5000000032957,-26.9999997317791,10.5));
#5507=CARTESIAN_POINT('Origin',(32.5000000032957,-38.9999997317791,18.));
#5508=CARTESIAN_POINT('',(32.5000000032957,-38.9999997317791,17.));
#5509=CARTESIAN_POINT('',(19.2500000032956,-38.9999997317791,17.));
#5510=CARTESIAN_POINT('',(32.5000000032957,-38.9999997317791,19.));
#5511=CARTESIAN_POINT('',(32.5000000032957,-38.9999997317791,10.5));
#5512=CARTESIAN_POINT('',(32.5000000032957,-38.9999997317791,19.));
#5513=CARTESIAN_POINT('Origin',(30.5000000032956,-42.9999997317791,18.));
#5514=CARTESIAN_POINT('',(32.5000000032957,-42.9999997317791,17.));
#5515=CARTESIAN_POINT('',(18.2500000032956,-42.9999997317791,17.));
#5516=CARTESIAN_POINT('',(32.5000000032957,-42.9999997317791,19.));
#5517=CARTESIAN_POINT('',(30.5000000032956,-42.9999997317791,19.));
#5518=CARTESIAN_POINT('',(32.5000000032957,-42.9999997317791,10.5));
#5519=CARTESIAN_POINT('Origin',(-20.4999999967044,-42.9999997317791,18.));
#5520=CARTESIAN_POINT('',(-20.4999999967044,-42.9999997317791,17.));
#5521=CARTESIAN_POINT('',(-7.24999999670436,-42.9999997317791,17.));
#5522=CARTESIAN_POINT('',(-20.4999999967044,-42.9999997317791,19.));
#5523=CARTESIAN_POINT('',(-20.4999999967044,-42.9999997317791,10.5));
#5524=CARTESIAN_POINT('',(-18.4999999967044,-42.9999997317791,19.));
#5525=CARTESIAN_POINT('Origin',(-18.4999999967044,-38.9999997317791,18.));
#5526=CARTESIAN_POINT('',(-20.4999999967044,-38.9999997317791,17.));
#5527=CARTESIAN_POINT('',(-6.24999999670436,-38.9999997317791,17.));
#5528=CARTESIAN_POINT('',(-20.4999999967044,-38.9999997317791,19.));
#5529=CARTESIAN_POINT('',(-18.4999999967044,-38.9999997317791,19.));
#5530=CARTESIAN_POINT('',(-20.4999999967044,-38.9999997317791,10.5));
#5531=CARTESIAN_POINT('Origin',(6.00000000329564,-40.9999997317791,17.));
#5532=CARTESIAN_POINT('',(-20.4999999967044,-47.4999997317791,17.));
#5533=CARTESIAN_POINT('',(32.5000000032957,-47.4999997317791,17.));
#5534=CARTESIAN_POINT('',(19.2500000032956,-47.4999997317791,17.));
#5535=CARTESIAN_POINT('',(-20.4999999967044,-9.4999997317791,17.));
#5536=CARTESIAN_POINT('',(-20.4999999967044,-34.4999997317791,17.));
#5537=CARTESIAN_POINT('',(-20.4999999967044,-9.4999997317791,17.));
#5538=CARTESIAN_POINT('',(32.5000000032957,-34.4999997317791,17.));
#5539=CARTESIAN_POINT('',(-7.24999999670436,-34.4999997317791,17.));
#5540=CARTESIAN_POINT('',(32.5000000032957,-69.4999997317791,17.));
#5541=CARTESIAN_POINT('',(32.5000000032957,-69.4999997317791,17.));
#5542=CARTESIAN_POINT('Origin',(-7.24999999670436,-34.4999997317791,16.));
#5543=CARTESIAN_POINT('',(-20.4999999967044,-33.4999997317791,16.));
#5544=CARTESIAN_POINT('Origin',(-20.4999999967044,-34.4999997317791,16.));
#5545=CARTESIAN_POINT('',(32.5000000032957,-33.4999997317791,16.));
#5546=CARTESIAN_POINT('',(-7.24999999670436,-33.4999997317791,16.));
#5547=CARTESIAN_POINT('Origin',(32.5000000032957,-34.4999997317791,16.));
#5548=CARTESIAN_POINT('Origin',(-20.4999999967044,-33.4999997317791,18.));
#5549=CARTESIAN_POINT('',(-20.4999999967044,-33.4999997317791,15.));
#5550=CARTESIAN_POINT('',(-20.4999999967044,-33.4999997317791,18.));
#5551=CARTESIAN_POINT('',(32.5000000032957,-33.4999997317791,15.));
#5552=CARTESIAN_POINT('',(-7.24999999670436,-33.4999997317791,15.));
#5553=CARTESIAN_POINT('',(32.5000000032957,-33.4999997317791,18.));
#5554=CARTESIAN_POINT('Origin',(6.00000000329564,-32.9999997317791,15.));
#5555=CARTESIAN_POINT('',(-20.4999999967044,-32.5,15.));
#5556=CARTESIAN_POINT('',(-20.4999999967044,-9.4999997317791,15.));
#5557=CARTESIAN_POINT('',(32.5000000032957,-32.4999997317791,15.));
#5558=CARTESIAN_POINT('',(19.2500000020305,-32.4999997988343,15.));
#5559=CARTESIAN_POINT('',(32.5000000032957,-69.4999997317791,15.));
#5560=CARTESIAN_POINT('Origin',(32.5000000032957,-32.4999997317791,18.));
#5561=CARTESIAN_POINT('',(32.5000000032957,-32.4999997317791,16.));
#5562=CARTESIAN_POINT('',(-20.4999999967044,-32.5,16.));
#5563=CARTESIAN_POINT('',(19.2500000222735,-32.4999997988343,16.));
#5564=CARTESIAN_POINT('',(32.5000000032957,-32.4999997317791,18.));
#5565=CARTESIAN_POINT('',(-20.4999999967044,-32.5,18.));
#5566=CARTESIAN_POINT('Origin',(19.2500000172128,-31.4999997988343,16.));
#5567=CARTESIAN_POINT('',(32.5000000032957,-31.4999997317791,17.));
#5568=CARTESIAN_POINT('Origin',(32.5000000032957,-31.4999997317791,16.));
#5569=CARTESIAN_POINT('',(-20.4999999967044,-31.5,17.));
#5570=CARTESIAN_POINT('Origin',(-20.4999999967044,-31.5,16.));
#5571=CARTESIAN_POINT('',(19.2500000172128,-31.4999997988343,17.));
#5572=CARTESIAN_POINT('Origin',(-20.4999999967044,-26.9999997317791,18.));
#5573=CARTESIAN_POINT('',(-20.4999999967044,-26.9999997317791,17.));
#5574=CARTESIAN_POINT('',(-7.24999999670436,-26.9999997317791,17.));
#5575=CARTESIAN_POINT('',(-20.4999999967044,-26.9999997317791,19.));
#5576=CARTESIAN_POINT('',(-20.4999999967044,-26.9999997317791,10.5));
#5577=CARTESIAN_POINT('',(-20.4999999967044,-26.9999997317791,19.));
#5578=CARTESIAN_POINT('Origin',(6.50000000329564,-32.9999997317791,19.));
#5579=CARTESIAN_POINT('',(-20.4999999967044,-41.,19.));
#5580=CARTESIAN_POINT('',(-20.4999999967044,-22.9999997317791,19.));
#5581=CARTESIAN_POINT('',(-20.4999999967044,-22.9999997317791,19.));
#5582=CARTESIAN_POINT('',(-18.4999999967044,-22.9999997317791,19.));
#5583=CARTESIAN_POINT('',(32.5000000032957,-42.9999997317791,19.));
#5584=CARTESIAN_POINT('',(32.5000000032957,-32.4999997317791,19.));
#5585=CARTESIAN_POINT('Origin',(-18.4999999967044,-22.9999997317791,18.));
#5586=CARTESIAN_POINT('',(-20.4999999967044,-22.9999997317791,17.));
#5587=CARTESIAN_POINT('',(-6.24999999670436,-22.9999997317791,17.));
#5588=CARTESIAN_POINT('',(-20.4999999967044,-22.9999997317791,10.5));
#5589=CARTESIAN_POINT('Origin',(6.00000000329564,-24.9999998658896,17.));
#5590=CARTESIAN_POINT('',(32.5000000032957,-18.4999997317791,17.));
#5591=CARTESIAN_POINT('',(-20.4999999967044,-18.4999997317791,17.));
#5592=CARTESIAN_POINT('',(-7.24999999670436,-18.4999997317791,17.));
#5593=CARTESIAN_POINT('',(32.5000000032957,-69.4999997317791,17.));
#5594=CARTESIAN_POINT('',(32.5000000032957,-69.4999997317791,17.));
#5595=CARTESIAN_POINT('',(-20.4999999967044,-9.4999997317791,17.));
#5596=CARTESIAN_POINT('',(-20.4999999967044,-9.4999997317791,17.));
#5597=CARTESIAN_POINT('Origin',(-7.24999999670436,-18.4999997317791,16.));
#5598=CARTESIAN_POINT('',(-20.4999999967044,-17.4999997317791,16.));
#5599=CARTESIAN_POINT('Origin',(-20.4999999967044,-18.4999997317791,16.));
#5600=CARTESIAN_POINT('',(32.5000000032957,-17.4999997317791,16.));
#5601=CARTESIAN_POINT('',(-7.24999999670436,-17.4999997317791,16.));
#5602=CARTESIAN_POINT('Origin',(32.5000000032957,-18.4999997317791,16.));
#5603=CARTESIAN_POINT('Origin',(19.2500000032956,-47.4999997317791,16.));
#5604=CARTESIAN_POINT('',(32.5000000032957,-48.4999997317791,16.));
#5605=CARTESIAN_POINT('Origin',(32.5000000032957,-47.4999997317791,16.));
#5606=CARTESIAN_POINT('',(-20.4999999967044,-48.4999997317791,16.));
#5607=CARTESIAN_POINT('',(19.2500000032956,-48.4999997317791,16.));
#5608=CARTESIAN_POINT('Origin',(-20.4999999967044,-47.4999997317791,16.));
#5609=CARTESIAN_POINT('Origin',(36.5000000032956,-6.4999997317791,2.));
#5610=CARTESIAN_POINT('',(36.5000000032956,-37.9999997317791,-5.55111512312578E-16));
#5611=CARTESIAN_POINT('Origin',(38.0000005662441,-69.4999997317791,-5.55111512312578E-16));
#5612=CARTESIAN_POINT('',(-25.000000372529,-1.49999973177909,-5.55111512312578E-16));
#5613=CARTESIAN_POINT('',(38.0000005662441,-1.49999973177909,-5.55111512312578E-16));
#5614=CARTESIAN_POINT('',(-25.000000372529,-69.4999997317791,0.));
#5615=CARTESIAN_POINT('Origin',(6.50000000329564,-20.7499997317791,28.7));
#5616=CARTESIAN_POINT('',(-26.4999999967044,-69.4999997317791,28.7));
#5617=CARTESIAN_POINT('Origin',(-20.4999999967044,-17.4999997317791,18.));
#5618=CARTESIAN_POINT('',(-20.4999999967044,-17.4999997317791,18.));
#5619=CARTESIAN_POINT('',(32.5000000032957,-17.4999997317791,18.));
#5620=CARTESIAN_POINT('Origin',(32.5000000032957,-22.9999997317791,3.));
#5621=CARTESIAN_POINT('',(32.5000000032957,-48.4999997317791,18.));
#5622=CARTESIAN_POINT('Origin',(32.5000000032957,-48.4999997317791,18.));
#5623=CARTESIAN_POINT('',(-20.4999999967044,-48.4999997317791,18.));
#5624=CARTESIAN_POINT('Origin',(-20.4999999967044,-26.9999997317791,3.));
#5625=CARTESIAN_POINT('Origin',(6.50000009685755,-1.49999973177909,1.));
#5626=CARTESIAN_POINT('',(-25.000000372529,-1.49999973177909,-5.55111512312578E-16));
#5627=CARTESIAN_POINT('Origin',(-25.000000372529,-69.4999997317791,0.));
#5628=CARTESIAN_POINT('Origin',(-26.4999999967044,-69.4999997317791,0.));
#5629=CARTESIAN_POINT('Origin',(6.50000000329563,-58.9999997317791,-1.5));
#5630=CARTESIAN_POINT('',(5.43750000329563,-58.9999997317791,-1.5));
#5631=UNCERTAINTY_MEASURE_WITH_UNIT(LENGTH_MEASURE(0.01),#5635,
'DISTANCE_ACCURACY_VALUE',
'Maximum model space distance between geometric entities at asserted c
onnectivities');
#5632=UNCERTAINTY_MEASURE_WITH_UNIT(LENGTH_MEASURE(0.01),#5635,
'DISTANCE_ACCURACY_VALUE',
'Maximum model space distance between geometric entities at asserted c
onnectivities');
#5633=(
GEOMETRIC_REPRESENTATION_CONTEXT(3)
GLOBAL_UNCERTAINTY_ASSIGNED_CONTEXT((#5631))
GLOBAL_UNIT_ASSIGNED_CONTEXT((#5635,#5636,#5637))
REPRESENTATION_CONTEXT('','3D')
);
#5634=(
GEOMETRIC_REPRESENTATION_CONTEXT(3)
GLOBAL_UNCERTAINTY_ASSIGNED_CONTEXT((#5632))
GLOBAL_UNIT_ASSIGNED_CONTEXT((#5635,#5636,#5637))
REPRESENTATION_CONTEXT('','3D')
);
#5635=(
LENGTH_UNIT()
NAMED_UNIT(*)
SI_UNIT(.MILLI.,.METRE.)
);
#5636=(
NAMED_UNIT(*)
PLANE_ANGLE_UNIT()
SI_UNIT($,.RADIAN.)
);
#5637=(
NAMED_UNIT(*)
SI_UNIT($,.STERADIAN.)
SOLID_ANGLE_UNIT()
);
#5638=SHAPE_DEFINITION_REPRESENTATION(#5639,#5640);
#5639=PRODUCT_DEFINITION_SHAPE('',$,#5642);
#5640=SHAPE_REPRESENTATION('',(#3511),#5633);
#5641=PRODUCT_DEFINITION_CONTEXT('part definition',#5646,'design');
#5642=PRODUCT_DEFINITION('2026-08-07-23-02-26-632','3D HACK-PAD',#5643,
#5641);
#5643=PRODUCT_DEFINITION_FORMATION('',$,#5648);
#5644=PRODUCT_RELATED_PRODUCT_CATEGORY('3D HACK-PAD','3D HACK-PAD',(#5648));
#5645=APPLICATION_PROTOCOL_DEFINITION('international standard',
'automotive_design',2009,#5646);
#5646=APPLICATION_CONTEXT(
'Core Data for Automotive Mechanical Design Process');
#5647=PRODUCT_CONTEXT('part definition',#5646,'mechanical');
#5648=PRODUCT('2026-08-07-23-02-26-632','3D HACK-PAD',
'KiCad electronic assembly',(#5647));
#5649=PRESENTATION_STYLE_ASSIGNMENT((#5652));
#5650=PRESENTATION_STYLE_ASSIGNMENT((#5653));
#5651=PRESENTATION_STYLE_ASSIGNMENT((#5654));
#5652=SURFACE_STYLE_USAGE(.BOTH.,#5655);
#5653=SURFACE_STYLE_USAGE(.BOTH.,#5656);
#5654=SURFACE_STYLE_USAGE(.BOTH.,#5657);
#5655=SURFACE_SIDE_STYLE('',(#5658));
#5656=SURFACE_SIDE_STYLE('',(#5659));
#5657=SURFACE_SIDE_STYLE('',(#5660));
#5658=SURFACE_STYLE_FILL_AREA(#5661);
#5659=SURFACE_STYLE_FILL_AREA(#5662);
#5660=SURFACE_STYLE_FILL_AREA(#5663);
#5661=FILL_AREA_STYLE('Steel - Satin',(#5664));
#5662=FILL_AREA_STYLE('Opaque(64,64,64)',(#5665));
#5663=FILL_AREA_STYLE('Powder Coat - Rough (Red)',(#5666));
#5664=FILL_AREA_STYLE_COLOUR('Steel - Satin',#5667);
#5665=FILL_AREA_STYLE_COLOUR('Opaque(64,64,64)',#5668);
#5666=FILL_AREA_STYLE_COLOUR('Powder Coat - Rough (Red)',#5669);
#5667=COLOUR_RGB('Steel - Satin',0.627450980392157,0.627450980392157,0.627450980392157);
#5668=COLOUR_RGB('Opaque(64,64,64)',0.250980392156863,0.250980392156863,
0.250980392156863);
#5669=COLOUR_RGB('Powder Coat - Rough (Red)',0.768627450980392,0.207843137254902,
0.152941176470588);
ENDSEC;
END-ISO-10303-21;
