ISO-10303-21;
HEADER;
/* Generated by software containing ST-Developer
 * from STEP Tools, Inc. (www.steptools.com) 
 */

FILE_DESCRIPTION(
/* description */ ('KiCad electronic assembly'),
/* implementation_level */ '2;1');

FILE_NAME(
/* name */ '3D HACK-PAD Printing.step',
/* time_stamp */ '2026-08-23T14:25:53-06:00',
/* author */ (''),
/* organization */ (''),
/* preprocessor_version */ 'ST-DEVELOPER v20.1',
/* originating_system */ 'Autodesk Translation Framework v15.8.0.0',
/* authorisation */ '');

FILE_SCHEMA (('AUTOMOTIVE_DESIGN { 1 0 10303 214 3 1 1 }'));
ENDSEC;

DATA;
#10=MECHANICAL_DESIGN_GEOMETRIC_PRESENTATION_REPRESENTATION('',(#13,#14,
#15),#8822);
#11=SHAPE_REPRESENTATION_RELATIONSHIP('SRR','None',#8828,#12);
#12=ADVANCED_BREP_SHAPE_REPRESENTATION('',(#16,#17,#18),#8821);
#13=STYLED_ITEM('',(#8838),#16);
#14=STYLED_ITEM('',(#8838),#17);
#15=STYLED_ITEM('',(#8839),#18);
#16=MANIFOLD_SOLID_BREP('Body1',#5480);
#17=MANIFOLD_SOLID_BREP('Body3',#5481);
#18=MANIFOLD_SOLID_BREP('Body4',#5482);
#19=CYLINDRICAL_SURFACE('',#5573,3.5);
#20=CYLINDRICAL_SURFACE('',#5576,1.125);
#21=CYLINDRICAL_SURFACE('',#5579,1.125);
#22=CYLINDRICAL_SURFACE('',#5582,1.125);
#23=CYLINDRICAL_SURFACE('',#5586,1.125);
#24=CYLINDRICAL_SURFACE('',#5589,10.);
#25=CYLINDRICAL_SURFACE('',#5592,9.99999999999999);
#26=CYLINDRICAL_SURFACE('',#5597,10.);
#27=CYLINDRICAL_SURFACE('',#5602,10.);
#28=CYLINDRICAL_SURFACE('',#5613,8.);
#29=CYLINDRICAL_SURFACE('',#5636,3.50000000000001);
#30=CYLINDRICAL_SURFACE('',#5637,3.5);
#31=CYLINDRICAL_SURFACE('',#5638,3.73525399408556);
#32=CYLINDRICAL_SURFACE('',#5643,2.5);
#33=CYLINDRICAL_SURFACE('',#5646,2.5);
#34=CYLINDRICAL_SURFACE('',#5659,5.);
#35=CYLINDRICAL_SURFACE('',#5662,5.);
#36=CYLINDRICAL_SURFACE('',#5680,1.);
#37=CYLINDRICAL_SURFACE('',#5686,1.);
#38=CYLINDRICAL_SURFACE('',#5693,1.);
#39=CYLINDRICAL_SURFACE('',#5696,1.);
#40=CYLINDRICAL_SURFACE('',#5709,1.0625);
#41=CYLINDRICAL_SURFACE('',#5710,9.99999999999999);
#42=CYLINDRICAL_SURFACE('',#5714,10.);
#43=CYLINDRICAL_SURFACE('',#5761,1.0625);
#44=CYLINDRICAL_SURFACE('',#5764,2.0625);
#45=CYLINDRICAL_SURFACE('',#5773,2.5);
#46=CYLINDRICAL_SURFACE('',#5778,2.49999962483449);
#47=CYLINDRICAL_SURFACE('',#5783,2.5000012803535);
#48=CYLINDRICAL_SURFACE('',#5788,2.5);
#49=CYLINDRICAL_SURFACE('',#5793,10.);
#50=CYLINDRICAL_SURFACE('',#5796,9.99999999999999);
#51=CYLINDRICAL_SURFACE('',#5799,10.);
#52=CYLINDRICAL_SURFACE('',#5802,10.);
#53=CYLINDRICAL_SURFACE('',#5827,2.5);
#54=CYLINDRICAL_SURFACE('',#5832,2.5);
#55=CYLINDRICAL_SURFACE('',#5833,2.5);
#56=CYLINDRICAL_SURFACE('',#5834,1.0625);
#57=CYLINDRICAL_SURFACE('',#5835,1.0625);
#58=CYLINDRICAL_SURFACE('',#5840,2.5);
#59=CYLINDRICAL_SURFACE('',#5849,1.0625);
#60=CYLINDRICAL_SURFACE('',#5850,2.5);
#61=CYLINDRICAL_SURFACE('',#5855,2.5);
#62=CYLINDRICAL_SURFACE('',#5856,1.0625);
#63=FACE_BOUND('',#573,.T.);
#64=FACE_BOUND('',#575,.T.);
#65=FACE_BOUND('',#577,.T.);
#66=FACE_BOUND('',#597,.T.);
#67=FACE_BOUND('',#598,.T.);
#68=FACE_BOUND('',#599,.T.);
#69=FACE_BOUND('',#600,.T.);
#70=FACE_BOUND('',#601,.T.);
#71=FACE_BOUND('',#603,.T.);
#72=FACE_BOUND('',#604,.T.);
#73=FACE_BOUND('',#612,.T.);
#74=FACE_BOUND('',#639,.T.);
#75=FACE_BOUND('',#651,.T.);
#76=FACE_BOUND('',#655,.T.);
#77=FACE_BOUND('',#671,.T.);
#78=FACE_BOUND('',#672,.T.);
#79=FACE_BOUND('',#673,.T.);
#80=FACE_BOUND('',#674,.T.);
#81=FACE_BOUND('',#682,.T.);
#82=FACE_BOUND('',#697,.T.);
#83=FACE_BOUND('',#698,.T.);
#84=FACE_BOUND('',#699,.T.);
#85=FACE_BOUND('',#741,.T.);
#86=FACE_BOUND('',#746,.T.);
#87=FACE_BOUND('',#751,.T.);
#88=FACE_BOUND('',#754,.T.);
#89=FACE_BOUND('',#757,.T.);
#90=FACE_BOUND('',#760,.T.);
#91=FACE_BOUND('',#766,.T.);
#92=FACE_BOUND('',#767,.T.);
#93=FACE_BOUND('',#768,.T.);
#94=FACE_BOUND('',#769,.T.);
#95=FACE_BOUND('',#770,.T.);
#96=FACE_BOUND('',#771,.T.);
#97=FACE_BOUND('',#772,.T.);
#98=FACE_BOUND('',#773,.T.);
#99=FACE_BOUND('',#774,.T.);
#100=FACE_BOUND('',#775,.T.);
#101=FACE_BOUND('',#776,.T.);
#102=FACE_BOUND('',#777,.T.);
#103=FACE_BOUND('',#778,.T.);
#104=FACE_BOUND('',#779,.T.);
#105=FACE_BOUND('',#780,.T.);
#106=FACE_BOUND('',#782,.T.);
#107=FACE_BOUND('',#783,.T.);
#108=FACE_BOUND('',#784,.T.);
#109=FACE_BOUND('',#785,.T.);
#110=FACE_BOUND('',#786,.T.);
#111=FACE_BOUND('',#787,.T.);
#112=FACE_BOUND('',#788,.T.);
#113=FACE_BOUND('',#789,.T.);
#114=FACE_BOUND('',#790,.T.);
#115=FACE_BOUND('',#791,.T.);
#116=FACE_BOUND('',#792,.T.);
#117=FACE_BOUND('',#793,.T.);
#118=FACE_BOUND('',#794,.T.);
#119=FACE_BOUND('',#795,.T.);
#120=FACE_BOUND('',#796,.T.);
#121=CIRCLE('',#5563,3.5);
#122=CIRCLE('',#5564,1.125);
#123=CIRCLE('',#5566,3.5);
#124=CIRCLE('',#5567,1.125);
#125=CIRCLE('',#5569,3.50000000000001);
#126=CIRCLE('',#5570,1.125);
#127=CIRCLE('',#5574,3.5);
#128=CIRCLE('',#5577,1.125);
#129=CIRCLE('',#5580,1.125);
#130=CIRCLE('',#5583,1.125);
#131=CIRCLE('',#5584,1.125);
#132=CIRCLE('',#5587,1.125);
#133=CIRCLE('',#5590,10.);
#134=CIRCLE('',#5591,10.);
#135=CIRCLE('',#5593,9.99999999999999);
#136=CIRCLE('',#5594,9.99999999999999);
#137=CIRCLE('',#5595,9.99999999999999);
#138=CIRCLE('',#5596,9.99999999999999);
#139=CIRCLE('',#5598,10.);
#140=CIRCLE('',#5599,10.);
#141=CIRCLE('',#5600,10.);
#142=CIRCLE('',#5601,10.);
#143=CIRCLE('',#5603,10.);
#144=CIRCLE('',#5604,10.);
#145=CIRCLE('',#5608,8.);
#146=CIRCLE('',#5610,1.0625);
#147=CIRCLE('',#5614,8.);
#148=CIRCLE('',#5619,3.5);
#149=CIRCLE('',#5620,3.50000000000001);
#150=CIRCLE('',#5622,1.0625);
#151=CIRCLE('',#5633,2.5);
#152=CIRCLE('',#5634,2.5);
#153=CIRCLE('',#5639,3.73525399408556);
#154=CIRCLE('',#5640,3.73525399408556);
#155=CIRCLE('',#5644,2.5);
#156=CIRCLE('',#5647,2.5);
#157=CIRCLE('',#5660,5.);
#158=CIRCLE('',#5661,5.);
#159=CIRCLE('',#5663,5.);
#160=CIRCLE('',#5664,5.);
#161=CIRCLE('',#5681,1.);
#162=CIRCLE('',#5682,1.);
#163=CIRCLE('',#5687,1.);
#164=CIRCLE('',#5688,1.);
#165=CIRCLE('',#5694,1.);
#166=CIRCLE('',#5695,1.);
#167=CIRCLE('',#5697,1.);
#168=CIRCLE('',#5698,1.);
#169=CIRCLE('',#5711,9.99999999999999);
#170=CIRCLE('',#5712,9.99999999999999);
#171=CIRCLE('',#5713,9.99999999999999);
#172=CIRCLE('',#5715,10.);
#173=CIRCLE('',#5716,10.);
#174=CIRCLE('',#5717,10.);
#175=CIRCLE('',#5722,2.0625);
#176=CIRCLE('',#5762,1.0625);
#177=CIRCLE('',#5763,1.0625);
#178=CIRCLE('',#5765,2.0625);
#179=CIRCLE('',#5774,2.5);
#180=CIRCLE('',#5775,2.5);
#181=CIRCLE('',#5777,1.06249999999999);
#182=CIRCLE('',#5779,2.49999962483449);
#183=CIRCLE('',#5780,2.49999962483449);
#184=CIRCLE('',#5782,1.0625);
#185=CIRCLE('',#5784,2.5000012803535);
#186=CIRCLE('',#5785,2.5000012803535);
#187=CIRCLE('',#5787,1.0625);
#188=CIRCLE('',#5789,2.5);
#189=CIRCLE('',#5790,2.5);
#190=CIRCLE('',#5792,1.06249999999999);
#191=CIRCLE('',#5794,10.);
#192=CIRCLE('',#5795,10.);
#193=CIRCLE('',#5797,9.99999999999999);
#194=CIRCLE('',#5798,9.99999999999999);
#195=CIRCLE('',#5800,10.);
#196=CIRCLE('',#5801,10.);
#197=CIRCLE('',#5803,10.);
#198=CIRCLE('',#5804,10.);
#199=CIRCLE('',#5806,2.5);
#200=CIRCLE('',#5807,2.5);
#201=CIRCLE('',#5808,2.5);
#202=CIRCLE('',#5809,1.0625);
#203=CIRCLE('',#5810,1.0625);
#204=CIRCLE('',#5811,2.5);
#205=CIRCLE('',#5812,1.0625);
#206=CIRCLE('',#5813,2.5);
#207=CIRCLE('',#5814,2.5);
#208=CIRCLE('',#5815,1.0625);
#209=CIRCLE('',#5817,2.5);
#210=CIRCLE('',#5818,2.5);
#211=CIRCLE('',#5819,2.5);
#212=CIRCLE('',#5820,2.5);
#213=CIRCLE('',#5821,2.5);
#214=CIRCLE('',#5822,2.5);
#215=FACE_OUTER_BOUND('',#494,.T.);
#216=FACE_OUTER_BOUND('',#495,.T.);
#217=FACE_OUTER_BOUND('',#496,.T.);
#218=FACE_OUTER_BOUND('',#497,.T.);
#219=FACE_OUTER_BOUND('',#498,.T.);
#220=FACE_OUTER_BOUND('',#499,.T.);
#221=FACE_OUTER_BOUND('',#500,.T.);
#222=FACE_OUTER_BOUND('',#501,.T.);
#223=FACE_OUTER_BOUND('',#502,.T.);
#224=FACE_OUTER_BOUND('',#503,.T.);
#225=FACE_OUTER_BOUND('',#504,.T.);
#226=FACE_OUTER_BOUND('',#505,.T.);
#227=FACE_OUTER_BOUND('',#506,.T.);
#228=FACE_OUTER_BOUND('',#507,.T.);
#229=FACE_OUTER_BOUND('',#508,.T.);
#230=FACE_OUTER_BOUND('',#509,.T.);
#231=FACE_OUTER_BOUND('',#510,.T.);
#232=FACE_OUTER_BOUND('',#511,.T.);
#233=FACE_OUTER_BOUND('',#512,.T.);
#234=FACE_OUTER_BOUND('',#513,.T.);
#235=FACE_OUTER_BOUND('',#514,.T.);
#236=FACE_OUTER_BOUND('',#515,.T.);
#237=FACE_OUTER_BOUND('',#516,.T.);
#238=FACE_OUTER_BOUND('',#517,.T.);
#239=FACE_OUTER_BOUND('',#518,.T.);
#240=FACE_OUTER_BOUND('',#519,.T.);
#241=FACE_OUTER_BOUND('',#520,.T.);
#242=FACE_OUTER_BOUND('',#521,.T.);
#243=FACE_OUTER_BOUND('',#522,.T.);
#244=FACE_OUTER_BOUND('',#523,.T.);
#245=FACE_OUTER_BOUND('',#524,.T.);
#246=FACE_OUTER_BOUND('',#525,.T.);
#247=FACE_OUTER_BOUND('',#526,.T.);
#248=FACE_OUTER_BOUND('',#527,.T.);
#249=FACE_OUTER_BOUND('',#528,.T.);
#250=FACE_OUTER_BOUND('',#529,.T.);
#251=FACE_OUTER_BOUND('',#530,.T.);
#252=FACE_OUTER_BOUND('',#531,.T.);
#253=FACE_OUTER_BOUND('',#532,.T.);
#254=FACE_OUTER_BOUND('',#533,.T.);
#255=FACE_OUTER_BOUND('',#534,.T.);
#256=FACE_OUTER_BOUND('',#535,.T.);
#257=FACE_OUTER_BOUND('',#536,.T.);
#258=FACE_OUTER_BOUND('',#537,.T.);
#259=FACE_OUTER_BOUND('',#538,.T.);
#260=FACE_OUTER_BOUND('',#539,.T.);
#261=FACE_OUTER_BOUND('',#540,.T.);
#262=FACE_OUTER_BOUND('',#541,.T.);
#263=FACE_OUTER_BOUND('',#542,.T.);
#264=FACE_OUTER_BOUND('',#543,.T.);
#265=FACE_OUTER_BOUND('',#544,.T.);
#266=FACE_OUTER_BOUND('',#545,.T.);
#267=FACE_OUTER_BOUND('',#546,.T.);
#268=FACE_OUTER_BOUND('',#547,.T.);
#269=FACE_OUTER_BOUND('',#548,.T.);
#270=FACE_OUTER_BOUND('',#549,.T.);
#271=FACE_OUTER_BOUND('',#550,.T.);
#272=FACE_OUTER_BOUND('',#551,.T.);
#273=FACE_OUTER_BOUND('',#552,.T.);
#274=FACE_OUTER_BOUND('',#553,.T.);
#275=FACE_OUTER_BOUND('',#554,.T.);
#276=FACE_OUTER_BOUND('',#555,.T.);
#277=FACE_OUTER_BOUND('',#556,.T.);
#278=FACE_OUTER_BOUND('',#557,.T.);
#279=FACE_OUTER_BOUND('',#558,.T.);
#280=FACE_OUTER_BOUND('',#559,.T.);
#281=FACE_OUTER_BOUND('',#560,.T.);
#282=FACE_OUTER_BOUND('',#561,.T.);
#283=FACE_OUTER_BOUND('',#562,.T.);
#284=FACE_OUTER_BOUND('',#563,.T.);
#285=FACE_OUTER_BOUND('',#564,.T.);
#286=FACE_OUTER_BOUND('',#565,.T.);
#287=FACE_OUTER_BOUND('',#566,.T.);
#288=FACE_OUTER_BOUND('',#567,.T.);
#289=FACE_OUTER_BOUND('',#568,.T.);
#290=FACE_OUTER_BOUND('',#569,.T.);
#291=FACE_OUTER_BOUND('',#570,.T.);
#292=FACE_OUTER_BOUND('',#571,.T.);
#293=FACE_OUTER_BOUND('',#572,.T.);
#294=FACE_OUTER_BOUND('',#574,.T.);
#295=FACE_OUTER_BOUND('',#576,.T.);
#296=FACE_OUTER_BOUND('',#578,.T.);
#297=FACE_OUTER_BOUND('',#579,.T.);
#298=FACE_OUTER_BOUND('',#580,.T.);
#299=FACE_OUTER_BOUND('',#581,.T.);
#300=FACE_OUTER_BOUND('',#582,.T.);
#301=FACE_OUTER_BOUND('',#583,.T.);
#302=FACE_OUTER_BOUND('',#584,.T.);
#303=FACE_OUTER_BOUND('',#585,.T.);
#304=FACE_OUTER_BOUND('',#586,.T.);
#305=FACE_OUTER_BOUND('',#587,.T.);
#306=FACE_OUTER_BOUND('',#588,.T.);
#307=FACE_OUTER_BOUND('',#589,.T.);
#308=FACE_OUTER_BOUND('',#590,.T.);
#309=FACE_OUTER_BOUND('',#591,.T.);
#310=FACE_OUTER_BOUND('',#592,.T.);
#311=FACE_OUTER_BOUND('',#593,.T.);
#312=FACE_OUTER_BOUND('',#594,.T.);
#313=FACE_OUTER_BOUND('',#595,.T.);
#314=FACE_OUTER_BOUND('',#596,.T.);
#315=FACE_OUTER_BOUND('',#602,.T.);
#316=FACE_OUTER_BOUND('',#605,.T.);
#317=FACE_OUTER_BOUND('',#606,.T.);
#318=FACE_OUTER_BOUND('',#607,.T.);
#319=FACE_OUTER_BOUND('',#608,.T.);
#320=FACE_OUTER_BOUND('',#609,.T.);
#321=FACE_OUTER_BOUND('',#610,.T.);
#322=FACE_OUTER_BOUND('',#611,.T.);
#323=FACE_OUTER_BOUND('',#613,.T.);
#324=FACE_OUTER_BOUND('',#614,.T.);
#325=FACE_OUTER_BOUND('',#615,.T.);
#326=FACE_OUTER_BOUND('',#616,.T.);
#327=FACE_OUTER_BOUND('',#617,.T.);
#328=FACE_OUTER_BOUND('',#618,.T.);
#329=FACE_OUTER_BOUND('',#619,.T.);
#330=FACE_OUTER_BOUND('',#620,.T.);
#331=FACE_OUTER_BOUND('',#621,.T.);
#332=FACE_OUTER_BOUND('',#622,.T.);
#333=FACE_OUTER_BOUND('',#623,.T.);
#334=FACE_OUTER_BOUND('',#624,.T.);
#335=FACE_OUTER_BOUND('',#625,.T.);
#336=FACE_OUTER_BOUND('',#626,.T.);
#337=FACE_OUTER_BOUND('',#627,.T.);
#338=FACE_OUTER_BOUND('',#628,.T.);
#339=FACE_OUTER_BOUND('',#629,.T.);
#340=FACE_OUTER_BOUND('',#630,.T.);
#341=FACE_OUTER_BOUND('',#631,.T.);
#342=FACE_OUTER_BOUND('',#632,.T.);
#343=FACE_OUTER_BOUND('',#633,.T.);
#344=FACE_OUTER_BOUND('',#634,.T.);
#345=FACE_OUTER_BOUND('',#635,.T.);
#346=FACE_OUTER_BOUND('',#636,.T.);
#347=FACE_OUTER_BOUND('',#637,.T.);
#348=FACE_OUTER_BOUND('',#638,.T.);
#349=FACE_OUTER_BOUND('',#640,.T.);
#350=FACE_OUTER_BOUND('',#641,.T.);
#351=FACE_OUTER_BOUND('',#642,.T.);
#352=FACE_OUTER_BOUND('',#643,.T.);
#353=FACE_OUTER_BOUND('',#644,.T.);
#354=FACE_OUTER_BOUND('',#645,.T.);
#355=FACE_OUTER_BOUND('',#646,.T.);
#356=FACE_OUTER_BOUND('',#647,.T.);
#357=FACE_OUTER_BOUND('',#648,.T.);
#358=FACE_OUTER_BOUND('',#649,.T.);
#359=FACE_OUTER_BOUND('',#650,.T.);
#360=FACE_OUTER_BOUND('',#652,.T.);
#361=FACE_OUTER_BOUND('',#653,.T.);
#362=FACE_OUTER_BOUND('',#654,.T.);
#363=FACE_OUTER_BOUND('',#656,.T.);
#364=FACE_OUTER_BOUND('',#657,.T.);
#365=FACE_OUTER_BOUND('',#658,.T.);
#366=FACE_OUTER_BOUND('',#659,.T.);
#367=FACE_OUTER_BOUND('',#660,.T.);
#368=FACE_OUTER_BOUND('',#661,.T.);
#369=FACE_OUTER_BOUND('',#662,.T.);
#370=FACE_OUTER_BOUND('',#663,.T.);
#371=FACE_OUTER_BOUND('',#664,.T.);
#372=FACE_OUTER_BOUND('',#665,.T.);
#373=FACE_OUTER_BOUND('',#666,.T.);
#374=FACE_OUTER_BOUND('',#667,.T.);
#375=FACE_OUTER_BOUND('',#668,.T.);
#376=FACE_OUTER_BOUND('',#669,.T.);
#377=FACE_OUTER_BOUND('',#670,.T.);
#378=FACE_OUTER_BOUND('',#675,.T.);
#379=FACE_OUTER_BOUND('',#676,.T.);
#380=FACE_OUTER_BOUND('',#677,.T.);
#381=FACE_OUTER_BOUND('',#678,.T.);
#382=FACE_OUTER_BOUND('',#679,.T.);
#383=FACE_OUTER_BOUND('',#680,.T.);
#384=FACE_OUTER_BOUND('',#681,.T.);
#385=FACE_OUTER_BOUND('',#683,.T.);
#386=FACE_OUTER_BOUND('',#684,.T.);
#387=FACE_OUTER_BOUND('',#685,.T.);
#388=FACE_OUTER_BOUND('',#686,.T.);
#389=FACE_OUTER_BOUND('',#687,.T.);
#390=FACE_OUTER_BOUND('',#688,.T.);
#391=FACE_OUTER_BOUND('',#689,.T.);
#392=FACE_OUTER_BOUND('',#690,.T.);
#393=FACE_OUTER_BOUND('',#691,.T.);
#394=FACE_OUTER_BOUND('',#692,.T.);
#395=FACE_OUTER_BOUND('',#693,.T.);
#396=FACE_OUTER_BOUND('',#694,.T.);
#397=FACE_OUTER_BOUND('',#695,.T.);
#398=FACE_OUTER_BOUND('',#696,.T.);
#399=FACE_OUTER_BOUND('',#700,.T.);
#400=FACE_OUTER_BOUND('',#701,.T.);
#401=FACE_OUTER_BOUND('',#702,.T.);
#402=FACE_OUTER_BOUND('',#703,.T.);
#403=FACE_OUTER_BOUND('',#704,.T.);
#404=FACE_OUTER_BOUND('',#705,.T.);
#405=FACE_OUTER_BOUND('',#706,.T.);
#406=FACE_OUTER_BOUND('',#707,.T.);
#407=FACE_OUTER_BOUND('',#708,.T.);
#408=FACE_OUTER_BOUND('',#709,.T.);
#409=FACE_OUTER_BOUND('',#710,.T.);
#410=FACE_OUTER_BOUND('',#711,.T.);
#411=FACE_OUTER_BOUND('',#712,.T.);
#412=FACE_OUTER_BOUND('',#713,.T.);
#413=FACE_OUTER_BOUND('',#714,.T.);
#414=FACE_OUTER_BOUND('',#715,.T.);
#415=FACE_OUTER_BOUND('',#716,.T.);
#416=FACE_OUTER_BOUND('',#717,.T.);
#417=FACE_OUTER_BOUND('',#718,.T.);
#418=FACE_OUTER_BOUND('',#719,.T.);
#419=FACE_OUTER_BOUND('',#720,.T.);
#420=FACE_OUTER_BOUND('',#721,.T.);
#421=FACE_OUTER_BOUND('',#722,.T.);
#422=FACE_OUTER_BOUND('',#723,.T.);
#423=FACE_OUTER_BOUND('',#724,.T.);
#424=FACE_OUTER_BOUND('',#725,.T.);
#425=FACE_OUTER_BOUND('',#726,.T.);
#426=FACE_OUTER_BOUND('',#727,.T.);
#427=FACE_OUTER_BOUND('',#728,.T.);
#428=FACE_OUTER_BOUND('',#729,.T.);
#429=FACE_OUTER_BOUND('',#730,.T.);
#430=FACE_OUTER_BOUND('',#731,.T.);
#431=FACE_OUTER_BOUND('',#732,.T.);
#432=FACE_OUTER_BOUND('',#733,.T.);
#433=FACE_OUTER_BOUND('',#734,.T.);
#434=FACE_OUTER_BOUND('',#735,.T.);
#435=FACE_OUTER_BOUND('',#736,.T.);
#436=FACE_OUTER_BOUND('',#737,.T.);
#437=FACE_OUTER_BOUND('',#738,.T.);
#438=FACE_OUTER_BOUND('',#739,.T.);
#439=FACE_OUTER_BOUND('',#740,.T.);
#440=FACE_OUTER_BOUND('',#742,.T.);
#441=FACE_OUTER_BOUND('',#743,.T.);
#442=FACE_OUTER_BOUND('',#744,.T.);
#443=FACE_OUTER_BOUND('',#745,.T.);
#444=FACE_OUTER_BOUND('',#747,.T.);
#445=FACE_OUTER_BOUND('',#748,.T.);
#446=FACE_OUTER_BOUND('',#749,.T.);
#447=FACE_OUTER_BOUND('',#750,.T.);
#448=FACE_OUTER_BOUND('',#752,.T.);
#449=FACE_OUTER_BOUND('',#753,.T.);
#450=FACE_OUTER_BOUND('',#755,.T.);
#451=FACE_OUTER_BOUND('',#756,.T.);
#452=FACE_OUTER_BOUND('',#758,.T.);
#453=FACE_OUTER_BOUND('',#759,.T.);
#454=FACE_OUTER_BOUND('',#761,.T.);
#455=FACE_OUTER_BOUND('',#762,.T.);
#456=FACE_OUTER_BOUND('',#763,.T.);
#457=FACE_OUTER_BOUND('',#764,.T.);
#458=FACE_OUTER_BOUND('',#765,.T.);
#459=FACE_OUTER_BOUND('',#781,.T.);
#460=FACE_OUTER_BOUND('',#797,.T.);
#461=FACE_OUTER_BOUND('',#798,.T.);
#462=FACE_OUTER_BOUND('',#799,.T.);
#463=FACE_OUTER_BOUND('',#800,.T.);
#464=FACE_OUTER_BOUND('',#801,.T.);
#465=FACE_OUTER_BOUND('',#802,.T.);
#466=FACE_OUTER_BOUND('',#803,.T.);
#467=FACE_OUTER_BOUND('',#804,.T.);
#468=FACE_OUTER_BOUND('',#805,.T.);
#469=FACE_OUTER_BOUND('',#806,.T.);
#470=FACE_OUTER_BOUND('',#807,.T.);
#471=FACE_OUTER_BOUND('',#808,.T.);
#472=FACE_OUTER_BOUND('',#809,.T.);
#473=FACE_OUTER_BOUND('',#810,.T.);
#474=FACE_OUTER_BOUND('',#811,.T.);
#475=FACE_OUTER_BOUND('',#812,.T.);
#476=FACE_OUTER_BOUND('',#813,.T.);
#477=FACE_OUTER_BOUND('',#814,.T.);
#478=FACE_OUTER_BOUND('',#815,.T.);
#479=FACE_OUTER_BOUND('',#816,.T.);
#480=FACE_OUTER_BOUND('',#817,.T.);
#481=FACE_OUTER_BOUND('',#818,.T.);
#482=FACE_OUTER_BOUND('',#819,.T.);
#483=FACE_OUTER_BOUND('',#820,.T.);
#484=FACE_OUTER_BOUND('',#821,.T.);
#485=FACE_OUTER_BOUND('',#822,.T.);
#486=FACE_OUTER_BOUND('',#823,.T.);
#487=FACE_OUTER_BOUND('',#824,.T.);
#488=FACE_OUTER_BOUND('',#825,.T.);
#489=FACE_OUTER_BOUND('',#826,.T.);
#490=FACE_OUTER_BOUND('',#827,.T.);
#491=FACE_OUTER_BOUND('',#828,.T.);
#492=FACE_OUTER_BOUND('',#829,.T.);
#493=FACE_OUTER_BOUND('',#830,.T.);
#494=EDGE_LOOP('',(#3436,#3437,#3438,#3439));
#495=EDGE_LOOP('',(#3440,#3441,#3442,#3443));
#496=EDGE_LOOP('',(#3444,#3445,#3446,#3447));
#497=EDGE_LOOP('',(#3448,#3449,#3450,#3451));
#498=EDGE_LOOP('',(#3452,#3453,#3454,#3455));
#499=EDGE_LOOP('',(#3456,#3457,#3458,#3459));
#500=EDGE_LOOP('',(#3460,#3461,#3462,#3463));
#501=EDGE_LOOP('',(#3464,#3465,#3466,#3467));
#502=EDGE_LOOP('',(#3468,#3469,#3470,#3471));
#503=EDGE_LOOP('',(#3472,#3473,#3474,#3475));
#504=EDGE_LOOP('',(#3476,#3477,#3478,#3479));
#505=EDGE_LOOP('',(#3480,#3481,#3482,#3483));
#506=EDGE_LOOP('',(#3484,#3485,#3486,#3487));
#507=EDGE_LOOP('',(#3488,#3489,#3490,#3491));
#508=EDGE_LOOP('',(#3492,#3493,#3494,#3495));
#509=EDGE_LOOP('',(#3496,#3497,#3498,#3499));
#510=EDGE_LOOP('',(#3500,#3501,#3502,#3503));
#511=EDGE_LOOP('',(#3504,#3505,#3506,#3507));
#512=EDGE_LOOP('',(#3508,#3509,#3510,#3511));
#513=EDGE_LOOP('',(#3512,#3513,#3514,#3515));
#514=EDGE_LOOP('',(#3516,#3517,#3518,#3519));
#515=EDGE_LOOP('',(#3520,#3521,#3522,#3523));
#516=EDGE_LOOP('',(#3524,#3525,#3526,#3527));
#517=EDGE_LOOP('',(#3528,#3529,#3530,#3531,#3532,#3533,#3534,#3535));
#518=EDGE_LOOP('',(#3536,#3537,#3538,#3539));
#519=EDGE_LOOP('',(#3540,#3541,#3542,#3543));
#520=EDGE_LOOP('',(#3544,#3545,#3546,#3547));
#521=EDGE_LOOP('',(#3548,#3549,#3550,#3551));
#522=EDGE_LOOP('',(#3552,#3553,#3554,#3555));
#523=EDGE_LOOP('',(#3556,#3557,#3558,#3559));
#524=EDGE_LOOP('',(#3560,#3561,#3562,#3563));
#525=EDGE_LOOP('',(#3564,#3565,#3566,#3567));
#526=EDGE_LOOP('',(#3568,#3569,#3570,#3571));
#527=EDGE_LOOP('',(#3572,#3573,#3574,#3575));
#528=EDGE_LOOP('',(#3576,#3577,#3578,#3579));
#529=EDGE_LOOP('',(#3580,#3581,#3582,#3583));
#530=EDGE_LOOP('',(#3584,#3585,#3586,#3587));
#531=EDGE_LOOP('',(#3588,#3589,#3590,#3591));
#532=EDGE_LOOP('',(#3592,#3593,#3594,#3595));
#533=EDGE_LOOP('',(#3596,#3597,#3598,#3599));
#534=EDGE_LOOP('',(#3600,#3601,#3602,#3603));
#535=EDGE_LOOP('',(#3604,#3605,#3606,#3607,#3608,#3609,#3610,#3611,#3612,
#3613,#3614,#3615));
#536=EDGE_LOOP('',(#3616,#3617,#3618,#3619));
#537=EDGE_LOOP('',(#3620,#3621,#3622,#3623));
#538=EDGE_LOOP('',(#3624,#3625,#3626,#3627));
#539=EDGE_LOOP('',(#3628,#3629,#3630,#3631));
#540=EDGE_LOOP('',(#3632,#3633,#3634,#3635));
#541=EDGE_LOOP('',(#3636,#3637,#3638,#3639));
#542=EDGE_LOOP('',(#3640,#3641,#3642,#3643));
#543=EDGE_LOOP('',(#3644,#3645,#3646,#3647));
#544=EDGE_LOOP('',(#3648,#3649,#3650,#3651));
#545=EDGE_LOOP('',(#3652,#3653,#3654,#3655));
#546=EDGE_LOOP('',(#3656,#3657,#3658,#3659));
#547=EDGE_LOOP('',(#3660,#3661,#3662,#3663));
#548=EDGE_LOOP('',(#3664,#3665,#3666,#3667,#3668,#3669,#3670,#3671,#3672,
#3673,#3674,#3675));
#549=EDGE_LOOP('',(#3676,#3677,#3678,#3679));
#550=EDGE_LOOP('',(#3680,#3681,#3682,#3683));
#551=EDGE_LOOP('',(#3684,#3685,#3686,#3687));
#552=EDGE_LOOP('',(#3688,#3689,#3690,#3691));
#553=EDGE_LOOP('',(#3692,#3693,#3694,#3695));
#554=EDGE_LOOP('',(#3696,#3697,#3698,#3699));
#555=EDGE_LOOP('',(#3700,#3701,#3702,#3703));
#556=EDGE_LOOP('',(#3704,#3705,#3706,#3707));
#557=EDGE_LOOP('',(#3708,#3709,#3710,#3711,#3712,#3713,#3714,#3715));
#558=EDGE_LOOP('',(#3716,#3717,#3718,#3719));
#559=EDGE_LOOP('',(#3720,#3721,#3722,#3723));
#560=EDGE_LOOP('',(#3724,#3725,#3726,#3727));
#561=EDGE_LOOP('',(#3728,#3729,#3730,#3731));
#562=EDGE_LOOP('',(#3732,#3733,#3734,#3735));
#563=EDGE_LOOP('',(#3736,#3737,#3738,#3739));
#564=EDGE_LOOP('',(#3740,#3741,#3742,#3743));
#565=EDGE_LOOP('',(#3744,#3745,#3746,#3747));
#566=EDGE_LOOP('',(#3748,#3749,#3750,#3751,#3752,#3753,#3754,#3755));
#567=EDGE_LOOP('',(#3756,#3757,#3758,#3759));
#568=EDGE_LOOP('',(#3760,#3761,#3762,#3763));
#569=EDGE_LOOP('',(#3764,#3765,#3766,#3767));
#570=EDGE_LOOP('',(#3768,#3769,#3770,#3771));
#571=EDGE_LOOP('',(#3772,#3773,#3774,#3775));
#572=EDGE_LOOP('',(#3776,#3777,#3778,#3779,#3780));
#573=EDGE_LOOP('',(#3781));
#574=EDGE_LOOP('',(#3782,#3783,#3784,#3785,#3786));
#575=EDGE_LOOP('',(#3787));
#576=EDGE_LOOP('',(#3788,#3789,#3790,#3791,#3792));
#577=EDGE_LOOP('',(#3793));
#578=EDGE_LOOP('',(#3794,#3795,#3796,#3797));
#579=EDGE_LOOP('',(#3798,#3799,#3800,#3801));
#580=EDGE_LOOP('',(#3802,#3803,#3804,#3805));
#581=EDGE_LOOP('',(#3806,#3807,#3808,#3809));
#582=EDGE_LOOP('',(#3810,#3811,#3812,#3813));
#583=EDGE_LOOP('',(#3814));
#584=EDGE_LOOP('',(#3815,#3816,#3817,#3818));
#585=EDGE_LOOP('',(#3819));
#586=EDGE_LOOP('',(#3820,#3821,#3822,#3823));
#587=EDGE_LOOP('',(#3824));
#588=EDGE_LOOP('',(#3825,#3826,#3827,#3828));
#589=EDGE_LOOP('',(#3829));
#590=EDGE_LOOP('',(#3830,#3831,#3832,#3833));
#591=EDGE_LOOP('',(#3834,#3835,#3836,#3837,#3838,#3839,#3840,#3841));
#592=EDGE_LOOP('',(#3842,#3843,#3844,#3845,#3846,#3847,#3848,#3849));
#593=EDGE_LOOP('',(#3850,#3851,#3852,#3853));
#594=EDGE_LOOP('',(#3854,#3855,#3856,#3857));
#595=EDGE_LOOP('',(#3858,#3859,#3860,#3861));
#596=EDGE_LOOP('',(#3862,#3863,#3864,#3865));
#597=EDGE_LOOP('',(#3866));
#598=EDGE_LOOP('',(#3867,#3868,#3869,#3870,#3871,#3872,#3873,#3874,#3875,
#3876,#3877,#3878,#3879,#3880,#3881,#3882,#3883,#3884,#3885,#3886));
#599=EDGE_LOOP('',(#3887,#3888,#3889,#3890,#3891,#3892,#3893,#3894,#3895,
#3896,#3897,#3898));
#600=EDGE_LOOP('',(#3899,#3900,#3901,#3902,#3903,#3904,#3905,#3906,#3907,
#3908,#3909,#3910));
#601=EDGE_LOOP('',(#3911,#3912,#3913,#3914,#3915,#3916,#3917,#3918,#3919,
#3920,#3921,#3922,#3923,#3924,#3925,#3926,#3927,#3928,#3929,#3930,#3931,
#3932,#3933,#3934));
#602=EDGE_LOOP('',(#3935,#3936,#3937,#3938,#3939,#3940));
#603=EDGE_LOOP('',(#3941,#3942,#3943,#3944));
#604=EDGE_LOOP('',(#3945));
#605=EDGE_LOOP('',(#3946,#3947,#3948,#3949,#3950,#3951,#3952,#3953,#3954,
#3955));
#606=EDGE_LOOP('',(#3956,#3957,#3958,#3959));
#607=EDGE_LOOP('',(#3960,#3961,#3962,#3963));
#608=EDGE_LOOP('',(#3964,#3965,#3966,#3967));
#609=EDGE_LOOP('',(#3968,#3969,#3970,#3971));
#610=EDGE_LOOP('',(#3972,#3973,#3974,#3975));
#611=EDGE_LOOP('',(#3976,#3977,#3978,#3979,#3980,#3981,#3982,#3983,#3984,
#3985,#3986,#3987,#3988,#3989,#3990,#3991,#3992,#3993,#3994,#3995,#3996,
#3997,#3998));
#612=EDGE_LOOP('',(#3999,#4000,#4001,#4002));
#613=EDGE_LOOP('',(#4003));
#614=EDGE_LOOP('',(#4004,#4005,#4006,#4007));
#615=EDGE_LOOP('',(#4008,#4009,#4010,#4011));
#616=EDGE_LOOP('',(#4012,#4013,#4014,#4015));
#617=EDGE_LOOP('',(#4016,#4017,#4018,#4019));
#618=EDGE_LOOP('',(#4020,#4021,#4022,#4023));
#619=EDGE_LOOP('',(#4024,#4025,#4026,#4027,#4028,#4029,#4030,#4031));
#620=EDGE_LOOP('',(#4032,#4033,#4034,#4035,#4036,#4037));
#621=EDGE_LOOP('',(#4038,#4039,#4040,#4041,#4042,#4043,#4044,#4045));
#622=EDGE_LOOP('',(#4046,#4047,#4048,#4049,#4050,#4051));
#623=EDGE_LOOP('',(#4052,#4053,#4054,#4055,#4056,#4057,#4058,#4059,#4060,
#4061,#4062,#4063,#4064,#4065));
#624=EDGE_LOOP('',(#4066,#4067,#4068,#4069));
#625=EDGE_LOOP('',(#4070,#4071,#4072,#4073));
#626=EDGE_LOOP('',(#4074,#4075,#4076,#4077));
#627=EDGE_LOOP('',(#4078,#4079,#4080,#4081));
#628=EDGE_LOOP('',(#4082,#4083,#4084,#4085));
#629=EDGE_LOOP('',(#4086,#4087,#4088,#4089));
#630=EDGE_LOOP('',(#4090,#4091,#4092,#4093,#4094));
#631=EDGE_LOOP('',(#4095,#4096,#4097,#4098));
#632=EDGE_LOOP('',(#4099,#4100,#4101,#4102));
#633=EDGE_LOOP('',(#4103,#4104,#4105,#4106));
#634=EDGE_LOOP('',(#4107,#4108,#4109,#4110));
#635=EDGE_LOOP('',(#4111,#4112,#4113,#4114));
#636=EDGE_LOOP('',(#4115,#4116,#4117,#4118));
#637=EDGE_LOOP('',(#4119,#4120,#4121,#4122));
#638=EDGE_LOOP('',(#4123,#4124,#4125,#4126,#4127));
#639=EDGE_LOOP('',(#4128));
#640=EDGE_LOOP('',(#4129,#4130,#4131,#4132));
#641=EDGE_LOOP('',(#4133,#4134,#4135,#4136,#4137,#4138,#4139,#4140,#4141,
#4142));
#642=EDGE_LOOP('',(#4143,#4144,#4145,#4146));
#643=EDGE_LOOP('',(#4147,#4148,#4149,#4150));
#644=EDGE_LOOP('',(#4151,#4152,#4153,#4154));
#645=EDGE_LOOP('',(#4155,#4156,#4157,#4158));
#646=EDGE_LOOP('',(#4159,#4160,#4161,#4162));
#647=EDGE_LOOP('',(#4163,#4164,#4165,#4166));
#648=EDGE_LOOP('',(#4167,#4168,#4169,#4170));
#649=EDGE_LOOP('',(#4171,#4172,#4173,#4174));
#650=EDGE_LOOP('',(#4175,#4176,#4177,#4178));
#651=EDGE_LOOP('',(#4179,#4180,#4181,#4182));
#652=EDGE_LOOP('',(#4183,#4184,#4185,#4186,#4187,#4188,#4189,#4190,#4191,
#4192,#4193,#4194,#4195,#4196));
#653=EDGE_LOOP('',(#4197,#4198,#4199,#4200,#4201,#4202,#4203,#4204,#4205,
#4206,#4207,#4208,#4209,#4210));
#654=EDGE_LOOP('',(#4211,#4212,#4213,#4214,#4215,#4216,#4217,#4218,#4219,
#4220,#4221,#4222,#4223,#4224));
#655=EDGE_LOOP('',(#4225));
#656=EDGE_LOOP('',(#4226,#4227,#4228,#4229,#4230,#4231,#4232,#4233));
#657=EDGE_LOOP('',(#4234,#4235,#4236,#4237));
#658=EDGE_LOOP('',(#4238,#4239,#4240,#4241));
#659=EDGE_LOOP('',(#4242,#4243,#4244,#4245));
#660=EDGE_LOOP('',(#4246,#4247,#4248,#4249));
#661=EDGE_LOOP('',(#4250,#4251,#4252,#4253));
#662=EDGE_LOOP('',(#4254,#4255,#4256,#4257));
#663=EDGE_LOOP('',(#4258,#4259,#4260,#4261,#4262,#4263,#4264,#4265,#4266,
#4267,#4268,#4269));
#664=EDGE_LOOP('',(#4270,#4271,#4272,#4273));
#665=EDGE_LOOP('',(#4274,#4275,#4276,#4277));
#666=EDGE_LOOP('',(#4278,#4279,#4280,#4281));
#667=EDGE_LOOP('',(#4282,#4283,#4284,#4285));
#668=EDGE_LOOP('',(#4286,#4287,#4288,#4289));
#669=EDGE_LOOP('',(#4290,#4291,#4292,#4293));
#670=EDGE_LOOP('',(#4294,#4295,#4296,#4297));
#671=EDGE_LOOP('',(#4298,#4299,#4300,#4301));
#672=EDGE_LOOP('',(#4302,#4303,#4304,#4305));
#673=EDGE_LOOP('',(#4306,#4307,#4308,#4309));
#674=EDGE_LOOP('',(#4310,#4311,#4312,#4313));
#675=EDGE_LOOP('',(#4314,#4315,#4316,#4317));
#676=EDGE_LOOP('',(#4318,#4319,#4320,#4321,#4322,#4323,#4324,#4325,#4326,
#4327,#4328,#4329));
#677=EDGE_LOOP('',(#4330,#4331,#4332,#4333));
#678=EDGE_LOOP('',(#4334,#4335,#4336,#4337));
#679=EDGE_LOOP('',(#4338,#4339,#4340,#4341));
#680=EDGE_LOOP('',(#4342,#4343,#4344,#4345,#4346,#4347,#4348,#4349));
#681=EDGE_LOOP('',(#4350,#4351,#4352,#4353,#4354,#4355,#4356,#4357));
#682=EDGE_LOOP('',(#4358,#4359,#4360,#4361));
#683=EDGE_LOOP('',(#4362,#4363,#4364,#4365));
#684=EDGE_LOOP('',(#4366,#4367,#4368,#4369,#4370,#4371,#4372,#4373,#4374,
#4375,#4376,#4377,#4378,#4379,#4380,#4381,#4382,#4383,#4384,#4385));
#685=EDGE_LOOP('',(#4386,#4387,#4388,#4389));
#686=EDGE_LOOP('',(#4390,#4391,#4392,#4393,#4394,#4395,#4396,#4397,#4398,
#4399,#4400,#4401,#4402,#4403,#4404,#4405,#4406,#4407,#4408,#4409));
#687=EDGE_LOOP('',(#4410,#4411,#4412,#4413));
#688=EDGE_LOOP('',(#4414,#4415,#4416,#4417));
#689=EDGE_LOOP('',(#4418,#4419,#4420,#4421));
#690=EDGE_LOOP('',(#4422,#4423,#4424,#4425));
#691=EDGE_LOOP('',(#4426,#4427,#4428,#4429,#4430,#4431));
#692=EDGE_LOOP('',(#4432,#4433,#4434,#4435,#4436,#4437));
#693=EDGE_LOOP('',(#4438,#4439,#4440,#4441));
#694=EDGE_LOOP('',(#4442,#4443,#4444,#4445));
#695=EDGE_LOOP('',(#4446,#4447,#4448,#4449));
#696=EDGE_LOOP('',(#4450,#4451,#4452,#4453,#4454,#4455));
#697=EDGE_LOOP('',(#4456));
#698=EDGE_LOOP('',(#4457,#4458,#4459,#4460,#4461,#4462,#4463,#4464,#4465,
#4466,#4467,#4468,#4469,#4470,#4471,#4472,#4473,#4474,#4475,#4476,#4477,
#4478,#4479,#4480,#4481,#4482,#4483,#4484,#4485,#4486,#4487,#4488));
#699=EDGE_LOOP('',(#4489,#4490,#4491,#4492));
#700=EDGE_LOOP('',(#4493,#4494,#4495,#4496));
#701=EDGE_LOOP('',(#4497,#4498,#4499,#4500));
#702=EDGE_LOOP('',(#4501,#4502,#4503,#4504));
#703=EDGE_LOOP('',(#4505,#4506,#4507,#4508));
#704=EDGE_LOOP('',(#4509,#4510,#4511,#4512));
#705=EDGE_LOOP('',(#4513,#4514,#4515,#4516));
#706=EDGE_LOOP('',(#4517,#4518,#4519,#4520));
#707=EDGE_LOOP('',(#4521,#4522,#4523,#4524));
#708=EDGE_LOOP('',(#4525,#4526,#4527,#4528));
#709=EDGE_LOOP('',(#4529,#4530,#4531,#4532));
#710=EDGE_LOOP('',(#4533,#4534,#4535,#4536));
#711=EDGE_LOOP('',(#4537,#4538,#4539,#4540));
#712=EDGE_LOOP('',(#4541,#4542,#4543,#4544));
#713=EDGE_LOOP('',(#4545,#4546,#4547,#4548));
#714=EDGE_LOOP('',(#4549,#4550,#4551,#4552));
#715=EDGE_LOOP('',(#4553,#4554,#4555,#4556));
#716=EDGE_LOOP('',(#4557,#4558,#4559,#4560));
#717=EDGE_LOOP('',(#4561,#4562,#4563,#4564));
#718=EDGE_LOOP('',(#4565,#4566,#4567,#4568));
#719=EDGE_LOOP('',(#4569,#4570,#4571,#4572));
#720=EDGE_LOOP('',(#4573,#4574,#4575,#4576));
#721=EDGE_LOOP('',(#4577,#4578,#4579,#4580));
#722=EDGE_LOOP('',(#4581,#4582,#4583,#4584));
#723=EDGE_LOOP('',(#4585,#4586,#4587,#4588));
#724=EDGE_LOOP('',(#4589,#4590,#4591,#4592));
#725=EDGE_LOOP('',(#4593,#4594,#4595,#4596));
#726=EDGE_LOOP('',(#4597,#4598,#4599,#4600));
#727=EDGE_LOOP('',(#4601,#4602,#4603,#4604));
#728=EDGE_LOOP('',(#4605,#4606,#4607,#4608));
#729=EDGE_LOOP('',(#4609,#4610,#4611,#4612));
#730=EDGE_LOOP('',(#4613,#4614,#4615,#4616));
#731=EDGE_LOOP('',(#4617,#4618,#4619,#4620));
#732=EDGE_LOOP('',(#4621,#4622,#4623,#4624));
#733=EDGE_LOOP('',(#4625,#4626,#4627,#4628));
#734=EDGE_LOOP('',(#4629,#4630,#4631,#4632));
#735=EDGE_LOOP('',(#4633,#4634,#4635,#4636));
#736=EDGE_LOOP('',(#4637,#4638,#4639,#4640));
#737=EDGE_LOOP('',(#4641,#4642,#4643,#4644,#4645,#4646,#4647,#4648,#4649,
#4650,#4651,#4652,#4653,#4654,#4655,#4656,#4657,#4658,#4659,#4660,#4661,
#4662,#4663,#4664,#4665,#4666,#4667,#4668,#4669,#4670,#4671,#4672));
#738=EDGE_LOOP('',(#4673,#4674,#4675,#4676));
#739=EDGE_LOOP('',(#4677,#4678,#4679,#4680));
#740=EDGE_LOOP('',(#4681));
#741=EDGE_LOOP('',(#4682));
#742=EDGE_LOOP('',(#4683,#4684,#4685,#4686));
#743=EDGE_LOOP('',(#4687,#4688,#4689,#4690));
#744=EDGE_LOOP('',(#4691,#4692,#4693,#4694,#4695,#4696,#4697,#4698));
#745=EDGE_LOOP('',(#4699,#4700,#4701,#4702,#4703,#4704));
#746=EDGE_LOOP('',(#4705));
#747=EDGE_LOOP('',(#4706,#4707,#4708,#4709));
#748=EDGE_LOOP('',(#4710,#4711,#4712,#4713));
#749=EDGE_LOOP('',(#4714,#4715,#4716,#4717));
#750=EDGE_LOOP('',(#4718));
#751=EDGE_LOOP('',(#4719));
#752=EDGE_LOOP('',(#4720,#4721,#4722,#4723));
#753=EDGE_LOOP('',(#4724));
#754=EDGE_LOOP('',(#4725));
#755=EDGE_LOOP('',(#4726,#4727,#4728,#4729));
#756=EDGE_LOOP('',(#4730));
#757=EDGE_LOOP('',(#4731));
#758=EDGE_LOOP('',(#4732,#4733,#4734,#4735));
#759=EDGE_LOOP('',(#4736));
#760=EDGE_LOOP('',(#4737));
#761=EDGE_LOOP('',(#4738,#4739,#4740,#4741));
#762=EDGE_LOOP('',(#4742,#4743,#4744,#4745));
#763=EDGE_LOOP('',(#4746,#4747,#4748,#4749));
#764=EDGE_LOOP('',(#4750,#4751,#4752,#4753));
#765=EDGE_LOOP('',(#4754,#4755,#4756,#4757,#4758,#4759,#4760,#4761));
#766=EDGE_LOOP('',(#4762));
#767=EDGE_LOOP('',(#4763,#4764,#4765,#4766));
#768=EDGE_LOOP('',(#4767));
#769=EDGE_LOOP('',(#4768));
#770=EDGE_LOOP('',(#4769));
#771=EDGE_LOOP('',(#4770));
#772=EDGE_LOOP('',(#4771,#4772,#4773,#4774));
#773=EDGE_LOOP('',(#4775));
#774=EDGE_LOOP('',(#4776,#4777,#4778,#4779));
#775=EDGE_LOOP('',(#4780,#4781,#4782,#4783));
#776=EDGE_LOOP('',(#4784));
#777=EDGE_LOOP('',(#4785));
#778=EDGE_LOOP('',(#4786,#4787,#4788,#4789));
#779=EDGE_LOOP('',(#4790));
#780=EDGE_LOOP('',(#4791));
#781=EDGE_LOOP('',(#4792,#4793,#4794,#4795,#4796,#4797,#4798,#4799));
#782=EDGE_LOOP('',(#4800));
#783=EDGE_LOOP('',(#4801));
#784=EDGE_LOOP('',(#4802));
#785=EDGE_LOOP('',(#4803,#4804,#4805,#4806));
#786=EDGE_LOOP('',(#4807));
#787=EDGE_LOOP('',(#4808));
#788=EDGE_LOOP('',(#4809,#4810,#4811,#4812));
#789=EDGE_LOOP('',(#4813));
#790=EDGE_LOOP('',(#4814,#4815,#4816,#4817));
#791=EDGE_LOOP('',(#4818,#4819,#4820,#4821));
#792=EDGE_LOOP('',(#4822));
#793=EDGE_LOOP('',(#4823,#4824,#4825,#4826));
#794=EDGE_LOOP('',(#4827));
#795=EDGE_LOOP('',(#4828));
#796=EDGE_LOOP('',(#4829));
#797=EDGE_LOOP('',(#4830,#4831,#4832,#4833));
#798=EDGE_LOOP('',(#4834,#4835,#4836,#4837));
#799=EDGE_LOOP('',(#4838,#4839,#4840,#4841));
#800=EDGE_LOOP('',(#4842,#4843,#4844,#4845));
#801=EDGE_LOOP('',(#4846,#4847,#4848,#4849));
#802=EDGE_LOOP('',(#4850,#4851,#4852,#4853));
#803=EDGE_LOOP('',(#4854,#4855,#4856,#4857));
#804=EDGE_LOOP('',(#4858,#4859,#4860,#4861));
#805=EDGE_LOOP('',(#4862,#4863,#4864,#4865));
#806=EDGE_LOOP('',(#4866,#4867,#4868,#4869));
#807=EDGE_LOOP('',(#4870,#4871,#4872,#4873));
#808=EDGE_LOOP('',(#4874,#4875,#4876,#4877));
#809=EDGE_LOOP('',(#4878,#4879,#4880,#4881));
#810=EDGE_LOOP('',(#4882,#4883,#4884,#4885));
#811=EDGE_LOOP('',(#4886,#4887,#4888,#4889));
#812=EDGE_LOOP('',(#4890,#4891,#4892,#4893));
#813=EDGE_LOOP('',(#4894,#4895,#4896,#4897));
#814=EDGE_LOOP('',(#4898,#4899,#4900,#4901));
#815=EDGE_LOOP('',(#4902,#4903,#4904,#4905));
#816=EDGE_LOOP('',(#4906,#4907,#4908,#4909));
#817=EDGE_LOOP('',(#4910,#4911,#4912,#4913));
#818=EDGE_LOOP('',(#4914,#4915,#4916,#4917));
#819=EDGE_LOOP('',(#4918,#4919,#4920,#4921));
#820=EDGE_LOOP('',(#4922,#4923,#4924,#4925));
#821=EDGE_LOOP('',(#4926,#4927,#4928,#4929));
#822=EDGE_LOOP('',(#4930,#4931,#4932,#4933));
#823=EDGE_LOOP('',(#4934,#4935,#4936,#4937));
#824=EDGE_LOOP('',(#4938,#4939,#4940,#4941));
#825=EDGE_LOOP('',(#4942,#4943,#4944,#4945));
#826=EDGE_LOOP('',(#4946,#4947,#4948,#4949));
#827=EDGE_LOOP('',(#4950,#4951,#4952,#4953));
#828=EDGE_LOOP('',(#4954,#4955,#4956,#4957));
#829=EDGE_LOOP('',(#4958,#4959,#4960,#4961));
#830=EDGE_LOOP('',(#4962,#4963,#4964,#4965));
#831=LINE('',#7280,#1502);
#832=LINE('',#7282,#1503);
#833=LINE('',#7284,#1504);
#834=LINE('',#7285,#1505);
#835=LINE('',#7288,#1506);
#836=LINE('',#7290,#1507);
#837=LINE('',#7291,#1508);
#838=LINE('',#7294,#1509);
#839=LINE('',#7296,#1510);
#840=LINE('',#7297,#1511);
#841=LINE('',#7299,#1512);
#842=LINE('',#7300,#1513);
#843=LINE('',#7301,#1514);
#844=LINE('',#7306,#1515);
#845=LINE('',#7308,#1516);
#846=LINE('',#7310,#1517);
#847=LINE('',#7311,#1518);
#848=LINE('',#7314,#1519);
#849=LINE('',#7316,#1520);
#850=LINE('',#7317,#1521);
#851=LINE('',#7320,#1522);
#852=LINE('',#7322,#1523);
#853=LINE('',#7323,#1524);
#854=LINE('',#7325,#1525);
#855=LINE('',#7326,#1526);
#856=LINE('',#7327,#1527);
#857=LINE('',#7331,#1528);
#858=LINE('',#7333,#1529);
#859=LINE('',#7334,#1530);
#860=LINE('',#7337,#1531);
#861=LINE('',#7339,#1532);
#862=LINE('',#7340,#1533);
#863=LINE('',#7343,#1534);
#864=LINE('',#7345,#1535);
#865=LINE('',#7346,#1536);
#866=LINE('',#7348,#1537);
#867=LINE('',#7349,#1538);
#868=LINE('',#7350,#1539);
#869=LINE('',#7355,#1540);
#870=LINE('',#7357,#1541);
#871=LINE('',#7359,#1542);
#872=LINE('',#7360,#1543);
#873=LINE('',#7363,#1544);
#874=LINE('',#7365,#1545);
#875=LINE('',#7366,#1546);
#876=LINE('',#7369,#1547);
#877=LINE('',#7371,#1548);
#878=LINE('',#7372,#1549);
#879=LINE('',#7375,#1550);
#880=LINE('',#7377,#1551);
#881=LINE('',#7378,#1552);
#882=LINE('',#7381,#1553);
#883=LINE('',#7383,#1554);
#884=LINE('',#7384,#1555);
#885=LINE('',#7386,#1556);
#886=LINE('',#7387,#1557);
#887=LINE('',#7390,#1558);
#888=LINE('',#7392,#1559);
#889=LINE('',#7393,#1560);
#890=LINE('',#7395,#1561);
#891=LINE('',#7396,#1562);
#892=LINE('',#7397,#1563);
#893=LINE('',#7401,#1564);
#894=LINE('',#7403,#1565);
#895=LINE('',#7404,#1566);
#896=LINE('',#7407,#1567);
#897=LINE('',#7409,#1568);
#898=LINE('',#7410,#1569);
#899=LINE('',#7412,#1570);
#900=LINE('',#7413,#1571);
#901=LINE('',#7415,#1572);
#902=LINE('',#7416,#1573);
#903=LINE('',#7421,#1574);
#904=LINE('',#7423,#1575);
#905=LINE('',#7425,#1576);
#906=LINE('',#7426,#1577);
#907=LINE('',#7429,#1578);
#908=LINE('',#7431,#1579);
#909=LINE('',#7432,#1580);
#910=LINE('',#7435,#1581);
#911=LINE('',#7437,#1582);
#912=LINE('',#7438,#1583);
#913=LINE('',#7441,#1584);
#914=LINE('',#7443,#1585);
#915=LINE('',#7444,#1586);
#916=LINE('',#7447,#1587);
#917=LINE('',#7449,#1588);
#918=LINE('',#7450,#1589);
#919=LINE('',#7453,#1590);
#920=LINE('',#7455,#1591);
#921=LINE('',#7456,#1592);
#922=LINE('',#7459,#1593);
#923=LINE('',#7461,#1594);
#924=LINE('',#7462,#1595);
#925=LINE('',#7465,#1596);
#926=LINE('',#7467,#1597);
#927=LINE('',#7468,#1598);
#928=LINE('',#7471,#1599);
#929=LINE('',#7473,#1600);
#930=LINE('',#7474,#1601);
#931=LINE('',#7477,#1602);
#932=LINE('',#7479,#1603);
#933=LINE('',#7480,#1604);
#934=LINE('',#7483,#1605);
#935=LINE('',#7485,#1606);
#936=LINE('',#7486,#1607);
#937=LINE('',#7488,#1608);
#938=LINE('',#7489,#1609);
#939=LINE('',#7494,#1610);
#940=LINE('',#7496,#1611);
#941=LINE('',#7498,#1612);
#942=LINE('',#7499,#1613);
#943=LINE('',#7502,#1614);
#944=LINE('',#7504,#1615);
#945=LINE('',#7505,#1616);
#946=LINE('',#7508,#1617);
#947=LINE('',#7510,#1618);
#948=LINE('',#7511,#1619);
#949=LINE('',#7514,#1620);
#950=LINE('',#7516,#1621);
#951=LINE('',#7517,#1622);
#952=LINE('',#7520,#1623);
#953=LINE('',#7522,#1624);
#954=LINE('',#7523,#1625);
#955=LINE('',#7526,#1626);
#956=LINE('',#7528,#1627);
#957=LINE('',#7529,#1628);
#958=LINE('',#7532,#1629);
#959=LINE('',#7534,#1630);
#960=LINE('',#7535,#1631);
#961=LINE('',#7538,#1632);
#962=LINE('',#7540,#1633);
#963=LINE('',#7541,#1634);
#964=LINE('',#7544,#1635);
#965=LINE('',#7546,#1636);
#966=LINE('',#7547,#1637);
#967=LINE('',#7550,#1638);
#968=LINE('',#7552,#1639);
#969=LINE('',#7553,#1640);
#970=LINE('',#7556,#1641);
#971=LINE('',#7558,#1642);
#972=LINE('',#7559,#1643);
#973=LINE('',#7561,#1644);
#974=LINE('',#7562,#1645);
#975=LINE('',#7567,#1646);
#976=LINE('',#7569,#1647);
#977=LINE('',#7571,#1648);
#978=LINE('',#7572,#1649);
#979=LINE('',#7575,#1650);
#980=LINE('',#7577,#1651);
#981=LINE('',#7578,#1652);
#982=LINE('',#7581,#1653);
#983=LINE('',#7583,#1654);
#984=LINE('',#7584,#1655);
#985=LINE('',#7587,#1656);
#986=LINE('',#7589,#1657);
#987=LINE('',#7590,#1658);
#988=LINE('',#7593,#1659);
#989=LINE('',#7595,#1660);
#990=LINE('',#7596,#1661);
#991=LINE('',#7599,#1662);
#992=LINE('',#7601,#1663);
#993=LINE('',#7602,#1664);
#994=LINE('',#7605,#1665);
#995=LINE('',#7607,#1666);
#996=LINE('',#7608,#1667);
#997=LINE('',#7610,#1668);
#998=LINE('',#7611,#1669);
#999=LINE('',#7612,#1670);
#1000=LINE('',#7617,#1671);
#1001=LINE('',#7619,#1672);
#1002=LINE('',#7621,#1673);
#1003=LINE('',#7622,#1674);
#1004=LINE('',#7625,#1675);
#1005=LINE('',#7627,#1676);
#1006=LINE('',#7628,#1677);
#1007=LINE('',#7631,#1678);
#1008=LINE('',#7633,#1679);
#1009=LINE('',#7634,#1680);
#1010=LINE('',#7637,#1681);
#1011=LINE('',#7639,#1682);
#1012=LINE('',#7640,#1683);
#1013=LINE('',#7643,#1684);
#1014=LINE('',#7645,#1685);
#1015=LINE('',#7646,#1686);
#1016=LINE('',#7649,#1687);
#1017=LINE('',#7651,#1688);
#1018=LINE('',#7652,#1689);
#1019=LINE('',#7655,#1690);
#1020=LINE('',#7657,#1691);
#1021=LINE('',#7658,#1692);
#1022=LINE('',#7660,#1693);
#1023=LINE('',#7661,#1694);
#1024=LINE('',#7662,#1695);
#1025=LINE('',#7666,#1696);
#1026=LINE('',#7668,#1697);
#1027=LINE('',#7669,#1698);
#1028=LINE('',#7672,#1699);
#1029=LINE('',#7674,#1700);
#1030=LINE('',#7675,#1701);
#1031=LINE('',#7677,#1702);
#1032=LINE('',#7678,#1703);
#1033=LINE('',#7680,#1704);
#1034=LINE('',#7681,#1705);
#1035=LINE('',#7686,#1706);
#1036=LINE('',#7688,#1707);
#1037=LINE('',#7690,#1708);
#1038=LINE('',#7693,#1709);
#1039=LINE('',#7701,#1710);
#1040=LINE('',#7703,#1711);
#1041=LINE('',#7705,#1712);
#1042=LINE('',#7706,#1713);
#1043=LINE('',#7712,#1714);
#1044=LINE('',#7716,#1715);
#1045=LINE('',#7718,#1716);
#1046=LINE('',#7719,#1717);
#1047=LINE('',#7724,#1718);
#1048=LINE('',#7726,#1719);
#1049=LINE('',#7727,#1720);
#1050=LINE('',#7730,#1721);
#1051=LINE('',#7732,#1722);
#1052=LINE('',#7733,#1723);
#1053=LINE('',#7736,#1724);
#1054=LINE('',#7740,#1725);
#1055=LINE('',#7742,#1726);
#1056=LINE('',#7743,#1727);
#1057=LINE('',#7747,#1728);
#1058=LINE('',#7752,#1729);
#1059=LINE('',#7758,#1730);
#1060=LINE('',#7764,#1731);
#1061=LINE('',#7771,#1732);
#1062=LINE('',#7774,#1733);
#1063=LINE('',#7780,#1734);
#1064=LINE('',#7784,#1735);
#1065=LINE('',#7788,#1736);
#1066=LINE('',#7791,#1737);
#1067=LINE('',#7797,#1738);
#1068=LINE('',#7801,#1739);
#1069=LINE('',#7805,#1740);
#1070=LINE('',#7808,#1741);
#1071=LINE('',#7814,#1742);
#1072=LINE('',#7817,#1743);
#1073=LINE('',#7820,#1744);
#1074=LINE('',#7822,#1745);
#1075=LINE('',#7823,#1746);
#1076=LINE('',#7826,#1747);
#1077=LINE('',#7828,#1748);
#1078=LINE('',#7829,#1749);
#1079=LINE('',#7831,#1750);
#1080=LINE('',#7832,#1751);
#1081=LINE('',#7836,#1752);
#1082=LINE('',#7838,#1753);
#1083=LINE('',#7839,#1754);
#1084=LINE('',#7842,#1755);
#1085=LINE('',#7844,#1756);
#1086=LINE('',#7846,#1757);
#1087=LINE('',#7847,#1758);
#1088=LINE('',#7851,#1759);
#1089=LINE('',#7852,#1760);
#1090=LINE('',#7854,#1761);
#1091=LINE('',#7855,#1762);
#1092=LINE('',#7857,#1763);
#1093=LINE('',#7860,#1764);
#1094=LINE('',#7865,#1765);
#1095=LINE('',#7867,#1766);
#1096=LINE('',#7869,#1767);
#1097=LINE('',#7870,#1768);
#1098=LINE('',#7873,#1769);
#1099=LINE('',#7875,#1770);
#1100=LINE('',#7876,#1771);
#1101=LINE('',#7879,#1772);
#1102=LINE('',#7881,#1773);
#1103=LINE('',#7882,#1774);
#1104=LINE('',#7885,#1775);
#1105=LINE('',#7887,#1776);
#1106=LINE('',#7889,#1777);
#1107=LINE('',#7891,#1778);
#1108=LINE('',#7892,#1779);
#1109=LINE('',#7896,#1780);
#1110=LINE('',#7898,#1781);
#1111=LINE('',#7900,#1782);
#1112=LINE('',#7901,#1783);
#1113=LINE('',#7905,#1784);
#1114=LINE('',#7907,#1785);
#1115=LINE('',#7909,#1786);
#1116=LINE('',#7911,#1787);
#1117=LINE('',#7913,#1788);
#1118=LINE('',#7915,#1789);
#1119=LINE('',#7916,#1790);
#1120=LINE('',#7917,#1791);
#1121=LINE('',#7920,#1792);
#1122=LINE('',#7922,#1793);
#1123=LINE('',#7924,#1794);
#1124=LINE('',#7925,#1795);
#1125=LINE('',#7932,#1796);
#1126=LINE('',#7934,#1797);
#1127=LINE('',#7936,#1798);
#1128=LINE('',#7937,#1799);
#1129=LINE('',#7941,#1800);
#1130=LINE('',#7943,#1801);
#1131=LINE('',#7945,#1802);
#1132=LINE('',#7946,#1803);
#1133=LINE('',#7950,#1804);
#1134=LINE('',#7952,#1805);
#1135=LINE('',#7954,#1806);
#1136=LINE('',#7955,#1807);
#1137=LINE('',#7957,#1808);
#1138=LINE('',#7958,#1809);
#1139=LINE('',#7960,#1810);
#1140=LINE('',#7961,#1811);
#1141=LINE('',#7963,#1812);
#1142=LINE('',#7964,#1813);
#1143=LINE('',#7966,#1814);
#1144=LINE('',#7967,#1815);
#1145=LINE('',#7969,#1816);
#1146=LINE('',#7971,#1817);
#1147=LINE('',#7977,#1818);
#1148=LINE('',#7980,#1819);
#1149=LINE('',#7981,#1820);
#1150=LINE('',#7984,#1821);
#1151=LINE('',#7985,#1822);
#1152=LINE('',#7987,#1823);
#1153=LINE('',#7989,#1824);
#1154=LINE('',#7995,#1825);
#1155=LINE('',#7998,#1826);
#1156=LINE('',#8001,#1827);
#1157=LINE('',#8003,#1828);
#1158=LINE('',#8004,#1829);
#1159=LINE('',#8007,#1830);
#1160=LINE('',#8008,#1831);
#1161=LINE('',#8012,#1832);
#1162=LINE('',#8015,#1833);
#1163=LINE('',#8016,#1834);
#1164=LINE('',#8020,#1835);
#1165=LINE('',#8022,#1836);
#1166=LINE('',#8024,#1837);
#1167=LINE('',#8028,#1838);
#1168=LINE('',#8029,#1839);
#1169=LINE('',#8030,#1840);
#1170=LINE('',#8034,#1841);
#1171=LINE('',#8036,#1842);
#1172=LINE('',#8038,#1843);
#1173=LINE('',#8039,#1844);
#1174=LINE('',#8041,#1845);
#1175=LINE('',#8044,#1846);
#1176=LINE('',#8046,#1847);
#1177=LINE('',#8047,#1848);
#1178=LINE('',#8050,#1849);
#1179=LINE('',#8051,#1850);
#1180=LINE('',#8054,#1851);
#1181=LINE('',#8055,#1852);
#1182=LINE('',#8056,#1853);
#1183=LINE('',#8057,#1854);
#1184=LINE('',#8059,#1855);
#1185=LINE('',#8063,#1856);
#1186=LINE('',#8065,#1857);
#1187=LINE('',#8067,#1858);
#1188=LINE('',#8068,#1859);
#1189=LINE('',#8072,#1860);
#1190=LINE('',#8074,#1861);
#1191=LINE('',#8076,#1862);
#1192=LINE('',#8077,#1863);
#1193=LINE('',#8083,#1864);
#1194=LINE('',#8089,#1865);
#1195=LINE('',#8093,#1866);
#1196=LINE('',#8095,#1867);
#1197=LINE('',#8097,#1868);
#1198=LINE('',#8098,#1869);
#1199=LINE('',#8102,#1870);
#1200=LINE('',#8104,#1871);
#1201=LINE('',#8106,#1872);
#1202=LINE('',#8107,#1873);
#1203=LINE('',#8110,#1874);
#1204=LINE('',#8111,#1875);
#1205=LINE('',#8113,#1876);
#1206=LINE('',#8115,#1877);
#1207=LINE('',#8117,#1878);
#1208=LINE('',#8119,#1879);
#1209=LINE('',#8120,#1880);
#1210=LINE('',#8123,#1881);
#1211=LINE('',#8124,#1882);
#1212=LINE('',#8127,#1883);
#1213=LINE('',#8128,#1884);
#1214=LINE('',#8129,#1885);
#1215=LINE('',#8131,#1886);
#1216=LINE('',#8134,#1887);
#1217=LINE('',#8136,#1888);
#1218=LINE('',#8137,#1889);
#1219=LINE('',#8140,#1890);
#1220=LINE('',#8142,#1891);
#1221=LINE('',#8143,#1892);
#1222=LINE('',#8146,#1893);
#1223=LINE('',#8148,#1894);
#1224=LINE('',#8149,#1895);
#1225=LINE('',#8152,#1896);
#1226=LINE('',#8154,#1897);
#1227=LINE('',#8155,#1898);
#1228=LINE('',#8158,#1899);
#1229=LINE('',#8160,#1900);
#1230=LINE('',#8161,#1901);
#1231=LINE('',#8164,#1902);
#1232=LINE('',#8166,#1903);
#1233=LINE('',#8167,#1904);
#1234=LINE('',#8171,#1905);
#1235=LINE('',#8172,#1906);
#1236=LINE('',#8174,#1907);
#1237=LINE('',#8176,#1908);
#1238=LINE('',#8177,#1909);
#1239=LINE('',#8178,#1910);
#1240=LINE('',#8183,#1911);
#1241=LINE('',#8187,#1912);
#1242=LINE('',#8189,#1913);
#1243=LINE('',#8190,#1914);
#1244=LINE('',#8193,#1915);
#1245=LINE('',#8195,#1916);
#1246=LINE('',#8196,#1917);
#1247=LINE('',#8200,#1918);
#1248=LINE('',#8201,#1919);
#1249=LINE('',#8202,#1920);
#1250=LINE('',#8208,#1921);
#1251=LINE('',#8211,#1922);
#1252=LINE('',#8213,#1923);
#1253=LINE('',#8214,#1924);
#1254=LINE('',#8216,#1925);
#1255=LINE('',#8218,#1926);
#1256=LINE('',#8219,#1927);
#1257=LINE('',#8220,#1928);
#1258=LINE('',#8221,#1929);
#1259=LINE('',#8224,#1930);
#1260=LINE('',#8225,#1931);
#1261=LINE('',#8229,#1932);
#1262=LINE('',#8230,#1933);
#1263=LINE('',#8231,#1934);
#1264=LINE('',#8232,#1935);
#1265=LINE('',#8233,#1936);
#1266=LINE('',#8238,#1937);
#1267=LINE('',#8244,#1938);
#1268=LINE('',#8247,#1939);
#1269=LINE('',#8250,#1940);
#1270=LINE('',#8251,#1941);
#1271=LINE('',#8253,#1942);
#1272=LINE('',#8255,#1943);
#1273=LINE('',#8256,#1944);
#1274=LINE('',#8258,#1945);
#1275=LINE('',#8260,#1946);
#1276=LINE('',#8263,#1947);
#1277=LINE('',#8267,#1948);
#1278=LINE('',#8273,#1949);
#1279=LINE('',#8277,#1950);
#1280=LINE('',#8280,#1951);
#1281=LINE('',#8286,#1952);
#1282=LINE('',#8290,#1953);
#1283=LINE('',#8293,#1954);
#1284=LINE('',#8296,#1955);
#1285=LINE('',#8298,#1956);
#1286=LINE('',#8299,#1957);
#1287=LINE('',#8302,#1958);
#1288=LINE('',#8304,#1959);
#1289=LINE('',#8305,#1960);
#1290=LINE('',#8307,#1961);
#1291=LINE('',#8308,#1962);
#1292=LINE('',#8311,#1963);
#1293=LINE('',#8312,#1964);
#1294=LINE('',#8317,#1965);
#1295=LINE('',#8319,#1966);
#1296=LINE('',#8321,#1967);
#1297=LINE('',#8323,#1968);
#1298=LINE('',#8325,#1969);
#1299=LINE('',#8327,#1970);
#1300=LINE('',#8329,#1971);
#1301=LINE('',#8331,#1972);
#1302=LINE('',#8333,#1973);
#1303=LINE('',#8335,#1974);
#1304=LINE('',#8337,#1975);
#1305=LINE('',#8339,#1976);
#1306=LINE('',#8341,#1977);
#1307=LINE('',#8343,#1978);
#1308=LINE('',#8345,#1979);
#1309=LINE('',#8347,#1980);
#1310=LINE('',#8349,#1981);
#1311=LINE('',#8351,#1982);
#1312=LINE('',#8353,#1983);
#1313=LINE('',#8355,#1984);
#1314=LINE('',#8357,#1985);
#1315=LINE('',#8359,#1986);
#1316=LINE('',#8361,#1987);
#1317=LINE('',#8363,#1988);
#1318=LINE('',#8365,#1989);
#1319=LINE('',#8367,#1990);
#1320=LINE('',#8369,#1991);
#1321=LINE('',#8371,#1992);
#1322=LINE('',#8373,#1993);
#1323=LINE('',#8375,#1994);
#1324=LINE('',#8377,#1995);
#1325=LINE('',#8378,#1996);
#1326=LINE('',#8381,#1997);
#1327=LINE('',#8383,#1998);
#1328=LINE('',#8385,#1999);
#1329=LINE('',#8386,#2000);
#1330=LINE('',#8389,#2001);
#1331=LINE('',#8391,#2002);
#1332=LINE('',#8392,#2003);
#1333=LINE('',#8395,#2004);
#1334=LINE('',#8396,#2005);
#1335=LINE('',#8399,#2006);
#1336=LINE('',#8400,#2007);
#1337=LINE('',#8402,#2008);
#1338=LINE('',#8406,#2009);
#1339=LINE('',#8408,#2010);
#1340=LINE('',#8409,#2011);
#1341=LINE('',#8412,#2012);
#1342=LINE('',#8413,#2013);
#1343=LINE('',#8416,#2014);
#1344=LINE('',#8417,#2015);
#1345=LINE('',#8420,#2016);
#1346=LINE('',#8421,#2017);
#1347=LINE('',#8424,#2018);
#1348=LINE('',#8425,#2019);
#1349=LINE('',#8428,#2020);
#1350=LINE('',#8429,#2021);
#1351=LINE('',#8432,#2022);
#1352=LINE('',#8433,#2023);
#1353=LINE('',#8436,#2024);
#1354=LINE('',#8437,#2025);
#1355=LINE('',#8440,#2026);
#1356=LINE('',#8441,#2027);
#1357=LINE('',#8444,#2028);
#1358=LINE('',#8445,#2029);
#1359=LINE('',#8448,#2030);
#1360=LINE('',#8449,#2031);
#1361=LINE('',#8452,#2032);
#1362=LINE('',#8453,#2033);
#1363=LINE('',#8456,#2034);
#1364=LINE('',#8457,#2035);
#1365=LINE('',#8460,#2036);
#1366=LINE('',#8461,#2037);
#1367=LINE('',#8464,#2038);
#1368=LINE('',#8465,#2039);
#1369=LINE('',#8468,#2040);
#1370=LINE('',#8469,#2041);
#1371=LINE('',#8472,#2042);
#1372=LINE('',#8473,#2043);
#1373=LINE('',#8476,#2044);
#1374=LINE('',#8477,#2045);
#1375=LINE('',#8480,#2046);
#1376=LINE('',#8481,#2047);
#1377=LINE('',#8484,#2048);
#1378=LINE('',#8485,#2049);
#1379=LINE('',#8488,#2050);
#1380=LINE('',#8489,#2051);
#1381=LINE('',#8492,#2052);
#1382=LINE('',#8493,#2053);
#1383=LINE('',#8496,#2054);
#1384=LINE('',#8497,#2055);
#1385=LINE('',#8500,#2056);
#1386=LINE('',#8501,#2057);
#1387=LINE('',#8504,#2058);
#1388=LINE('',#8505,#2059);
#1389=LINE('',#8508,#2060);
#1390=LINE('',#8509,#2061);
#1391=LINE('',#8512,#2062);
#1392=LINE('',#8513,#2063);
#1393=LINE('',#8516,#2064);
#1394=LINE('',#8517,#2065);
#1395=LINE('',#8520,#2066);
#1396=LINE('',#8521,#2067);
#1397=LINE('',#8524,#2068);
#1398=LINE('',#8525,#2069);
#1399=LINE('',#8528,#2070);
#1400=LINE('',#8529,#2071);
#1401=LINE('',#8531,#2072);
#1402=LINE('',#8537,#2073);
#1403=LINE('',#8541,#2074);
#1404=LINE('',#8546,#2075);
#1405=LINE('',#8547,#2076);
#1406=LINE('',#8549,#2077);
#1407=LINE('',#8552,#2078);
#1408=LINE('',#8553,#2079);
#1409=LINE('',#8556,#2080);
#1410=LINE('',#8557,#2081);
#1411=LINE('',#8559,#2082);
#1412=LINE('',#8565,#2083);
#1413=LINE('',#8574,#2084);
#1414=LINE('',#8583,#2085);
#1415=LINE('',#8592,#2086);
#1416=LINE('',#8602,#2087);
#1417=LINE('',#8605,#2088);
#1418=LINE('',#8611,#2089);
#1419=LINE('',#8614,#2090);
#1420=LINE('',#8620,#2091);
#1421=LINE('',#8623,#2092);
#1422=LINE('',#8629,#2093);
#1423=LINE('',#8632,#2094);
#1424=LINE('',#8634,#2095);
#1425=LINE('',#8635,#2096);
#1426=LINE('',#8636,#2097);
#1427=LINE('',#8637,#2098);
#1428=LINE('',#8642,#2099);
#1429=LINE('',#8644,#2100);
#1430=LINE('',#8646,#2101);
#1431=LINE('',#8647,#2102);
#1432=LINE('',#8658,#2103);
#1433=LINE('',#8660,#2104);
#1434=LINE('',#8662,#2105);
#1435=LINE('',#8663,#2106);
#1436=LINE('',#8668,#2107);
#1437=LINE('',#8670,#2108);
#1438=LINE('',#8672,#2109);
#1439=LINE('',#8673,#2110);
#1440=LINE('',#8676,#2111);
#1441=LINE('',#8678,#2112);
#1442=LINE('',#8680,#2113);
#1443=LINE('',#8681,#2114);
#1444=LINE('',#8688,#2115);
#1445=LINE('',#8690,#2116);
#1446=LINE('',#8692,#2117);
#1447=LINE('',#8693,#2118);
#1448=LINE('',#8699,#2119);
#1449=LINE('',#8700,#2120);
#1450=LINE('',#8701,#2121);
#1451=LINE('',#8702,#2122);
#1452=LINE('',#8707,#2123);
#1453=LINE('',#8709,#2124);
#1454=LINE('',#8711,#2125);
#1455=LINE('',#8712,#2126);
#1456=LINE('',#8719,#2127);
#1457=LINE('',#8721,#2128);
#1458=LINE('',#8723,#2129);
#1459=LINE('',#8724,#2130);
#1460=LINE('',#8729,#2131);
#1461=LINE('',#8731,#2132);
#1462=LINE('',#8733,#2133);
#1463=LINE('',#8734,#2134);
#1464=LINE('',#8737,#2135);
#1465=LINE('',#8739,#2136);
#1466=LINE('',#8741,#2137);
#1467=LINE('',#8742,#2138);
#1468=LINE('',#8747,#2139);
#1469=LINE('',#8749,#2140);
#1470=LINE('',#8751,#2141);
#1471=LINE('',#8752,#2142);
#1472=LINE('',#8760,#2143);
#1473=LINE('',#8762,#2144);
#1474=LINE('',#8763,#2145);
#1475=LINE('',#8765,#2146);
#1476=LINE('',#8767,#2147);
#1477=LINE('',#8770,#2148);
#1478=LINE('',#8772,#2149);
#1479=LINE('',#8774,#2150);
#1480=LINE('',#8776,#2151);
#1481=LINE('',#8778,#2152);
#1482=LINE('',#8779,#2153);
#1483=LINE('',#8781,#2154);
#1484=LINE('',#8783,#2155);
#1485=LINE('',#8786,#2156);
#1486=LINE('',#8788,#2157);
#1487=LINE('',#8789,#2158);
#1488=LINE('',#8791,#2159);
#1489=LINE('',#8793,#2160);
#1490=LINE('',#8796,#2161);
#1491=LINE('',#8797,#2162);
#1492=LINE('',#8799,#2163);
#1493=LINE('',#8801,#2164);
#1494=LINE('',#8804,#2165);
#1495=LINE('',#8806,#2166);
#1496=LINE('',#8808,#2167);
#1497=LINE('',#8809,#2168);
#1498=LINE('',#8811,#2169);
#1499=LINE('',#8813,#2170);
#1500=LINE('',#8816,#2171);
#1501=LINE('',#8818,#2172);
#1502=VECTOR('',#5861,10.);
#1503=VECTOR('',#5862,10.);
#1504=VECTOR('',#5863,10.);
#1505=VECTOR('',#5864,10.);
#1506=VECTOR('',#5867,10.);
#1507=VECTOR('',#5868,10.);
#1508=VECTOR('',#5869,10.);
#1509=VECTOR('',#5872,10.);
#1510=VECTOR('',#5873,10.);
#1511=VECTOR('',#5874,10.);
#1512=VECTOR('',#5877,10.);
#1513=VECTOR('',#5878,10.);
#1514=VECTOR('',#5879,10.);
#1515=VECTOR('',#5884,10.);
#1516=VECTOR('',#5885,10.);
#1517=VECTOR('',#5886,10.);
#1518=VECTOR('',#5887,10.);
#1519=VECTOR('',#5890,10.);
#1520=VECTOR('',#5891,10.);
#1521=VECTOR('',#5892,10.);
#1522=VECTOR('',#5895,10.);
#1523=VECTOR('',#5896,10.);
#1524=VECTOR('',#5897,10.);
#1525=VECTOR('',#5900,10.);
#1526=VECTOR('',#5901,10.);
#1527=VECTOR('',#5902,10.);
#1528=VECTOR('',#5907,10.);
#1529=VECTOR('',#5908,10.);
#1530=VECTOR('',#5909,10.);
#1531=VECTOR('',#5912,10.);
#1532=VECTOR('',#5913,10.);
#1533=VECTOR('',#5914,10.);
#1534=VECTOR('',#5917,10.);
#1535=VECTOR('',#5918,10.);
#1536=VECTOR('',#5919,10.);
#1537=VECTOR('',#5922,10.);
#1538=VECTOR('',#5923,10.);
#1539=VECTOR('',#5924,10.);
#1540=VECTOR('',#5929,10.);
#1541=VECTOR('',#5930,10.);
#1542=VECTOR('',#5931,10.);
#1543=VECTOR('',#5932,10.);
#1544=VECTOR('',#5935,10.);
#1545=VECTOR('',#5936,10.);
#1546=VECTOR('',#5937,10.);
#1547=VECTOR('',#5940,10.);
#1548=VECTOR('',#5941,10.);
#1549=VECTOR('',#5942,10.);
#1550=VECTOR('',#5945,10.);
#1551=VECTOR('',#5946,10.);
#1552=VECTOR('',#5947,10.);
#1553=VECTOR('',#5950,10.);
#1554=VECTOR('',#5951,10.);
#1555=VECTOR('',#5952,10.);
#1556=VECTOR('',#5955,10.);
#1557=VECTOR('',#5956,10.);
#1558=VECTOR('',#5959,10.);
#1559=VECTOR('',#5960,10.);
#1560=VECTOR('',#5961,10.);
#1561=VECTOR('',#5964,10.);
#1562=VECTOR('',#5965,10.);
#1563=VECTOR('',#5966,10.);
#1564=VECTOR('',#5971,10.);
#1565=VECTOR('',#5972,10.);
#1566=VECTOR('',#5973,10.);
#1567=VECTOR('',#5976,10.);
#1568=VECTOR('',#5977,10.);
#1569=VECTOR('',#5978,10.);
#1570=VECTOR('',#5981,10.);
#1571=VECTOR('',#5982,10.);
#1572=VECTOR('',#5985,10.);
#1573=VECTOR('',#5986,10.);
#1574=VECTOR('',#5991,10.);
#1575=VECTOR('',#5992,10.);
#1576=VECTOR('',#5993,10.);
#1577=VECTOR('',#5994,10.);
#1578=VECTOR('',#5997,10.);
#1579=VECTOR('',#5998,10.);
#1580=VECTOR('',#5999,10.);
#1581=VECTOR('',#6002,10.);
#1582=VECTOR('',#6003,10.);
#1583=VECTOR('',#6004,10.);
#1584=VECTOR('',#6007,10.);
#1585=VECTOR('',#6008,10.);
#1586=VECTOR('',#6009,10.);
#1587=VECTOR('',#6012,10.);
#1588=VECTOR('',#6013,10.);
#1589=VECTOR('',#6014,10.);
#1590=VECTOR('',#6017,10.);
#1591=VECTOR('',#6018,10.);
#1592=VECTOR('',#6019,10.);
#1593=VECTOR('',#6022,10.);
#1594=VECTOR('',#6023,10.);
#1595=VECTOR('',#6024,10.);
#1596=VECTOR('',#6027,10.);
#1597=VECTOR('',#6028,10.);
#1598=VECTOR('',#6029,10.);
#1599=VECTOR('',#6032,10.);
#1600=VECTOR('',#6033,10.);
#1601=VECTOR('',#6034,10.);
#1602=VECTOR('',#6037,10.);
#1603=VECTOR('',#6038,10.);
#1604=VECTOR('',#6039,10.);
#1605=VECTOR('',#6042,10.);
#1606=VECTOR('',#6043,10.);
#1607=VECTOR('',#6044,10.);
#1608=VECTOR('',#6047,10.);
#1609=VECTOR('',#6048,10.);
#1610=VECTOR('',#6053,10.);
#1611=VECTOR('',#6054,10.);
#1612=VECTOR('',#6055,10.);
#1613=VECTOR('',#6056,10.);
#1614=VECTOR('',#6059,10.);
#1615=VECTOR('',#6060,10.);
#1616=VECTOR('',#6061,10.);
#1617=VECTOR('',#6064,10.);
#1618=VECTOR('',#6065,10.);
#1619=VECTOR('',#6066,10.);
#1620=VECTOR('',#6069,10.);
#1621=VECTOR('',#6070,10.);
#1622=VECTOR('',#6071,10.);
#1623=VECTOR('',#6074,10.);
#1624=VECTOR('',#6075,10.);
#1625=VECTOR('',#6076,10.);
#1626=VECTOR('',#6079,10.);
#1627=VECTOR('',#6080,10.);
#1628=VECTOR('',#6081,10.);
#1629=VECTOR('',#6084,10.);
#1630=VECTOR('',#6085,10.);
#1631=VECTOR('',#6086,10.);
#1632=VECTOR('',#6089,10.);
#1633=VECTOR('',#6090,10.);
#1634=VECTOR('',#6091,10.);
#1635=VECTOR('',#6094,10.);
#1636=VECTOR('',#6095,10.);
#1637=VECTOR('',#6096,10.);
#1638=VECTOR('',#6099,10.);
#1639=VECTOR('',#6100,10.);
#1640=VECTOR('',#6101,10.);
#1641=VECTOR('',#6104,10.);
#1642=VECTOR('',#6105,10.);
#1643=VECTOR('',#6106,10.);
#1644=VECTOR('',#6109,10.);
#1645=VECTOR('',#6110,10.);
#1646=VECTOR('',#6115,10.);
#1647=VECTOR('',#6116,10.);
#1648=VECTOR('',#6117,10.);
#1649=VECTOR('',#6118,10.);
#1650=VECTOR('',#6121,10.);
#1651=VECTOR('',#6122,10.);
#1652=VECTOR('',#6123,10.);
#1653=VECTOR('',#6126,10.);
#1654=VECTOR('',#6127,10.);
#1655=VECTOR('',#6128,10.);
#1656=VECTOR('',#6131,10.);
#1657=VECTOR('',#6132,10.);
#1658=VECTOR('',#6133,10.);
#1659=VECTOR('',#6136,10.);
#1660=VECTOR('',#6137,10.);
#1661=VECTOR('',#6138,10.);
#1662=VECTOR('',#6141,10.);
#1663=VECTOR('',#6142,10.);
#1664=VECTOR('',#6143,10.);
#1665=VECTOR('',#6146,10.);
#1666=VECTOR('',#6147,10.);
#1667=VECTOR('',#6148,10.);
#1668=VECTOR('',#6151,10.);
#1669=VECTOR('',#6152,10.);
#1670=VECTOR('',#6153,10.);
#1671=VECTOR('',#6158,10.);
#1672=VECTOR('',#6159,10.);
#1673=VECTOR('',#6160,10.);
#1674=VECTOR('',#6161,10.);
#1675=VECTOR('',#6164,10.);
#1676=VECTOR('',#6165,10.);
#1677=VECTOR('',#6166,10.);
#1678=VECTOR('',#6169,10.);
#1679=VECTOR('',#6170,10.);
#1680=VECTOR('',#6171,10.);
#1681=VECTOR('',#6174,10.);
#1682=VECTOR('',#6175,10.);
#1683=VECTOR('',#6176,10.);
#1684=VECTOR('',#6179,10.);
#1685=VECTOR('',#6180,10.);
#1686=VECTOR('',#6181,10.);
#1687=VECTOR('',#6184,10.);
#1688=VECTOR('',#6185,10.);
#1689=VECTOR('',#6186,10.);
#1690=VECTOR('',#6189,10.);
#1691=VECTOR('',#6190,10.);
#1692=VECTOR('',#6191,10.);
#1693=VECTOR('',#6194,10.);
#1694=VECTOR('',#6195,10.);
#1695=VECTOR('',#6196,10.);
#1696=VECTOR('',#6201,10.);
#1697=VECTOR('',#6202,10.);
#1698=VECTOR('',#6203,10.);
#1699=VECTOR('',#6206,10.);
#1700=VECTOR('',#6207,10.);
#1701=VECTOR('',#6208,10.);
#1702=VECTOR('',#6211,10.);
#1703=VECTOR('',#6212,10.);
#1704=VECTOR('',#6215,10.);
#1705=VECTOR('',#6216,10.);
#1706=VECTOR('',#6221,10.);
#1707=VECTOR('',#6222,10.);
#1708=VECTOR('',#6223,10.);
#1709=VECTOR('',#6226,10.);
#1710=VECTOR('',#6233,10.);
#1711=VECTOR('',#6234,10.);
#1712=VECTOR('',#6235,10.);
#1713=VECTOR('',#6236,10.);
#1714=VECTOR('',#6241,10.);
#1715=VECTOR('',#6244,10.);
#1716=VECTOR('',#6245,10.);
#1717=VECTOR('',#6246,10.);
#1718=VECTOR('',#6251,10.);
#1719=VECTOR('',#6252,10.);
#1720=VECTOR('',#6253,10.);
#1721=VECTOR('',#6256,10.);
#1722=VECTOR('',#6257,10.);
#1723=VECTOR('',#6258,10.);
#1724=VECTOR('',#6261,10.);
#1725=VECTOR('',#6266,10.);
#1726=VECTOR('',#6267,10.);
#1727=VECTOR('',#6268,10.);
#1728=VECTOR('',#6273,1.125);
#1729=VECTOR('',#6280,1.125);
#1730=VECTOR('',#6287,1.125);
#1731=VECTOR('',#6296,1.125);
#1732=VECTOR('',#6303,10.);
#1733=VECTOR('',#6306,10.);
#1734=VECTOR('',#6311,10.);
#1735=VECTOR('',#6314,10.);
#1736=VECTOR('',#6317,10.);
#1737=VECTOR('',#6320,10.);
#1738=VECTOR('',#6325,10.);
#1739=VECTOR('',#6328,10.);
#1740=VECTOR('',#6331,10.);
#1741=VECTOR('',#6334,10.);
#1742=VECTOR('',#6339,10.);
#1743=VECTOR('',#6342,10.);
#1744=VECTOR('',#6345,10.);
#1745=VECTOR('',#6346,10.);
#1746=VECTOR('',#6347,10.);
#1747=VECTOR('',#6350,10.);
#1748=VECTOR('',#6351,10.);
#1749=VECTOR('',#6352,10.);
#1750=VECTOR('',#6355,10.);
#1751=VECTOR('',#6356,10.);
#1752=VECTOR('',#6361,10.);
#1753=VECTOR('',#6362,10.);
#1754=VECTOR('',#6363,10.);
#1755=VECTOR('',#6364,10.);
#1756=VECTOR('',#6365,10.);
#1757=VECTOR('',#6366,10.);
#1758=VECTOR('',#6367,10.);
#1759=VECTOR('',#6372,10.);
#1760=VECTOR('',#6373,10.);
#1761=VECTOR('',#6374,10.);
#1762=VECTOR('',#6375,10.);
#1763=VECTOR('',#6378,10.);
#1764=VECTOR('',#6381,8.);
#1765=VECTOR('',#6386,10.);
#1766=VECTOR('',#6387,10.);
#1767=VECTOR('',#6388,10.);
#1768=VECTOR('',#6389,10.);
#1769=VECTOR('',#6392,10.);
#1770=VECTOR('',#6393,10.);
#1771=VECTOR('',#6394,10.);
#1772=VECTOR('',#6397,10.);
#1773=VECTOR('',#6398,10.);
#1774=VECTOR('',#6399,10.);
#1775=VECTOR('',#6402,10.);
#1776=VECTOR('',#6403,10.);
#1777=VECTOR('',#6404,10.);
#1778=VECTOR('',#6405,10.);
#1779=VECTOR('',#6406,10.);
#1780=VECTOR('',#6409,10.);
#1781=VECTOR('',#6410,10.);
#1782=VECTOR('',#6411,10.);
#1783=VECTOR('',#6412,10.);
#1784=VECTOR('',#6415,10.);
#1785=VECTOR('',#6416,10.);
#1786=VECTOR('',#6417,10.);
#1787=VECTOR('',#6418,10.);
#1788=VECTOR('',#6419,10.);
#1789=VECTOR('',#6420,10.);
#1790=VECTOR('',#6421,10.);
#1791=VECTOR('',#6422,10.);
#1792=VECTOR('',#6423,10.);
#1793=VECTOR('',#6424,10.);
#1794=VECTOR('',#6425,10.);
#1795=VECTOR('',#6426,10.);
#1796=VECTOR('',#6433,10.);
#1797=VECTOR('',#6434,10.);
#1798=VECTOR('',#6435,10.);
#1799=VECTOR('',#6436,10.);
#1800=VECTOR('',#6439,10.);
#1801=VECTOR('',#6440,10.);
#1802=VECTOR('',#6441,10.);
#1803=VECTOR('',#6442,10.);
#1804=VECTOR('',#6445,10.);
#1805=VECTOR('',#6446,10.);
#1806=VECTOR('',#6447,10.);
#1807=VECTOR('',#6448,10.);
#1808=VECTOR('',#6451,10.);
#1809=VECTOR('',#6452,10.);
#1810=VECTOR('',#6455,10.);
#1811=VECTOR('',#6456,10.);
#1812=VECTOR('',#6459,10.);
#1813=VECTOR('',#6460,10.);
#1814=VECTOR('',#6463,10.);
#1815=VECTOR('',#6464,10.);
#1816=VECTOR('',#6467,10.);
#1817=VECTOR('',#6470,10.);
#1818=VECTOR('',#6475,10.);
#1819=VECTOR('',#6478,10.);
#1820=VECTOR('',#6479,10.);
#1821=VECTOR('',#6482,10.);
#1822=VECTOR('',#6483,10.);
#1823=VECTOR('',#6486,10.);
#1824=VECTOR('',#6489,10.);
#1825=VECTOR('',#6494,10.);
#1826=VECTOR('',#6497,10.);
#1827=VECTOR('',#6500,10.);
#1828=VECTOR('',#6501,10.);
#1829=VECTOR('',#6502,10.);
#1830=VECTOR('',#6505,10.);
#1831=VECTOR('',#6506,10.);
#1832=VECTOR('',#6511,10.);
#1833=VECTOR('',#6514,10.);
#1834=VECTOR('',#6515,10.);
#1835=VECTOR('',#6520,10.);
#1836=VECTOR('',#6523,10.);
#1837=VECTOR('',#6526,10.);
#1838=VECTOR('',#6529,10.);
#1839=VECTOR('',#6530,10.);
#1840=VECTOR('',#6531,10.);
#1841=VECTOR('',#6534,10.);
#1842=VECTOR('',#6535,10.);
#1843=VECTOR('',#6536,10.);
#1844=VECTOR('',#6537,10.);
#1845=VECTOR('',#6540,10.);
#1846=VECTOR('',#6543,10.);
#1847=VECTOR('',#6544,10.);
#1848=VECTOR('',#6545,10.);
#1849=VECTOR('',#6548,10.);
#1850=VECTOR('',#6549,10.);
#1851=VECTOR('',#6552,10.);
#1852=VECTOR('',#6553,10.);
#1853=VECTOR('',#6554,10.);
#1854=VECTOR('',#6555,10.);
#1855=VECTOR('',#6558,10.);
#1856=VECTOR('',#6561,10.);
#1857=VECTOR('',#6562,10.);
#1858=VECTOR('',#6563,10.);
#1859=VECTOR('',#6564,10.);
#1860=VECTOR('',#6567,10.);
#1861=VECTOR('',#6568,10.);
#1862=VECTOR('',#6569,10.);
#1863=VECTOR('',#6570,10.);
#1864=VECTOR('',#6577,10.);
#1865=VECTOR('',#6584,10.);
#1866=VECTOR('',#6587,10.);
#1867=VECTOR('',#6588,10.);
#1868=VECTOR('',#6589,10.);
#1869=VECTOR('',#6590,10.);
#1870=VECTOR('',#6593,10.);
#1871=VECTOR('',#6594,10.);
#1872=VECTOR('',#6595,10.);
#1873=VECTOR('',#6596,10.);
#1874=VECTOR('',#6599,10.);
#1875=VECTOR('',#6600,10.);
#1876=VECTOR('',#6603,10.);
#1877=VECTOR('',#6606,10.);
#1878=VECTOR('',#6607,10.);
#1879=VECTOR('',#6608,10.);
#1880=VECTOR('',#6609,10.);
#1881=VECTOR('',#6612,10.);
#1882=VECTOR('',#6613,10.);
#1883=VECTOR('',#6616,10.);
#1884=VECTOR('',#6617,10.);
#1885=VECTOR('',#6618,10.);
#1886=VECTOR('',#6621,10.);
#1887=VECTOR('',#6624,10.);
#1888=VECTOR('',#6625,10.);
#1889=VECTOR('',#6626,10.);
#1890=VECTOR('',#6629,10.);
#1891=VECTOR('',#6630,10.);
#1892=VECTOR('',#6631,10.);
#1893=VECTOR('',#6634,10.);
#1894=VECTOR('',#6635,10.);
#1895=VECTOR('',#6636,10.);
#1896=VECTOR('',#6639,10.);
#1897=VECTOR('',#6640,10.);
#1898=VECTOR('',#6641,10.);
#1899=VECTOR('',#6644,10.);
#1900=VECTOR('',#6645,10.);
#1901=VECTOR('',#6646,10.);
#1902=VECTOR('',#6649,10.);
#1903=VECTOR('',#6650,10.);
#1904=VECTOR('',#6651,10.);
#1905=VECTOR('',#6654,10.);
#1906=VECTOR('',#6655,10.);
#1907=VECTOR('',#6656,10.);
#1908=VECTOR('',#6657,10.);
#1909=VECTOR('',#6658,10.);
#1910=VECTOR('',#6659,10.);
#1911=VECTOR('',#6664,10.);
#1912=VECTOR('',#6669,10.);
#1913=VECTOR('',#6670,10.);
#1914=VECTOR('',#6671,10.);
#1915=VECTOR('',#6674,10.);
#1916=VECTOR('',#6675,10.);
#1917=VECTOR('',#6676,10.);
#1918=VECTOR('',#6679,10.);
#1919=VECTOR('',#6680,10.);
#1920=VECTOR('',#6681,10.);
#1921=VECTOR('',#6688,10.);
#1922=VECTOR('',#6691,10.);
#1923=VECTOR('',#6692,10.);
#1924=VECTOR('',#6693,10.);
#1925=VECTOR('',#6696,10.);
#1926=VECTOR('',#6697,10.);
#1927=VECTOR('',#6698,10.);
#1928=VECTOR('',#6699,10.);
#1929=VECTOR('',#6700,10.);
#1930=VECTOR('',#6703,10.);
#1931=VECTOR('',#6704,10.);
#1932=VECTOR('',#6707,10.);
#1933=VECTOR('',#6708,10.);
#1934=VECTOR('',#6709,10.);
#1935=VECTOR('',#6710,10.);
#1936=VECTOR('',#6711,10.);
#1937=VECTOR('',#6716,10.);
#1938=VECTOR('',#6723,10.);
#1939=VECTOR('',#6728,10.);
#1940=VECTOR('',#6731,10.);
#1941=VECTOR('',#6732,10.);
#1942=VECTOR('',#6735,10.);
#1943=VECTOR('',#6738,10.);
#1944=VECTOR('',#6739,10.);
#1945=VECTOR('',#6742,10.);
#1946=VECTOR('',#6745,10.);
#1947=VECTOR('',#6750,10.);
#1948=VECTOR('',#6757,1.0625);
#1949=VECTOR('',#6762,10.);
#1950=VECTOR('',#6765,10.);
#1951=VECTOR('',#6768,10.);
#1952=VECTOR('',#6773,10.);
#1953=VECTOR('',#6776,10.);
#1954=VECTOR('',#6779,10.);
#1955=VECTOR('',#6782,10.);
#1956=VECTOR('',#6783,10.);
#1957=VECTOR('',#6784,10.);
#1958=VECTOR('',#6787,10.);
#1959=VECTOR('',#6788,10.);
#1960=VECTOR('',#6789,10.);
#1961=VECTOR('',#6792,10.);
#1962=VECTOR('',#6793,10.);
#1963=VECTOR('',#6796,10.);
#1964=VECTOR('',#6797,10.);
#1965=VECTOR('',#6800,10.);
#1966=VECTOR('',#6801,10.);
#1967=VECTOR('',#6802,10.);
#1968=VECTOR('',#6803,10.);
#1969=VECTOR('',#6804,10.);
#1970=VECTOR('',#6805,10.);
#1971=VECTOR('',#6806,10.);
#1972=VECTOR('',#6807,10.);
#1973=VECTOR('',#6808,10.);
#1974=VECTOR('',#6809,10.);
#1975=VECTOR('',#6810,10.);
#1976=VECTOR('',#6811,10.);
#1977=VECTOR('',#6812,10.);
#1978=VECTOR('',#6813,10.);
#1979=VECTOR('',#6814,10.);
#1980=VECTOR('',#6815,10.);
#1981=VECTOR('',#6816,10.);
#1982=VECTOR('',#6817,10.);
#1983=VECTOR('',#6818,10.);
#1984=VECTOR('',#6819,10.);
#1985=VECTOR('',#6820,10.);
#1986=VECTOR('',#6821,10.);
#1987=VECTOR('',#6822,10.);
#1988=VECTOR('',#6823,10.);
#1989=VECTOR('',#6824,10.);
#1990=VECTOR('',#6825,10.);
#1991=VECTOR('',#6826,10.);
#1992=VECTOR('',#6827,10.);
#1993=VECTOR('',#6828,10.);
#1994=VECTOR('',#6829,10.);
#1995=VECTOR('',#6830,10.);
#1996=VECTOR('',#6831,10.);
#1997=VECTOR('',#6832,10.);
#1998=VECTOR('',#6833,10.);
#1999=VECTOR('',#6834,10.);
#2000=VECTOR('',#6835,10.);
#2001=VECTOR('',#6838,10.);
#2002=VECTOR('',#6839,10.);
#2003=VECTOR('',#6840,10.);
#2004=VECTOR('',#6843,10.);
#2005=VECTOR('',#6844,10.);
#2006=VECTOR('',#6847,10.);
#2007=VECTOR('',#6848,10.);
#2008=VECTOR('',#6851,10.);
#2009=VECTOR('',#6856,10.);
#2010=VECTOR('',#6857,10.);
#2011=VECTOR('',#6858,10.);
#2012=VECTOR('',#6861,10.);
#2013=VECTOR('',#6862,10.);
#2014=VECTOR('',#6865,10.);
#2015=VECTOR('',#6866,10.);
#2016=VECTOR('',#6869,10.);
#2017=VECTOR('',#6870,10.);
#2018=VECTOR('',#6873,10.);
#2019=VECTOR('',#6874,10.);
#2020=VECTOR('',#6877,10.);
#2021=VECTOR('',#6878,10.);
#2022=VECTOR('',#6881,10.);
#2023=VECTOR('',#6882,10.);
#2024=VECTOR('',#6885,10.);
#2025=VECTOR('',#6886,10.);
#2026=VECTOR('',#6889,10.);
#2027=VECTOR('',#6890,10.);
#2028=VECTOR('',#6893,10.);
#2029=VECTOR('',#6894,10.);
#2030=VECTOR('',#6897,10.);
#2031=VECTOR('',#6898,10.);
#2032=VECTOR('',#6901,10.);
#2033=VECTOR('',#6902,10.);
#2034=VECTOR('',#6905,10.);
#2035=VECTOR('',#6906,10.);
#2036=VECTOR('',#6909,10.);
#2037=VECTOR('',#6910,10.);
#2038=VECTOR('',#6913,10.);
#2039=VECTOR('',#6914,10.);
#2040=VECTOR('',#6917,10.);
#2041=VECTOR('',#6918,10.);
#2042=VECTOR('',#6921,10.);
#2043=VECTOR('',#6922,10.);
#2044=VECTOR('',#6925,10.);
#2045=VECTOR('',#6926,10.);
#2046=VECTOR('',#6929,10.);
#2047=VECTOR('',#6930,10.);
#2048=VECTOR('',#6933,10.);
#2049=VECTOR('',#6934,10.);
#2050=VECTOR('',#6937,10.);
#2051=VECTOR('',#6938,10.);
#2052=VECTOR('',#6941,10.);
#2053=VECTOR('',#6942,10.);
#2054=VECTOR('',#6945,10.);
#2055=VECTOR('',#6946,10.);
#2056=VECTOR('',#6949,10.);
#2057=VECTOR('',#6950,10.);
#2058=VECTOR('',#6953,10.);
#2059=VECTOR('',#6954,10.);
#2060=VECTOR('',#6957,10.);
#2061=VECTOR('',#6958,10.);
#2062=VECTOR('',#6961,10.);
#2063=VECTOR('',#6962,10.);
#2064=VECTOR('',#6965,10.);
#2065=VECTOR('',#6966,10.);
#2066=VECTOR('',#6969,10.);
#2067=VECTOR('',#6970,10.);
#2068=VECTOR('',#6973,10.);
#2069=VECTOR('',#6974,10.);
#2070=VECTOR('',#6977,10.);
#2071=VECTOR('',#6978,10.);
#2072=VECTOR('',#6981,10.);
#2073=VECTOR('',#6988,1.0625);
#2074=VECTOR('',#6993,2.0625);
#2075=VECTOR('',#7000,10.);
#2076=VECTOR('',#7001,10.);
#2077=VECTOR('',#7004,10.);
#2078=VECTOR('',#7007,10.);
#2079=VECTOR('',#7008,10.);
#2080=VECTOR('',#7011,10.);
#2081=VECTOR('',#7012,10.);
#2082=VECTOR('',#7015,10.);
#2083=VECTOR('',#7022,2.5);
#2084=VECTOR('',#7033,2.49999962483449);
#2085=VECTOR('',#7044,2.5000012803535);
#2086=VECTOR('',#7055,2.5);
#2087=VECTOR('',#7066,10.);
#2088=VECTOR('',#7069,10.);
#2089=VECTOR('',#7074,10.);
#2090=VECTOR('',#7077,10.);
#2091=VECTOR('',#7082,10.);
#2092=VECTOR('',#7085,10.);
#2093=VECTOR('',#7090,10.);
#2094=VECTOR('',#7093,10.);
#2095=VECTOR('',#7096,10.);
#2096=VECTOR('',#7097,10.);
#2097=VECTOR('',#7098,10.);
#2098=VECTOR('',#7099,10.);
#2099=VECTOR('',#7102,10.);
#2100=VECTOR('',#7103,10.);
#2101=VECTOR('',#7104,10.);
#2102=VECTOR('',#7105,10.);
#2103=VECTOR('',#7114,10.);
#2104=VECTOR('',#7115,10.);
#2105=VECTOR('',#7116,10.);
#2106=VECTOR('',#7117,10.);
#2107=VECTOR('',#7120,10.);
#2108=VECTOR('',#7121,10.);
#2109=VECTOR('',#7122,10.);
#2110=VECTOR('',#7123,10.);
#2111=VECTOR('',#7124,10.);
#2112=VECTOR('',#7125,10.);
#2113=VECTOR('',#7126,10.);
#2114=VECTOR('',#7127,10.);
#2115=VECTOR('',#7132,10.);
#2116=VECTOR('',#7133,10.);
#2117=VECTOR('',#7134,10.);
#2118=VECTOR('',#7135,10.);
#2119=VECTOR('',#7142,10.);
#2120=VECTOR('',#7143,10.);
#2121=VECTOR('',#7144,10.);
#2122=VECTOR('',#7145,10.);
#2123=VECTOR('',#7148,10.);
#2124=VECTOR('',#7149,10.);
#2125=VECTOR('',#7150,10.);
#2126=VECTOR('',#7151,10.);
#2127=VECTOR('',#7156,10.);
#2128=VECTOR('',#7157,10.);
#2129=VECTOR('',#7158,10.);
#2130=VECTOR('',#7159,10.);
#2131=VECTOR('',#7162,10.);
#2132=VECTOR('',#7163,10.);
#2133=VECTOR('',#7164,10.);
#2134=VECTOR('',#7165,10.);
#2135=VECTOR('',#7166,10.);
#2136=VECTOR('',#7167,10.);
#2137=VECTOR('',#7168,10.);
#2138=VECTOR('',#7169,10.);
#2139=VECTOR('',#7172,10.);
#2140=VECTOR('',#7173,10.);
#2141=VECTOR('',#7174,10.);
#2142=VECTOR('',#7175,10.);
#2143=VECTOR('',#7188,2.5);
#2144=VECTOR('',#7191,10.);
#2145=VECTOR('',#7192,10.);
#2146=VECTOR('',#7195,10.);
#2147=VECTOR('',#7198,10.);
#2148=VECTOR('',#7203,2.5);
#2149=VECTOR('',#7206,2.5);
#2150=VECTOR('',#7209,1.0625);
#2151=VECTOR('',#7212,1.0625);
#2152=VECTOR('',#7215,10.);
#2153=VECTOR('',#7216,10.);
#2154=VECTOR('',#7219,10.);
#2155=VECTOR('',#7222,10.);
#2156=VECTOR('',#7227,2.5);
#2157=VECTOR('',#7230,10.);
#2158=VECTOR('',#7231,10.);
#2159=VECTOR('',#7234,10.);
#2160=VECTOR('',#7237,10.);
#2161=VECTOR('',#7242,10.);
#2162=VECTOR('',#7243,10.);
#2163=VECTOR('',#7246,10.);
#2164=VECTOR('',#7249,10.);
#2165=VECTOR('',#7254,1.0625);
#2166=VECTOR('',#7257,2.5);
#2167=VECTOR('',#7260,10.);
#2168=VECTOR('',#7261,10.);
#2169=VECTOR('',#7264,10.);
#2170=VECTOR('',#7267,10.);
#2171=VECTOR('',#7272,2.5);
#2172=VECTOR('',#7275,1.0625);
#2173=VERTEX_POINT('',#7278);
#2174=VERTEX_POINT('',#7279);
#2175=VERTEX_POINT('',#7281);
#2176=VERTEX_POINT('',#7283);
#2177=VERTEX_POINT('',#7287);
#2178=VERTEX_POINT('',#7289);
#2179=VERTEX_POINT('',#7293);
#2180=VERTEX_POINT('',#7295);
#2181=VERTEX_POINT('',#7304);
#2182=VERTEX_POINT('',#7305);
#2183=VERTEX_POINT('',#7307);
#2184=VERTEX_POINT('',#7309);
#2185=VERTEX_POINT('',#7313);
#2186=VERTEX_POINT('',#7315);
#2187=VERTEX_POINT('',#7319);
#2188=VERTEX_POINT('',#7321);
#2189=VERTEX_POINT('',#7330);
#2190=VERTEX_POINT('',#7332);
#2191=VERTEX_POINT('',#7336);
#2192=VERTEX_POINT('',#7338);
#2193=VERTEX_POINT('',#7342);
#2194=VERTEX_POINT('',#7344);
#2195=VERTEX_POINT('',#7353);
#2196=VERTEX_POINT('',#7354);
#2197=VERTEX_POINT('',#7356);
#2198=VERTEX_POINT('',#7358);
#2199=VERTEX_POINT('',#7362);
#2200=VERTEX_POINT('',#7364);
#2201=VERTEX_POINT('',#7368);
#2202=VERTEX_POINT('',#7370);
#2203=VERTEX_POINT('',#7374);
#2204=VERTEX_POINT('',#7376);
#2205=VERTEX_POINT('',#7380);
#2206=VERTEX_POINT('',#7382);
#2207=VERTEX_POINT('',#7389);
#2208=VERTEX_POINT('',#7391);
#2209=VERTEX_POINT('',#7400);
#2210=VERTEX_POINT('',#7402);
#2211=VERTEX_POINT('',#7406);
#2212=VERTEX_POINT('',#7408);
#2213=VERTEX_POINT('',#7419);
#2214=VERTEX_POINT('',#7420);
#2215=VERTEX_POINT('',#7422);
#2216=VERTEX_POINT('',#7424);
#2217=VERTEX_POINT('',#7428);
#2218=VERTEX_POINT('',#7430);
#2219=VERTEX_POINT('',#7434);
#2220=VERTEX_POINT('',#7436);
#2221=VERTEX_POINT('',#7440);
#2222=VERTEX_POINT('',#7442);
#2223=VERTEX_POINT('',#7446);
#2224=VERTEX_POINT('',#7448);
#2225=VERTEX_POINT('',#7452);
#2226=VERTEX_POINT('',#7454);
#2227=VERTEX_POINT('',#7458);
#2228=VERTEX_POINT('',#7460);
#2229=VERTEX_POINT('',#7464);
#2230=VERTEX_POINT('',#7466);
#2231=VERTEX_POINT('',#7470);
#2232=VERTEX_POINT('',#7472);
#2233=VERTEX_POINT('',#7476);
#2234=VERTEX_POINT('',#7478);
#2235=VERTEX_POINT('',#7482);
#2236=VERTEX_POINT('',#7484);
#2237=VERTEX_POINT('',#7492);
#2238=VERTEX_POINT('',#7493);
#2239=VERTEX_POINT('',#7495);
#2240=VERTEX_POINT('',#7497);
#2241=VERTEX_POINT('',#7501);
#2242=VERTEX_POINT('',#7503);
#2243=VERTEX_POINT('',#7507);
#2244=VERTEX_POINT('',#7509);
#2245=VERTEX_POINT('',#7513);
#2246=VERTEX_POINT('',#7515);
#2247=VERTEX_POINT('',#7519);
#2248=VERTEX_POINT('',#7521);
#2249=VERTEX_POINT('',#7525);
#2250=VERTEX_POINT('',#7527);
#2251=VERTEX_POINT('',#7531);
#2252=VERTEX_POINT('',#7533);
#2253=VERTEX_POINT('',#7537);
#2254=VERTEX_POINT('',#7539);
#2255=VERTEX_POINT('',#7543);
#2256=VERTEX_POINT('',#7545);
#2257=VERTEX_POINT('',#7549);
#2258=VERTEX_POINT('',#7551);
#2259=VERTEX_POINT('',#7555);
#2260=VERTEX_POINT('',#7557);
#2261=VERTEX_POINT('',#7565);
#2262=VERTEX_POINT('',#7566);
#2263=VERTEX_POINT('',#7568);
#2264=VERTEX_POINT('',#7570);
#2265=VERTEX_POINT('',#7574);
#2266=VERTEX_POINT('',#7576);
#2267=VERTEX_POINT('',#7580);
#2268=VERTEX_POINT('',#7582);
#2269=VERTEX_POINT('',#7586);
#2270=VERTEX_POINT('',#7588);
#2271=VERTEX_POINT('',#7592);
#2272=VERTEX_POINT('',#7594);
#2273=VERTEX_POINT('',#7598);
#2274=VERTEX_POINT('',#7600);
#2275=VERTEX_POINT('',#7604);
#2276=VERTEX_POINT('',#7606);
#2277=VERTEX_POINT('',#7615);
#2278=VERTEX_POINT('',#7616);
#2279=VERTEX_POINT('',#7618);
#2280=VERTEX_POINT('',#7620);
#2281=VERTEX_POINT('',#7624);
#2282=VERTEX_POINT('',#7626);
#2283=VERTEX_POINT('',#7630);
#2284=VERTEX_POINT('',#7632);
#2285=VERTEX_POINT('',#7636);
#2286=VERTEX_POINT('',#7638);
#2287=VERTEX_POINT('',#7642);
#2288=VERTEX_POINT('',#7644);
#2289=VERTEX_POINT('',#7648);
#2290=VERTEX_POINT('',#7650);
#2291=VERTEX_POINT('',#7654);
#2292=VERTEX_POINT('',#7656);
#2293=VERTEX_POINT('',#7665);
#2294=VERTEX_POINT('',#7667);
#2295=VERTEX_POINT('',#7671);
#2296=VERTEX_POINT('',#7673);
#2297=VERTEX_POINT('',#7684);
#2298=VERTEX_POINT('',#7685);
#2299=VERTEX_POINT('',#7687);
#2300=VERTEX_POINT('',#7689);
#2301=VERTEX_POINT('',#7691);
#2302=VERTEX_POINT('',#7694);
#2303=VERTEX_POINT('',#7697);
#2304=VERTEX_POINT('',#7698);
#2305=VERTEX_POINT('',#7700);
#2306=VERTEX_POINT('',#7702);
#2307=VERTEX_POINT('',#7704);
#2308=VERTEX_POINT('',#7707);
#2309=VERTEX_POINT('',#7710);
#2310=VERTEX_POINT('',#7711);
#2311=VERTEX_POINT('',#7713);
#2312=VERTEX_POINT('',#7715);
#2313=VERTEX_POINT('',#7717);
#2314=VERTEX_POINT('',#7720);
#2315=VERTEX_POINT('',#7723);
#2316=VERTEX_POINT('',#7725);
#2317=VERTEX_POINT('',#7729);
#2318=VERTEX_POINT('',#7731);
#2319=VERTEX_POINT('',#7735);
#2320=VERTEX_POINT('',#7739);
#2321=VERTEX_POINT('',#7741);
#2322=VERTEX_POINT('',#7745);
#2323=VERTEX_POINT('',#7750);
#2324=VERTEX_POINT('',#7755);
#2325=VERTEX_POINT('',#7757);
#2326=VERTEX_POINT('',#7762);
#2327=VERTEX_POINT('',#7767);
#2328=VERTEX_POINT('',#7768);
#2329=VERTEX_POINT('',#7770);
#2330=VERTEX_POINT('',#7772);
#2331=VERTEX_POINT('',#7776);
#2332=VERTEX_POINT('',#7777);
#2333=VERTEX_POINT('',#7779);
#2334=VERTEX_POINT('',#7781);
#2335=VERTEX_POINT('',#7783);
#2336=VERTEX_POINT('',#7785);
#2337=VERTEX_POINT('',#7787);
#2338=VERTEX_POINT('',#7789);
#2339=VERTEX_POINT('',#7793);
#2340=VERTEX_POINT('',#7794);
#2341=VERTEX_POINT('',#7796);
#2342=VERTEX_POINT('',#7798);
#2343=VERTEX_POINT('',#7800);
#2344=VERTEX_POINT('',#7802);
#2345=VERTEX_POINT('',#7804);
#2346=VERTEX_POINT('',#7806);
#2347=VERTEX_POINT('',#7810);
#2348=VERTEX_POINT('',#7811);
#2349=VERTEX_POINT('',#7813);
#2350=VERTEX_POINT('',#7815);
#2351=VERTEX_POINT('',#7819);
#2352=VERTEX_POINT('',#7821);
#2353=VERTEX_POINT('',#7825);
#2354=VERTEX_POINT('',#7827);
#2355=VERTEX_POINT('',#7833);
#2356=VERTEX_POINT('',#7837);
#2357=VERTEX_POINT('',#7840);
#2358=VERTEX_POINT('',#7841);
#2359=VERTEX_POINT('',#7843);
#2360=VERTEX_POINT('',#7845);
#2361=VERTEX_POINT('',#7848);
#2362=VERTEX_POINT('',#7853);
#2363=VERTEX_POINT('',#7859);
#2364=VERTEX_POINT('',#7863);
#2365=VERTEX_POINT('',#7864);
#2366=VERTEX_POINT('',#7866);
#2367=VERTEX_POINT('',#7868);
#2368=VERTEX_POINT('',#7872);
#2369=VERTEX_POINT('',#7874);
#2370=VERTEX_POINT('',#7878);
#2371=VERTEX_POINT('',#7880);
#2372=VERTEX_POINT('',#7884);
#2373=VERTEX_POINT('',#7886);
#2374=VERTEX_POINT('',#7888);
#2375=VERTEX_POINT('',#7890);
#2376=VERTEX_POINT('',#7893);
#2377=VERTEX_POINT('',#7895);
#2378=VERTEX_POINT('',#7897);
#2379=VERTEX_POINT('',#7899);
#2380=VERTEX_POINT('',#7902);
#2381=VERTEX_POINT('',#7904);
#2382=VERTEX_POINT('',#7906);
#2383=VERTEX_POINT('',#7908);
#2384=VERTEX_POINT('',#7910);
#2385=VERTEX_POINT('',#7912);
#2386=VERTEX_POINT('',#7914);
#2387=VERTEX_POINT('',#7918);
#2388=VERTEX_POINT('',#7919);
#2389=VERTEX_POINT('',#7921);
#2390=VERTEX_POINT('',#7923);
#2391=VERTEX_POINT('',#7927);
#2392=VERTEX_POINT('',#7930);
#2393=VERTEX_POINT('',#7931);
#2394=VERTEX_POINT('',#7933);
#2395=VERTEX_POINT('',#7935);
#2396=VERTEX_POINT('',#7939);
#2397=VERTEX_POINT('',#7940);
#2398=VERTEX_POINT('',#7942);
#2399=VERTEX_POINT('',#7944);
#2400=VERTEX_POINT('',#7948);
#2401=VERTEX_POINT('',#7949);
#2402=VERTEX_POINT('',#7951);
#2403=VERTEX_POINT('',#7953);
#2404=VERTEX_POINT('',#7973);
#2405=VERTEX_POINT('',#7974);
#2406=VERTEX_POINT('',#7976);
#2407=VERTEX_POINT('',#7978);
#2408=VERTEX_POINT('',#7983);
#2409=VERTEX_POINT('',#7991);
#2410=VERTEX_POINT('',#7992);
#2411=VERTEX_POINT('',#7994);
#2412=VERTEX_POINT('',#7996);
#2413=VERTEX_POINT('',#8000);
#2414=VERTEX_POINT('',#8002);
#2415=VERTEX_POINT('',#8006);
#2416=VERTEX_POINT('',#8010);
#2417=VERTEX_POINT('',#8014);
#2418=VERTEX_POINT('',#8018);
#2419=VERTEX_POINT('',#8026);
#2420=VERTEX_POINT('',#8027);
#2421=VERTEX_POINT('',#8032);
#2422=VERTEX_POINT('',#8033);
#2423=VERTEX_POINT('',#8035);
#2424=VERTEX_POINT('',#8037);
#2425=VERTEX_POINT('',#8043);
#2426=VERTEX_POINT('',#8045);
#2427=VERTEX_POINT('',#8049);
#2428=VERTEX_POINT('',#8053);
#2429=VERTEX_POINT('',#8061);
#2430=VERTEX_POINT('',#8062);
#2431=VERTEX_POINT('',#8064);
#2432=VERTEX_POINT('',#8066);
#2433=VERTEX_POINT('',#8070);
#2434=VERTEX_POINT('',#8071);
#2435=VERTEX_POINT('',#8073);
#2436=VERTEX_POINT('',#8075);
#2437=VERTEX_POINT('',#8079);
#2438=VERTEX_POINT('',#8081);
#2439=VERTEX_POINT('',#8085);
#2440=VERTEX_POINT('',#8087);
#2441=VERTEX_POINT('',#8091);
#2442=VERTEX_POINT('',#8092);
#2443=VERTEX_POINT('',#8094);
#2444=VERTEX_POINT('',#8096);
#2445=VERTEX_POINT('',#8100);
#2446=VERTEX_POINT('',#8101);
#2447=VERTEX_POINT('',#8103);
#2448=VERTEX_POINT('',#8105);
#2449=VERTEX_POINT('',#8109);
#2450=VERTEX_POINT('',#8116);
#2451=VERTEX_POINT('',#8118);
#2452=VERTEX_POINT('',#8122);
#2453=VERTEX_POINT('',#8126);
#2454=VERTEX_POINT('',#8133);
#2455=VERTEX_POINT('',#8135);
#2456=VERTEX_POINT('',#8139);
#2457=VERTEX_POINT('',#8141);
#2458=VERTEX_POINT('',#8145);
#2459=VERTEX_POINT('',#8147);
#2460=VERTEX_POINT('',#8151);
#2461=VERTEX_POINT('',#8153);
#2462=VERTEX_POINT('',#8157);
#2463=VERTEX_POINT('',#8159);
#2464=VERTEX_POINT('',#8163);
#2465=VERTEX_POINT('',#8165);
#2466=VERTEX_POINT('',#8169);
#2467=VERTEX_POINT('',#8170);
#2468=VERTEX_POINT('',#8173);
#2469=VERTEX_POINT('',#8175);
#2470=VERTEX_POINT('',#8180);
#2471=VERTEX_POINT('',#8182);
#2472=VERTEX_POINT('',#8186);
#2473=VERTEX_POINT('',#8188);
#2474=VERTEX_POINT('',#8192);
#2475=VERTEX_POINT('',#8194);
#2476=VERTEX_POINT('',#8198);
#2477=VERTEX_POINT('',#8199);
#2478=VERTEX_POINT('',#8204);
#2479=VERTEX_POINT('',#8206);
#2480=VERTEX_POINT('',#8210);
#2481=VERTEX_POINT('',#8212);
#2482=VERTEX_POINT('',#8217);
#2483=VERTEX_POINT('',#8223);
#2484=VERTEX_POINT('',#8227);
#2485=VERTEX_POINT('',#8228);
#2486=VERTEX_POINT('',#8235);
#2487=VERTEX_POINT('',#8237);
#2488=VERTEX_POINT('',#8241);
#2489=VERTEX_POINT('',#8243);
#2490=VERTEX_POINT('',#8249);
#2491=VERTEX_POINT('',#8269);
#2492=VERTEX_POINT('',#8270);
#2493=VERTEX_POINT('',#8272);
#2494=VERTEX_POINT('',#8274);
#2495=VERTEX_POINT('',#8276);
#2496=VERTEX_POINT('',#8278);
#2497=VERTEX_POINT('',#8282);
#2498=VERTEX_POINT('',#8283);
#2499=VERTEX_POINT('',#8285);
#2500=VERTEX_POINT('',#8287);
#2501=VERTEX_POINT('',#8289);
#2502=VERTEX_POINT('',#8291);
#2503=VERTEX_POINT('',#8295);
#2504=VERTEX_POINT('',#8297);
#2505=VERTEX_POINT('',#8301);
#2506=VERTEX_POINT('',#8303);
#2507=VERTEX_POINT('',#8310);
#2508=VERTEX_POINT('',#8313);
#2509=VERTEX_POINT('',#8315);
#2510=VERTEX_POINT('',#8316);
#2511=VERTEX_POINT('',#8318);
#2512=VERTEX_POINT('',#8320);
#2513=VERTEX_POINT('',#8322);
#2514=VERTEX_POINT('',#8324);
#2515=VERTEX_POINT('',#8326);
#2516=VERTEX_POINT('',#8328);
#2517=VERTEX_POINT('',#8330);
#2518=VERTEX_POINT('',#8332);
#2519=VERTEX_POINT('',#8334);
#2520=VERTEX_POINT('',#8336);
#2521=VERTEX_POINT('',#8338);
#2522=VERTEX_POINT('',#8340);
#2523=VERTEX_POINT('',#8342);
#2524=VERTEX_POINT('',#8344);
#2525=VERTEX_POINT('',#8346);
#2526=VERTEX_POINT('',#8348);
#2527=VERTEX_POINT('',#8350);
#2528=VERTEX_POINT('',#8352);
#2529=VERTEX_POINT('',#8354);
#2530=VERTEX_POINT('',#8356);
#2531=VERTEX_POINT('',#8358);
#2532=VERTEX_POINT('',#8360);
#2533=VERTEX_POINT('',#8362);
#2534=VERTEX_POINT('',#8364);
#2535=VERTEX_POINT('',#8366);
#2536=VERTEX_POINT('',#8368);
#2537=VERTEX_POINT('',#8370);
#2538=VERTEX_POINT('',#8372);
#2539=VERTEX_POINT('',#8374);
#2540=VERTEX_POINT('',#8376);
#2541=VERTEX_POINT('',#8379);
#2542=VERTEX_POINT('',#8380);
#2543=VERTEX_POINT('',#8382);
#2544=VERTEX_POINT('',#8384);
#2545=VERTEX_POINT('',#8388);
#2546=VERTEX_POINT('',#8390);
#2547=VERTEX_POINT('',#8394);
#2548=VERTEX_POINT('',#8398);
#2549=VERTEX_POINT('',#8405);
#2550=VERTEX_POINT('',#8407);
#2551=VERTEX_POINT('',#8411);
#2552=VERTEX_POINT('',#8415);
#2553=VERTEX_POINT('',#8419);
#2554=VERTEX_POINT('',#8423);
#2555=VERTEX_POINT('',#8427);
#2556=VERTEX_POINT('',#8431);
#2557=VERTEX_POINT('',#8435);
#2558=VERTEX_POINT('',#8439);
#2559=VERTEX_POINT('',#8443);
#2560=VERTEX_POINT('',#8447);
#2561=VERTEX_POINT('',#8451);
#2562=VERTEX_POINT('',#8455);
#2563=VERTEX_POINT('',#8459);
#2564=VERTEX_POINT('',#8463);
#2565=VERTEX_POINT('',#8467);
#2566=VERTEX_POINT('',#8471);
#2567=VERTEX_POINT('',#8475);
#2568=VERTEX_POINT('',#8479);
#2569=VERTEX_POINT('',#8483);
#2570=VERTEX_POINT('',#8487);
#2571=VERTEX_POINT('',#8491);
#2572=VERTEX_POINT('',#8495);
#2573=VERTEX_POINT('',#8499);
#2574=VERTEX_POINT('',#8503);
#2575=VERTEX_POINT('',#8507);
#2576=VERTEX_POINT('',#8511);
#2577=VERTEX_POINT('',#8515);
#2578=VERTEX_POINT('',#8519);
#2579=VERTEX_POINT('',#8523);
#2580=VERTEX_POINT('',#8527);
#2581=VERTEX_POINT('',#8534);
#2582=VERTEX_POINT('',#8536);
#2583=VERTEX_POINT('',#8540);
#2584=VERTEX_POINT('',#8545);
#2585=VERTEX_POINT('',#8551);
#2586=VERTEX_POINT('',#8555);
#2587=VERTEX_POINT('',#8562);
#2588=VERTEX_POINT('',#8564);
#2589=VERTEX_POINT('',#8568);
#2590=VERTEX_POINT('',#8571);
#2591=VERTEX_POINT('',#8573);
#2592=VERTEX_POINT('',#8577);
#2593=VERTEX_POINT('',#8580);
#2594=VERTEX_POINT('',#8582);
#2595=VERTEX_POINT('',#8586);
#2596=VERTEX_POINT('',#8589);
#2597=VERTEX_POINT('',#8591);
#2598=VERTEX_POINT('',#8595);
#2599=VERTEX_POINT('',#8598);
#2600=VERTEX_POINT('',#8599);
#2601=VERTEX_POINT('',#8601);
#2602=VERTEX_POINT('',#8603);
#2603=VERTEX_POINT('',#8607);
#2604=VERTEX_POINT('',#8608);
#2605=VERTEX_POINT('',#8610);
#2606=VERTEX_POINT('',#8612);
#2607=VERTEX_POINT('',#8616);
#2608=VERTEX_POINT('',#8617);
#2609=VERTEX_POINT('',#8619);
#2610=VERTEX_POINT('',#8621);
#2611=VERTEX_POINT('',#8625);
#2612=VERTEX_POINT('',#8626);
#2613=VERTEX_POINT('',#8628);
#2614=VERTEX_POINT('',#8630);
#2615=VERTEX_POINT('',#8638);
#2616=VERTEX_POINT('',#8640);
#2617=VERTEX_POINT('',#8641);
#2618=VERTEX_POINT('',#8643);
#2619=VERTEX_POINT('',#8645);
#2620=VERTEX_POINT('',#8648);
#2621=VERTEX_POINT('',#8650);
#2622=VERTEX_POINT('',#8652);
#2623=VERTEX_POINT('',#8654);
#2624=VERTEX_POINT('',#8656);
#2625=VERTEX_POINT('',#8657);
#2626=VERTEX_POINT('',#8659);
#2627=VERTEX_POINT('',#8661);
#2628=VERTEX_POINT('',#8664);
#2629=VERTEX_POINT('',#8666);
#2630=VERTEX_POINT('',#8667);
#2631=VERTEX_POINT('',#8669);
#2632=VERTEX_POINT('',#8671);
#2633=VERTEX_POINT('',#8674);
#2634=VERTEX_POINT('',#8675);
#2635=VERTEX_POINT('',#8677);
#2636=VERTEX_POINT('',#8679);
#2637=VERTEX_POINT('',#8682);
#2638=VERTEX_POINT('',#8684);
#2639=VERTEX_POINT('',#8686);
#2640=VERTEX_POINT('',#8687);
#2641=VERTEX_POINT('',#8689);
#2642=VERTEX_POINT('',#8691);
#2643=VERTEX_POINT('',#8694);
#2644=VERTEX_POINT('',#8696);
#2645=VERTEX_POINT('',#8703);
#2646=VERTEX_POINT('',#8705);
#2647=VERTEX_POINT('',#8706);
#2648=VERTEX_POINT('',#8708);
#2649=VERTEX_POINT('',#8710);
#2650=VERTEX_POINT('',#8713);
#2651=VERTEX_POINT('',#8715);
#2652=VERTEX_POINT('',#8717);
#2653=VERTEX_POINT('',#8718);
#2654=VERTEX_POINT('',#8720);
#2655=VERTEX_POINT('',#8722);
#2656=VERTEX_POINT('',#8725);
#2657=VERTEX_POINT('',#8727);
#2658=VERTEX_POINT('',#8728);
#2659=VERTEX_POINT('',#8730);
#2660=VERTEX_POINT('',#8732);
#2661=VERTEX_POINT('',#8735);
#2662=VERTEX_POINT('',#8736);
#2663=VERTEX_POINT('',#8738);
#2664=VERTEX_POINT('',#8740);
#2665=VERTEX_POINT('',#8743);
#2666=VERTEX_POINT('',#8745);
#2667=VERTEX_POINT('',#8746);
#2668=VERTEX_POINT('',#8748);
#2669=VERTEX_POINT('',#8750);
#2670=VERTEX_POINT('',#8753);
#2671=EDGE_CURVE('',#2173,#2174,#831,.T.);
#2672=EDGE_CURVE('',#2173,#2175,#832,.T.);
#2673=EDGE_CURVE('',#2175,#2176,#833,.T.);
#2674=EDGE_CURVE('',#2174,#2176,#834,.T.);
#2675=EDGE_CURVE('',#2177,#2173,#835,.T.);
#2676=EDGE_CURVE('',#2177,#2178,#836,.T.);
#2677=EDGE_CURVE('',#2178,#2175,#837,.T.);
#2678=EDGE_CURVE('',#2179,#2177,#838,.T.);
#2679=EDGE_CURVE('',#2179,#2180,#839,.T.);
#2680=EDGE_CURVE('',#2180,#2178,#840,.T.);
#2681=EDGE_CURVE('',#2174,#2179,#841,.T.);
#2682=EDGE_CURVE('',#2176,#2180,#842,.T.);
#2683=EDGE_CURVE('',#2179,#2180,#843,.T.);
#2684=EDGE_CURVE('',#2181,#2182,#844,.T.);
#2685=EDGE_CURVE('',#2181,#2183,#845,.T.);
#2686=EDGE_CURVE('',#2183,#2184,#846,.T.);
#2687=EDGE_CURVE('',#2182,#2184,#847,.T.);
#2688=EDGE_CURVE('',#2185,#2181,#848,.T.);
#2689=EDGE_CURVE('',#2185,#2186,#849,.T.);
#2690=EDGE_CURVE('',#2186,#2183,#850,.T.);
#2691=EDGE_CURVE('',#2187,#2185,#851,.T.);
#2692=EDGE_CURVE('',#2187,#2188,#852,.T.);
#2693=EDGE_CURVE('',#2188,#2186,#853,.T.);
#2694=EDGE_CURVE('',#2182,#2187,#854,.T.);
#2695=EDGE_CURVE('',#2184,#2188,#855,.T.);
#2696=EDGE_CURVE('',#2187,#2188,#856,.T.);
#2697=EDGE_CURVE('',#2187,#2189,#857,.T.);
#2698=EDGE_CURVE('',#2188,#2190,#858,.T.);
#2699=EDGE_CURVE('',#2189,#2190,#859,.T.);
#2700=EDGE_CURVE('',#2191,#2187,#860,.T.);
#2701=EDGE_CURVE('',#2191,#2192,#861,.T.);
#2702=EDGE_CURVE('',#2192,#2188,#862,.T.);
#2703=EDGE_CURVE('',#2193,#2191,#863,.T.);
#2704=EDGE_CURVE('',#2193,#2194,#864,.T.);
#2705=EDGE_CURVE('',#2194,#2192,#865,.T.);
#2706=EDGE_CURVE('',#2189,#2193,#866,.T.);
#2707=EDGE_CURVE('',#2190,#2194,#867,.T.);
#2708=EDGE_CURVE('',#2193,#2194,#868,.T.);
#2709=EDGE_CURVE('',#2195,#2196,#869,.T.);
#2710=EDGE_CURVE('',#2195,#2197,#870,.T.);
#2711=EDGE_CURVE('',#2197,#2198,#871,.T.);
#2712=EDGE_CURVE('',#2196,#2198,#872,.T.);
#2713=EDGE_CURVE('',#2199,#2195,#873,.T.);
#2714=EDGE_CURVE('',#2199,#2200,#874,.T.);
#2715=EDGE_CURVE('',#2200,#2197,#875,.T.);
#2716=EDGE_CURVE('',#2201,#2199,#876,.T.);
#2717=EDGE_CURVE('',#2201,#2202,#877,.T.);
#2718=EDGE_CURVE('',#2202,#2200,#878,.T.);
#2719=EDGE_CURVE('',#2203,#2201,#879,.T.);
#2720=EDGE_CURVE('',#2203,#2204,#880,.T.);
#2721=EDGE_CURVE('',#2204,#2202,#881,.T.);
#2722=EDGE_CURVE('',#2205,#2203,#882,.T.);
#2723=EDGE_CURVE('',#2205,#2206,#883,.T.);
#2724=EDGE_CURVE('',#2206,#2204,#884,.T.);
#2725=EDGE_CURVE('',#2193,#2205,#885,.T.);
#2726=EDGE_CURVE('',#2194,#2206,#886,.T.);
#2727=EDGE_CURVE('',#2207,#2193,#887,.T.);
#2728=EDGE_CURVE('',#2207,#2208,#888,.T.);
#2729=EDGE_CURVE('',#2208,#2194,#889,.T.);
#2730=EDGE_CURVE('',#2196,#2207,#890,.T.);
#2731=EDGE_CURVE('',#2198,#2208,#891,.T.);
#2732=EDGE_CURVE('',#2207,#2208,#892,.T.);
#2733=EDGE_CURVE('',#2207,#2209,#893,.T.);
#2734=EDGE_CURVE('',#2208,#2210,#894,.T.);
#2735=EDGE_CURVE('',#2209,#2210,#895,.T.);
#2736=EDGE_CURVE('',#2211,#2207,#896,.T.);
#2737=EDGE_CURVE('',#2211,#2212,#897,.T.);
#2738=EDGE_CURVE('',#2212,#2208,#898,.T.);
#2739=EDGE_CURVE('',#2179,#2211,#899,.T.);
#2740=EDGE_CURVE('',#2180,#2212,#900,.T.);
#2741=EDGE_CURVE('',#2209,#2179,#901,.T.);
#2742=EDGE_CURVE('',#2210,#2180,#902,.T.);
#2743=EDGE_CURVE('',#2213,#2214,#903,.T.);
#2744=EDGE_CURVE('',#2213,#2215,#904,.T.);
#2745=EDGE_CURVE('',#2215,#2216,#905,.T.);
#2746=EDGE_CURVE('',#2214,#2216,#906,.T.);
#2747=EDGE_CURVE('',#2217,#2213,#907,.T.);
#2748=EDGE_CURVE('',#2217,#2218,#908,.T.);
#2749=EDGE_CURVE('',#2218,#2215,#909,.T.);
#2750=EDGE_CURVE('',#2219,#2217,#910,.T.);
#2751=EDGE_CURVE('',#2219,#2220,#911,.T.);
#2752=EDGE_CURVE('',#2220,#2218,#912,.T.);
#2753=EDGE_CURVE('',#2221,#2219,#913,.T.);
#2754=EDGE_CURVE('',#2221,#2222,#914,.T.);
#2755=EDGE_CURVE('',#2222,#2220,#915,.T.);
#2756=EDGE_CURVE('',#2223,#2221,#916,.T.);
#2757=EDGE_CURVE('',#2223,#2224,#917,.T.);
#2758=EDGE_CURVE('',#2224,#2222,#918,.T.);
#2759=EDGE_CURVE('',#2225,#2223,#919,.T.);
#2760=EDGE_CURVE('',#2225,#2226,#920,.T.);
#2761=EDGE_CURVE('',#2226,#2224,#921,.T.);
#2762=EDGE_CURVE('',#2227,#2225,#922,.T.);
#2763=EDGE_CURVE('',#2227,#2228,#923,.T.);
#2764=EDGE_CURVE('',#2228,#2226,#924,.T.);
#2765=EDGE_CURVE('',#2229,#2227,#925,.T.);
#2766=EDGE_CURVE('',#2229,#2230,#926,.T.);
#2767=EDGE_CURVE('',#2230,#2228,#927,.T.);
#2768=EDGE_CURVE('',#2231,#2229,#928,.T.);
#2769=EDGE_CURVE('',#2231,#2232,#929,.T.);
#2770=EDGE_CURVE('',#2232,#2230,#930,.T.);
#2771=EDGE_CURVE('',#2233,#2231,#931,.T.);
#2772=EDGE_CURVE('',#2233,#2234,#932,.T.);
#2773=EDGE_CURVE('',#2234,#2232,#933,.T.);
#2774=EDGE_CURVE('',#2235,#2233,#934,.T.);
#2775=EDGE_CURVE('',#2235,#2236,#935,.T.);
#2776=EDGE_CURVE('',#2236,#2234,#936,.T.);
#2777=EDGE_CURVE('',#2214,#2235,#937,.T.);
#2778=EDGE_CURVE('',#2216,#2236,#938,.T.);
#2779=EDGE_CURVE('',#2237,#2238,#939,.T.);
#2780=EDGE_CURVE('',#2237,#2239,#940,.T.);
#2781=EDGE_CURVE('',#2239,#2240,#941,.T.);
#2782=EDGE_CURVE('',#2238,#2240,#942,.T.);
#2783=EDGE_CURVE('',#2241,#2237,#943,.T.);
#2784=EDGE_CURVE('',#2241,#2242,#944,.T.);
#2785=EDGE_CURVE('',#2242,#2239,#945,.T.);
#2786=EDGE_CURVE('',#2243,#2241,#946,.T.);
#2787=EDGE_CURVE('',#2243,#2244,#947,.T.);
#2788=EDGE_CURVE('',#2244,#2242,#948,.T.);
#2789=EDGE_CURVE('',#2245,#2243,#949,.T.);
#2790=EDGE_CURVE('',#2245,#2246,#950,.T.);
#2791=EDGE_CURVE('',#2246,#2244,#951,.T.);
#2792=EDGE_CURVE('',#2247,#2245,#952,.T.);
#2793=EDGE_CURVE('',#2247,#2248,#953,.T.);
#2794=EDGE_CURVE('',#2248,#2246,#954,.T.);
#2795=EDGE_CURVE('',#2249,#2247,#955,.T.);
#2796=EDGE_CURVE('',#2249,#2250,#956,.T.);
#2797=EDGE_CURVE('',#2250,#2248,#957,.T.);
#2798=EDGE_CURVE('',#2251,#2249,#958,.T.);
#2799=EDGE_CURVE('',#2251,#2252,#959,.T.);
#2800=EDGE_CURVE('',#2252,#2250,#960,.T.);
#2801=EDGE_CURVE('',#2253,#2251,#961,.T.);
#2802=EDGE_CURVE('',#2253,#2254,#962,.T.);
#2803=EDGE_CURVE('',#2254,#2252,#963,.T.);
#2804=EDGE_CURVE('',#2255,#2253,#964,.T.);
#2805=EDGE_CURVE('',#2255,#2256,#965,.T.);
#2806=EDGE_CURVE('',#2256,#2254,#966,.T.);
#2807=EDGE_CURVE('',#2257,#2255,#967,.T.);
#2808=EDGE_CURVE('',#2257,#2258,#968,.T.);
#2809=EDGE_CURVE('',#2258,#2256,#969,.T.);
#2810=EDGE_CURVE('',#2259,#2257,#970,.T.);
#2811=EDGE_CURVE('',#2259,#2260,#971,.T.);
#2812=EDGE_CURVE('',#2260,#2258,#972,.T.);
#2813=EDGE_CURVE('',#2238,#2259,#973,.T.);
#2814=EDGE_CURVE('',#2240,#2260,#974,.T.);
#2815=EDGE_CURVE('',#2261,#2262,#975,.T.);
#2816=EDGE_CURVE('',#2261,#2263,#976,.T.);
#2817=EDGE_CURVE('',#2263,#2264,#977,.T.);
#2818=EDGE_CURVE('',#2262,#2264,#978,.T.);
#2819=EDGE_CURVE('',#2265,#2261,#979,.T.);
#2820=EDGE_CURVE('',#2265,#2266,#980,.T.);
#2821=EDGE_CURVE('',#2266,#2263,#981,.T.);
#2822=EDGE_CURVE('',#2267,#2265,#982,.T.);
#2823=EDGE_CURVE('',#2267,#2268,#983,.T.);
#2824=EDGE_CURVE('',#2268,#2266,#984,.T.);
#2825=EDGE_CURVE('',#2269,#2267,#985,.T.);
#2826=EDGE_CURVE('',#2269,#2270,#986,.T.);
#2827=EDGE_CURVE('',#2270,#2268,#987,.T.);
#2828=EDGE_CURVE('',#2271,#2269,#988,.T.);
#2829=EDGE_CURVE('',#2271,#2272,#989,.T.);
#2830=EDGE_CURVE('',#2272,#2270,#990,.T.);
#2831=EDGE_CURVE('',#2273,#2271,#991,.T.);
#2832=EDGE_CURVE('',#2273,#2274,#992,.T.);
#2833=EDGE_CURVE('',#2274,#2272,#993,.T.);
#2834=EDGE_CURVE('',#2275,#2273,#994,.T.);
#2835=EDGE_CURVE('',#2275,#2276,#995,.T.);
#2836=EDGE_CURVE('',#2276,#2274,#996,.T.);
#2837=EDGE_CURVE('',#2262,#2275,#997,.T.);
#2838=EDGE_CURVE('',#2262,#2264,#998,.T.);
#2839=EDGE_CURVE('',#2264,#2276,#999,.T.);
#2840=EDGE_CURVE('',#2277,#2278,#1000,.T.);
#2841=EDGE_CURVE('',#2277,#2279,#1001,.T.);
#2842=EDGE_CURVE('',#2279,#2280,#1002,.T.);
#2843=EDGE_CURVE('',#2278,#2280,#1003,.T.);
#2844=EDGE_CURVE('',#2281,#2277,#1004,.T.);
#2845=EDGE_CURVE('',#2281,#2282,#1005,.T.);
#2846=EDGE_CURVE('',#2282,#2279,#1006,.T.);
#2847=EDGE_CURVE('',#2283,#2281,#1007,.T.);
#2848=EDGE_CURVE('',#2283,#2284,#1008,.T.);
#2849=EDGE_CURVE('',#2284,#2282,#1009,.T.);
#2850=EDGE_CURVE('',#2285,#2283,#1010,.T.);
#2851=EDGE_CURVE('',#2285,#2286,#1011,.T.);
#2852=EDGE_CURVE('',#2286,#2284,#1012,.T.);
#2853=EDGE_CURVE('',#2287,#2285,#1013,.T.);
#2854=EDGE_CURVE('',#2287,#2288,#1014,.T.);
#2855=EDGE_CURVE('',#2288,#2286,#1015,.T.);
#2856=EDGE_CURVE('',#2289,#2287,#1016,.T.);
#2857=EDGE_CURVE('',#2289,#2290,#1017,.T.);
#2858=EDGE_CURVE('',#2290,#2288,#1018,.T.);
#2859=EDGE_CURVE('',#2291,#2289,#1019,.T.);
#2860=EDGE_CURVE('',#2291,#2292,#1020,.T.);
#2861=EDGE_CURVE('',#2292,#2290,#1021,.T.);
#2862=EDGE_CURVE('',#2278,#2291,#1022,.T.);
#2863=EDGE_CURVE('',#2280,#2292,#1023,.T.);
#2864=EDGE_CURVE('',#2291,#2292,#1024,.T.);
#2865=EDGE_CURVE('',#2293,#2291,#1025,.T.);
#2866=EDGE_CURVE('',#2293,#2294,#1026,.T.);
#2867=EDGE_CURVE('',#2294,#2292,#1027,.T.);
#2868=EDGE_CURVE('',#2295,#2293,#1028,.T.);
#2869=EDGE_CURVE('',#2295,#2296,#1029,.T.);
#2870=EDGE_CURVE('',#2296,#2294,#1030,.T.);
#2871=EDGE_CURVE('',#2262,#2295,#1031,.T.);
#2872=EDGE_CURVE('',#2264,#2296,#1032,.T.);
#2873=EDGE_CURVE('',#2291,#2262,#1033,.T.);
#2874=EDGE_CURVE('',#2292,#2264,#1034,.T.);
#2875=EDGE_CURVE('',#2297,#2298,#1035,.T.);
#2876=EDGE_CURVE('',#2299,#2297,#1036,.T.);
#2877=EDGE_CURVE('',#2300,#2299,#1037,.T.);
#2878=EDGE_CURVE('',#2301,#2300,#121,.T.);
#2879=EDGE_CURVE('',#2298,#2301,#1038,.T.);
#2880=EDGE_CURVE('',#2302,#2302,#122,.T.);
#2881=EDGE_CURVE('',#2303,#2304,#123,.T.);
#2882=EDGE_CURVE('',#2305,#2303,#1039,.T.);
#2883=EDGE_CURVE('',#2306,#2305,#1040,.T.);
#2884=EDGE_CURVE('',#2307,#2306,#1041,.T.);
#2885=EDGE_CURVE('',#2304,#2307,#1042,.T.);
#2886=EDGE_CURVE('',#2308,#2308,#124,.T.);
#2887=EDGE_CURVE('',#2309,#2310,#1043,.T.);
#2888=EDGE_CURVE('',#2311,#2309,#125,.T.);
#2889=EDGE_CURVE('',#2312,#2311,#1044,.T.);
#2890=EDGE_CURVE('',#2313,#2312,#1045,.T.);
#2891=EDGE_CURVE('',#2310,#2313,#1046,.T.);
#2892=EDGE_CURVE('',#2314,#2314,#126,.T.);
#2893=EDGE_CURVE('',#2315,#2301,#1047,.T.);
#2894=EDGE_CURVE('',#2316,#2315,#1048,.T.);
#2895=EDGE_CURVE('',#2316,#2298,#1049,.T.);
#2896=EDGE_CURVE('',#2317,#2303,#1050,.T.);
#2897=EDGE_CURVE('',#2318,#2317,#1051,.T.);
#2898=EDGE_CURVE('',#2305,#2318,#1052,.T.);
#2899=EDGE_CURVE('',#2304,#2319,#1053,.T.);
#2900=EDGE_CURVE('',#2319,#2317,#127,.F.);
#2901=EDGE_CURVE('',#2320,#2311,#1054,.T.);
#2902=EDGE_CURVE('',#2321,#2320,#1055,.T.);
#2903=EDGE_CURVE('',#2321,#2312,#1056,.T.);
#2904=EDGE_CURVE('',#2322,#2322,#128,.T.);
#2905=EDGE_CURVE('',#2322,#2308,#1057,.T.);
#2906=EDGE_CURVE('',#2323,#2323,#129,.T.);
#2907=EDGE_CURVE('',#2323,#2314,#1058,.T.);
#2908=EDGE_CURVE('',#2324,#2324,#130,.T.);
#2909=EDGE_CURVE('',#2324,#2325,#1059,.T.);
#2910=EDGE_CURVE('',#2325,#2325,#131,.T.);
#2911=EDGE_CURVE('',#2326,#2326,#132,.T.);
#2912=EDGE_CURVE('',#2326,#2302,#1060,.T.);
#2913=EDGE_CURVE('',#2327,#2328,#133,.T.);
#2914=EDGE_CURVE('',#2329,#2327,#1061,.T.);
#2915=EDGE_CURVE('',#2330,#2329,#134,.T.);
#2916=EDGE_CURVE('',#2330,#2328,#1062,.T.);
#2917=EDGE_CURVE('',#2331,#2332,#135,.T.);
#2918=EDGE_CURVE('',#2333,#2331,#1063,.T.);
#2919=EDGE_CURVE('',#2334,#2333,#136,.T.);
#2920=EDGE_CURVE('',#2335,#2334,#1064,.T.);
#2921=EDGE_CURVE('',#2336,#2335,#137,.T.);
#2922=EDGE_CURVE('',#2337,#2336,#1065,.T.);
#2923=EDGE_CURVE('',#2338,#2337,#138,.T.);
#2924=EDGE_CURVE('',#2338,#2332,#1066,.T.);
#2925=EDGE_CURVE('',#2339,#2340,#139,.T.);
#2926=EDGE_CURVE('',#2341,#2339,#1067,.T.);
#2927=EDGE_CURVE('',#2342,#2341,#140,.T.);
#2928=EDGE_CURVE('',#2343,#2342,#1068,.T.);
#2929=EDGE_CURVE('',#2344,#2343,#141,.T.);
#2930=EDGE_CURVE('',#2345,#2344,#1069,.T.);
#2931=EDGE_CURVE('',#2346,#2345,#142,.T.);
#2932=EDGE_CURVE('',#2346,#2340,#1070,.T.);
#2933=EDGE_CURVE('',#2347,#2348,#143,.T.);
#2934=EDGE_CURVE('',#2347,#2349,#1071,.T.);
#2935=EDGE_CURVE('',#2350,#2349,#144,.T.);
#2936=EDGE_CURVE('',#2348,#2350,#1072,.T.);
#2937=EDGE_CURVE('',#2334,#2351,#1073,.T.);
#2938=EDGE_CURVE('',#2351,#2352,#1074,.T.);
#2939=EDGE_CURVE('',#2335,#2352,#1075,.T.);
#2940=EDGE_CURVE('',#2353,#2342,#1076,.T.);
#2941=EDGE_CURVE('',#2353,#2354,#1077,.T.);
#2942=EDGE_CURVE('',#2354,#2343,#1078,.T.);
#2943=EDGE_CURVE('',#2341,#2330,#1079,.T.);
#2944=EDGE_CURVE('',#2328,#2339,#1080,.T.);
#2945=EDGE_CURVE('',#2355,#2355,#145,.T.);
#2946=EDGE_CURVE('',#2346,#2333,#1081,.T.);
#2947=EDGE_CURVE('',#2345,#2356,#1082,.T.);
#2948=EDGE_CURVE('',#2356,#2351,#1083,.T.);
#2949=EDGE_CURVE('',#2357,#2358,#1084,.T.);
#2950=EDGE_CURVE('',#2359,#2358,#1085,.T.);
#2951=EDGE_CURVE('',#2359,#2360,#1086,.T.);
#2952=EDGE_CURVE('',#2357,#2360,#1087,.T.);
#2953=EDGE_CURVE('',#2361,#2361,#146,.T.);
#2954=EDGE_CURVE('',#2329,#2347,#1088,.T.);
#2955=EDGE_CURVE('',#2348,#2338,#1089,.T.);
#2956=EDGE_CURVE('',#2337,#2362,#1090,.T.);
#2957=EDGE_CURVE('',#2362,#2353,#1091,.T.);
#2958=EDGE_CURVE('',#2332,#2350,#1092,.T.);
#2959=EDGE_CURVE('',#2355,#2363,#1093,.T.);
#2960=EDGE_CURVE('',#2363,#2363,#147,.T.);
#2961=EDGE_CURVE('',#2364,#2365,#1094,.T.);
#2962=EDGE_CURVE('',#2366,#2364,#1095,.T.);
#2963=EDGE_CURVE('',#2367,#2366,#1096,.T.);
#2964=EDGE_CURVE('',#2367,#2365,#1097,.T.);
#2965=EDGE_CURVE('',#2365,#2368,#1098,.T.);
#2966=EDGE_CURVE('',#2369,#2367,#1099,.T.);
#2967=EDGE_CURVE('',#2369,#2368,#1100,.T.);
#2968=EDGE_CURVE('',#2368,#2370,#1101,.T.);
#2969=EDGE_CURVE('',#2371,#2369,#1102,.T.);
#2970=EDGE_CURVE('',#2371,#2370,#1103,.T.);
#2971=EDGE_CURVE('',#2364,#2372,#1104,.T.);
#2972=EDGE_CURVE('',#2372,#2373,#1105,.T.);
#2973=EDGE_CURVE('',#2373,#2374,#1106,.T.);
#2974=EDGE_CURVE('',#2374,#2375,#1107,.T.);
#2975=EDGE_CURVE('',#2375,#2316,#1108,.T.);
#2976=EDGE_CURVE('',#2315,#2376,#148,.T.);
#2977=EDGE_CURVE('',#2376,#2377,#1109,.T.);
#2978=EDGE_CURVE('',#2377,#2378,#1110,.T.);
#2979=EDGE_CURVE('',#2378,#2379,#1111,.T.);
#2980=EDGE_CURVE('',#2379,#2321,#1112,.T.);
#2981=EDGE_CURVE('',#2320,#2380,#149,.T.);
#2982=EDGE_CURVE('',#2380,#2381,#1113,.T.);
#2983=EDGE_CURVE('',#2381,#2382,#1114,.T.);
#2984=EDGE_CURVE('',#2382,#2383,#1115,.T.);
#2985=EDGE_CURVE('',#2383,#2384,#1116,.T.);
#2986=EDGE_CURVE('',#2384,#2385,#1117,.T.);
#2987=EDGE_CURVE('',#2385,#2386,#1118,.T.);
#2988=EDGE_CURVE('',#2386,#2370,#1119,.T.);
#2989=EDGE_CURVE('',#2366,#2371,#1120,.T.);
#2990=EDGE_CURVE('',#2387,#2388,#1121,.T.);
#2991=EDGE_CURVE('',#2388,#2389,#1122,.T.);
#2992=EDGE_CURVE('',#2389,#2390,#1123,.T.);
#2993=EDGE_CURVE('',#2390,#2387,#1124,.T.);
#2994=EDGE_CURVE('',#2391,#2391,#150,.T.);
#2995=EDGE_CURVE('',#2392,#2393,#1125,.T.);
#2996=EDGE_CURVE('',#2393,#2394,#1126,.T.);
#2997=EDGE_CURVE('',#2394,#2395,#1127,.T.);
#2998=EDGE_CURVE('',#2395,#2392,#1128,.T.);
#2999=EDGE_CURVE('',#2396,#2397,#1129,.T.);
#3000=EDGE_CURVE('',#2398,#2397,#1130,.T.);
#3001=EDGE_CURVE('',#2399,#2398,#1131,.T.);
#3002=EDGE_CURVE('',#2396,#2399,#1132,.T.);
#3003=EDGE_CURVE('',#2400,#2401,#1133,.T.);
#3004=EDGE_CURVE('',#2402,#2401,#1134,.T.);
#3005=EDGE_CURVE('',#2403,#2402,#1135,.T.);
#3006=EDGE_CURVE('',#2400,#2403,#1136,.T.);
#3007=EDGE_CURVE('',#2387,#2403,#1137,.T.);
#3008=EDGE_CURVE('',#2390,#2400,#1138,.T.);
#3009=EDGE_CURVE('',#2389,#2397,#1139,.T.);
#3010=EDGE_CURVE('',#2388,#2398,#1140,.T.);
#3011=EDGE_CURVE('',#2393,#2402,#1141,.T.);
#3012=EDGE_CURVE('',#2399,#2392,#1142,.T.);
#3013=EDGE_CURVE('',#2373,#2401,#1143,.T.);
#3014=EDGE_CURVE('',#2372,#2394,#1144,.T.);
#3015=EDGE_CURVE('',#2386,#2395,#1145,.T.);
#3016=EDGE_CURVE('',#2385,#2396,#1146,.T.);
#3017=EDGE_CURVE('',#2404,#2405,#151,.T.);
#3018=EDGE_CURVE('',#2406,#2404,#1147,.T.);
#3019=EDGE_CURVE('',#2407,#2406,#152,.T.);
#3020=EDGE_CURVE('',#2374,#2407,#1148,.T.);
#3021=EDGE_CURVE('',#2384,#2405,#1149,.T.);
#3022=EDGE_CURVE('',#2405,#2408,#1150,.T.);
#3023=EDGE_CURVE('',#2383,#2408,#1151,.T.);
#3024=EDGE_CURVE('',#2380,#2309,#1152,.T.);
#3025=EDGE_CURVE('',#2376,#2300,#1153,.T.);
#3026=EDGE_CURVE('',#2409,#2410,#153,.T.);
#3027=EDGE_CURVE('',#2409,#2411,#1154,.T.);
#3028=EDGE_CURVE('',#2412,#2411,#154,.T.);
#3029=EDGE_CURVE('',#2412,#2410,#1155,.T.);
#3030=EDGE_CURVE('',#2410,#2413,#1156,.T.);
#3031=EDGE_CURVE('',#2414,#2412,#1157,.T.);
#3032=EDGE_CURVE('',#2413,#2414,#1158,.T.);
#3033=EDGE_CURVE('',#2408,#2415,#1159,.T.);
#3034=EDGE_CURVE('',#2382,#2415,#1160,.T.);
#3035=EDGE_CURVE('',#2415,#2416,#155,.F.);
#3036=EDGE_CURVE('',#2416,#2404,#1161,.T.);
#3037=EDGE_CURVE('',#2416,#2417,#1162,.T.);
#3038=EDGE_CURVE('',#2406,#2417,#1163,.T.);
#3039=EDGE_CURVE('',#2417,#2418,#156,.F.);
#3040=EDGE_CURVE('',#2418,#2407,#1164,.T.);
#3041=EDGE_CURVE('',#2375,#2418,#1165,.T.);
#3042=EDGE_CURVE('',#2381,#2310,#1166,.T.);
#3043=EDGE_CURVE('',#2419,#2420,#1167,.T.);
#3044=EDGE_CURVE('',#2379,#2419,#1168,.T.);
#3045=EDGE_CURVE('',#2378,#2420,#1169,.T.);
#3046=EDGE_CURVE('',#2421,#2422,#1170,.T.);
#3047=EDGE_CURVE('',#2422,#2423,#1171,.T.);
#3048=EDGE_CURVE('',#2424,#2423,#1172,.T.);
#3049=EDGE_CURVE('',#2421,#2424,#1173,.T.);
#3050=EDGE_CURVE('',#2377,#2299,#1174,.T.);
#3051=EDGE_CURVE('',#2411,#2425,#1175,.T.);
#3052=EDGE_CURVE('',#2426,#2425,#1176,.T.);
#3053=EDGE_CURVE('',#2414,#2426,#1177,.T.);
#3054=EDGE_CURVE('',#2427,#2307,#1178,.T.);
#3055=EDGE_CURVE('',#2319,#2427,#1179,.T.);
#3056=EDGE_CURVE('',#2427,#2428,#1180,.T.);
#3057=EDGE_CURVE('',#2428,#2409,#1181,.T.);
#3058=EDGE_CURVE('',#2422,#2413,#1182,.T.);
#3059=EDGE_CURVE('',#2318,#2421,#1183,.T.);
#3060=EDGE_CURVE('',#2425,#2428,#1184,.T.);
#3061=EDGE_CURVE('',#2429,#2430,#1185,.T.);
#3062=EDGE_CURVE('',#2430,#2431,#1186,.T.);
#3063=EDGE_CURVE('',#2432,#2431,#1187,.T.);
#3064=EDGE_CURVE('',#2429,#2432,#1188,.T.);
#3065=EDGE_CURVE('',#2433,#2434,#1189,.T.);
#3066=EDGE_CURVE('',#2434,#2435,#1190,.T.);
#3067=EDGE_CURVE('',#2436,#2435,#1191,.T.);
#3068=EDGE_CURVE('',#2436,#2433,#1192,.T.);
#3069=EDGE_CURVE('',#2437,#2424,#157,.F.);
#3070=EDGE_CURVE('',#2423,#2438,#158,.F.);
#3071=EDGE_CURVE('',#2438,#2437,#1193,.T.);
#3072=EDGE_CURVE('',#2439,#2419,#159,.F.);
#3073=EDGE_CURVE('',#2420,#2440,#160,.F.);
#3074=EDGE_CURVE('',#2440,#2439,#1194,.T.);
#3075=EDGE_CURVE('',#2441,#2442,#1195,.T.);
#3076=EDGE_CURVE('',#2442,#2443,#1196,.T.);
#3077=EDGE_CURVE('',#2444,#2443,#1197,.T.);
#3078=EDGE_CURVE('',#2441,#2444,#1198,.T.);
#3079=EDGE_CURVE('',#2445,#2446,#1199,.T.);
#3080=EDGE_CURVE('',#2446,#2447,#1200,.T.);
#3081=EDGE_CURVE('',#2448,#2447,#1201,.T.);
#3082=EDGE_CURVE('',#2445,#2448,#1202,.T.);
#3083=EDGE_CURVE('',#2449,#2354,#1203,.T.);
#3084=EDGE_CURVE('',#2449,#2362,#1204,.T.);
#3085=EDGE_CURVE('',#2349,#2327,#1205,.T.);
#3086=EDGE_CURVE('',#2438,#2439,#1206,.T.);
#3087=EDGE_CURVE('',#2426,#2450,#1207,.T.);
#3088=EDGE_CURVE('',#2451,#2450,#1208,.T.);
#3089=EDGE_CURVE('',#2313,#2451,#1209,.T.);
#3090=EDGE_CURVE('',#2452,#2451,#1210,.T.);
#3091=EDGE_CURVE('',#2297,#2452,#1211,.T.);
#3092=EDGE_CURVE('',#2453,#2452,#1212,.T.);
#3093=EDGE_CURVE('',#2453,#2306,#1213,.T.);
#3094=EDGE_CURVE('',#2440,#2437,#1214,.T.);
#3095=EDGE_CURVE('',#2450,#2453,#1215,.T.);
#3096=EDGE_CURVE('',#2446,#2454,#1216,.T.);
#3097=EDGE_CURVE('',#2455,#2454,#1217,.T.);
#3098=EDGE_CURVE('',#2447,#2455,#1218,.T.);
#3099=EDGE_CURVE('',#2456,#2445,#1219,.T.);
#3100=EDGE_CURVE('',#2457,#2448,#1220,.T.);
#3101=EDGE_CURVE('',#2456,#2457,#1221,.T.);
#3102=EDGE_CURVE('',#2430,#2458,#1222,.T.);
#3103=EDGE_CURVE('',#2459,#2458,#1223,.T.);
#3104=EDGE_CURVE('',#2431,#2459,#1224,.T.);
#3105=EDGE_CURVE('',#2460,#2429,#1225,.T.);
#3106=EDGE_CURVE('',#2461,#2432,#1226,.T.);
#3107=EDGE_CURVE('',#2460,#2461,#1227,.T.);
#3108=EDGE_CURVE('',#2434,#2462,#1228,.T.);
#3109=EDGE_CURVE('',#2463,#2462,#1229,.T.);
#3110=EDGE_CURVE('',#2435,#2463,#1230,.T.);
#3111=EDGE_CURVE('',#2464,#2433,#1231,.T.);
#3112=EDGE_CURVE('',#2465,#2436,#1232,.T.);
#3113=EDGE_CURVE('',#2464,#2465,#1233,.T.);
#3114=EDGE_CURVE('',#2466,#2467,#1234,.T.);
#3115=EDGE_CURVE('',#2462,#2466,#1235,.T.);
#3116=EDGE_CURVE('',#2468,#2464,#1236,.T.);
#3117=EDGE_CURVE('',#2469,#2468,#1237,.T.);
#3118=EDGE_CURVE('',#2458,#2469,#1238,.T.);
#3119=EDGE_CURVE('',#2467,#2460,#1239,.T.);
#3120=EDGE_CURVE('',#2470,#2468,#161,.T.);
#3121=EDGE_CURVE('',#2470,#2471,#1240,.T.);
#3122=EDGE_CURVE('',#2469,#2471,#162,.T.);
#3123=EDGE_CURVE('',#2470,#2472,#1241,.T.);
#3124=EDGE_CURVE('',#2472,#2473,#1242,.T.);
#3125=EDGE_CURVE('',#2471,#2473,#1243,.T.);
#3126=EDGE_CURVE('',#2474,#2472,#1244,.T.);
#3127=EDGE_CURVE('',#2475,#2474,#1245,.T.);
#3128=EDGE_CURVE('',#2473,#2475,#1246,.T.);
#3129=EDGE_CURVE('',#2476,#2477,#1247,.T.);
#3130=EDGE_CURVE('',#2476,#2475,#1248,.T.);
#3131=EDGE_CURVE('',#2477,#2474,#1249,.T.);
#3132=EDGE_CURVE('',#2476,#2478,#163,.T.);
#3133=EDGE_CURVE('',#2479,#2477,#164,.T.);
#3134=EDGE_CURVE('',#2479,#2478,#1250,.T.);
#3135=EDGE_CURVE('',#2442,#2480,#1251,.T.);
#3136=EDGE_CURVE('',#2481,#2480,#1252,.T.);
#3137=EDGE_CURVE('',#2443,#2481,#1253,.T.);
#3138=EDGE_CURVE('',#2463,#2465,#1254,.T.);
#3139=EDGE_CURVE('',#2481,#2482,#1255,.T.);
#3140=EDGE_CURVE('',#2482,#2444,#1256,.T.);
#3141=EDGE_CURVE('',#2459,#2461,#1257,.T.);
#3142=EDGE_CURVE('',#2455,#2457,#1258,.T.);
#3143=EDGE_CURVE('',#2483,#2441,#1259,.T.);
#3144=EDGE_CURVE('',#2483,#2482,#1260,.T.);
#3145=EDGE_CURVE('',#2484,#2485,#1261,.T.);
#3146=EDGE_CURVE('',#2454,#2484,#1262,.T.);
#3147=EDGE_CURVE('',#2478,#2456,#1263,.T.);
#3148=EDGE_CURVE('',#2480,#2479,#1264,.T.);
#3149=EDGE_CURVE('',#2485,#2483,#1265,.T.);
#3150=EDGE_CURVE('',#2486,#2485,#165,.T.);
#3151=EDGE_CURVE('',#2486,#2487,#1266,.T.);
#3152=EDGE_CURVE('',#2484,#2487,#166,.T.);
#3153=EDGE_CURVE('',#2488,#2467,#167,.T.);
#3154=EDGE_CURVE('',#2488,#2489,#1267,.T.);
#3155=EDGE_CURVE('',#2466,#2489,#168,.T.);
#3156=EDGE_CURVE('',#2336,#2449,#1268,.T.);
#3157=EDGE_CURVE('',#2352,#2490,#1269,.T.);
#3158=EDGE_CURVE('',#2344,#2490,#1270,.T.);
#3159=EDGE_CURVE('',#2340,#2331,#1271,.T.);
#3160=EDGE_CURVE('',#2486,#2357,#1272,.T.);
#3161=EDGE_CURVE('',#2487,#2360,#1273,.T.);
#3162=EDGE_CURVE('',#2488,#2359,#1274,.T.);
#3163=EDGE_CURVE('',#2489,#2358,#1275,.T.);
#3164=EDGE_CURVE('',#2490,#2356,#1276,.T.);
#3165=EDGE_CURVE('',#2361,#2391,#1277,.T.);
#3166=EDGE_CURVE('',#2491,#2492,#169,.T.);
#3167=EDGE_CURVE('',#2493,#2491,#1278,.T.);
#3168=EDGE_CURVE('',#2494,#2493,#170,.T.);
#3169=EDGE_CURVE('',#2495,#2494,#1279,.T.);
#3170=EDGE_CURVE('',#2496,#2495,#171,.T.);
#3171=EDGE_CURVE('',#2492,#2496,#1280,.T.);
#3172=EDGE_CURVE('',#2497,#2498,#172,.T.);
#3173=EDGE_CURVE('',#2499,#2497,#1281,.T.);
#3174=EDGE_CURVE('',#2500,#2499,#173,.T.);
#3175=EDGE_CURVE('',#2501,#2500,#1282,.T.);
#3176=EDGE_CURVE('',#2502,#2501,#174,.T.);
#3177=EDGE_CURVE('',#2502,#2498,#1283,.T.);
#3178=EDGE_CURVE('',#2503,#2491,#1284,.T.);
#3179=EDGE_CURVE('',#2504,#2503,#1285,.T.);
#3180=EDGE_CURVE('',#2493,#2504,#1286,.T.);
#3181=EDGE_CURVE('',#2505,#2497,#1287,.T.);
#3182=EDGE_CURVE('',#2506,#2505,#1288,.T.);
#3183=EDGE_CURVE('',#2506,#2499,#1289,.T.);
#3184=EDGE_CURVE('',#2496,#2498,#1290,.T.);
#3185=EDGE_CURVE('',#2492,#2502,#1291,.T.);
#3186=EDGE_CURVE('',#2501,#2507,#1292,.T.);
#3187=EDGE_CURVE('',#2507,#2503,#1293,.T.);
#3188=EDGE_CURVE('',#2508,#2508,#175,.T.);
#3189=EDGE_CURVE('',#2509,#2510,#1294,.T.);
#3190=EDGE_CURVE('',#2510,#2511,#1295,.T.);
#3191=EDGE_CURVE('',#2511,#2512,#1296,.T.);
#3192=EDGE_CURVE('',#2512,#2513,#1297,.T.);
#3193=EDGE_CURVE('',#2513,#2514,#1298,.T.);
#3194=EDGE_CURVE('',#2514,#2515,#1299,.T.);
#3195=EDGE_CURVE('',#2515,#2516,#1300,.T.);
#3196=EDGE_CURVE('',#2516,#2517,#1301,.T.);
#3197=EDGE_CURVE('',#2517,#2518,#1302,.T.);
#3198=EDGE_CURVE('',#2518,#2519,#1303,.T.);
#3199=EDGE_CURVE('',#2519,#2520,#1304,.T.);
#3200=EDGE_CURVE('',#2520,#2521,#1305,.T.);
#3201=EDGE_CURVE('',#2521,#2522,#1306,.T.);
#3202=EDGE_CURVE('',#2522,#2523,#1307,.T.);
#3203=EDGE_CURVE('',#2523,#2524,#1308,.T.);
#3204=EDGE_CURVE('',#2524,#2525,#1309,.T.);
#3205=EDGE_CURVE('',#2525,#2526,#1310,.T.);
#3206=EDGE_CURVE('',#2526,#2527,#1311,.T.);
#3207=EDGE_CURVE('',#2527,#2528,#1312,.T.);
#3208=EDGE_CURVE('',#2528,#2529,#1313,.T.);
#3209=EDGE_CURVE('',#2529,#2530,#1314,.T.);
#3210=EDGE_CURVE('',#2530,#2531,#1315,.T.);
#3211=EDGE_CURVE('',#2531,#2532,#1316,.T.);
#3212=EDGE_CURVE('',#2532,#2533,#1317,.T.);
#3213=EDGE_CURVE('',#2533,#2534,#1318,.T.);
#3214=EDGE_CURVE('',#2534,#2535,#1319,.T.);
#3215=EDGE_CURVE('',#2535,#2536,#1320,.T.);
#3216=EDGE_CURVE('',#2536,#2537,#1321,.T.);
#3217=EDGE_CURVE('',#2537,#2538,#1322,.T.);
#3218=EDGE_CURVE('',#2538,#2539,#1323,.T.);
#3219=EDGE_CURVE('',#2539,#2540,#1324,.T.);
#3220=EDGE_CURVE('',#2540,#2509,#1325,.T.);
#3221=EDGE_CURVE('',#2541,#2542,#1326,.T.);
#3222=EDGE_CURVE('',#2542,#2543,#1327,.T.);
#3223=EDGE_CURVE('',#2543,#2544,#1328,.T.);
#3224=EDGE_CURVE('',#2544,#2541,#1329,.T.);
#3225=EDGE_CURVE('',#2541,#2545,#1330,.T.);
#3226=EDGE_CURVE('',#2545,#2546,#1331,.T.);
#3227=EDGE_CURVE('',#2542,#2546,#1332,.T.);
#3228=EDGE_CURVE('',#2544,#2547,#1333,.T.);
#3229=EDGE_CURVE('',#2547,#2545,#1334,.T.);
#3230=EDGE_CURVE('',#2543,#2548,#1335,.T.);
#3231=EDGE_CURVE('',#2548,#2547,#1336,.T.);
#3232=EDGE_CURVE('',#2546,#2548,#1337,.T.);
#3233=EDGE_CURVE('',#2509,#2549,#1338,.T.);
#3234=EDGE_CURVE('',#2549,#2550,#1339,.T.);
#3235=EDGE_CURVE('',#2510,#2550,#1340,.T.);
#3236=EDGE_CURVE('',#2540,#2551,#1341,.T.);
#3237=EDGE_CURVE('',#2551,#2549,#1342,.T.);
#3238=EDGE_CURVE('',#2539,#2552,#1343,.T.);
#3239=EDGE_CURVE('',#2552,#2551,#1344,.T.);
#3240=EDGE_CURVE('',#2538,#2553,#1345,.T.);
#3241=EDGE_CURVE('',#2553,#2552,#1346,.T.);
#3242=EDGE_CURVE('',#2537,#2554,#1347,.T.);
#3243=EDGE_CURVE('',#2554,#2553,#1348,.T.);
#3244=EDGE_CURVE('',#2536,#2555,#1349,.T.);
#3245=EDGE_CURVE('',#2555,#2554,#1350,.T.);
#3246=EDGE_CURVE('',#2535,#2556,#1351,.T.);
#3247=EDGE_CURVE('',#2556,#2555,#1352,.T.);
#3248=EDGE_CURVE('',#2534,#2557,#1353,.T.);
#3249=EDGE_CURVE('',#2557,#2556,#1354,.T.);
#3250=EDGE_CURVE('',#2533,#2558,#1355,.T.);
#3251=EDGE_CURVE('',#2558,#2557,#1356,.T.);
#3252=EDGE_CURVE('',#2532,#2559,#1357,.T.);
#3253=EDGE_CURVE('',#2559,#2558,#1358,.T.);
#3254=EDGE_CURVE('',#2531,#2560,#1359,.T.);
#3255=EDGE_CURVE('',#2560,#2559,#1360,.T.);
#3256=EDGE_CURVE('',#2530,#2561,#1361,.T.);
#3257=EDGE_CURVE('',#2561,#2560,#1362,.T.);
#3258=EDGE_CURVE('',#2529,#2562,#1363,.T.);
#3259=EDGE_CURVE('',#2562,#2561,#1364,.T.);
#3260=EDGE_CURVE('',#2528,#2563,#1365,.T.);
#3261=EDGE_CURVE('',#2563,#2562,#1366,.T.);
#3262=EDGE_CURVE('',#2527,#2564,#1367,.T.);
#3263=EDGE_CURVE('',#2564,#2563,#1368,.T.);
#3264=EDGE_CURVE('',#2526,#2565,#1369,.T.);
#3265=EDGE_CURVE('',#2565,#2564,#1370,.T.);
#3266=EDGE_CURVE('',#2525,#2566,#1371,.T.);
#3267=EDGE_CURVE('',#2566,#2565,#1372,.T.);
#3268=EDGE_CURVE('',#2524,#2567,#1373,.T.);
#3269=EDGE_CURVE('',#2567,#2566,#1374,.T.);
#3270=EDGE_CURVE('',#2523,#2568,#1375,.T.);
#3271=EDGE_CURVE('',#2568,#2567,#1376,.T.);
#3272=EDGE_CURVE('',#2522,#2569,#1377,.T.);
#3273=EDGE_CURVE('',#2569,#2568,#1378,.T.);
#3274=EDGE_CURVE('',#2521,#2570,#1379,.T.);
#3275=EDGE_CURVE('',#2570,#2569,#1380,.T.);
#3276=EDGE_CURVE('',#2520,#2571,#1381,.T.);
#3277=EDGE_CURVE('',#2571,#2570,#1382,.T.);
#3278=EDGE_CURVE('',#2519,#2572,#1383,.T.);
#3279=EDGE_CURVE('',#2572,#2571,#1384,.T.);
#3280=EDGE_CURVE('',#2518,#2573,#1385,.T.);
#3281=EDGE_CURVE('',#2573,#2572,#1386,.T.);
#3282=EDGE_CURVE('',#2517,#2574,#1387,.T.);
#3283=EDGE_CURVE('',#2574,#2573,#1388,.T.);
#3284=EDGE_CURVE('',#2516,#2575,#1389,.T.);
#3285=EDGE_CURVE('',#2575,#2574,#1390,.T.);
#3286=EDGE_CURVE('',#2515,#2576,#1391,.T.);
#3287=EDGE_CURVE('',#2576,#2575,#1392,.T.);
#3288=EDGE_CURVE('',#2514,#2577,#1393,.T.);
#3289=EDGE_CURVE('',#2577,#2576,#1394,.T.);
#3290=EDGE_CURVE('',#2513,#2578,#1395,.T.);
#3291=EDGE_CURVE('',#2578,#2577,#1396,.T.);
#3292=EDGE_CURVE('',#2512,#2579,#1397,.T.);
#3293=EDGE_CURVE('',#2579,#2578,#1398,.T.);
#3294=EDGE_CURVE('',#2511,#2580,#1399,.T.);
#3295=EDGE_CURVE('',#2580,#2579,#1400,.T.);
#3296=EDGE_CURVE('',#2550,#2580,#1401,.T.);
#3297=EDGE_CURVE('',#2581,#2581,#176,.T.);
#3298=EDGE_CURVE('',#2581,#2582,#1402,.T.);
#3299=EDGE_CURVE('',#2582,#2582,#177,.T.);
#3300=EDGE_CURVE('',#2508,#2583,#1403,.T.);
#3301=EDGE_CURVE('',#2583,#2583,#178,.T.);
#3302=EDGE_CURVE('',#2584,#2500,#1404,.T.);
#3303=EDGE_CURVE('',#2584,#2507,#1405,.T.);
#3304=EDGE_CURVE('',#2504,#2584,#1406,.T.);
#3305=EDGE_CURVE('',#2585,#2506,#1407,.T.);
#3306=EDGE_CURVE('',#2585,#2494,#1408,.T.);
#3307=EDGE_CURVE('',#2586,#2495,#1409,.T.);
#3308=EDGE_CURVE('',#2505,#2586,#1410,.T.);
#3309=EDGE_CURVE('',#2586,#2585,#1411,.T.);
#3310=EDGE_CURVE('',#2587,#2587,#179,.T.);
#3311=EDGE_CURVE('',#2587,#2588,#1412,.T.);
#3312=EDGE_CURVE('',#2588,#2588,#180,.T.);
#3313=EDGE_CURVE('',#2589,#2589,#181,.T.);
#3314=EDGE_CURVE('',#2590,#2590,#182,.T.);
#3315=EDGE_CURVE('',#2590,#2591,#1413,.T.);
#3316=EDGE_CURVE('',#2591,#2591,#183,.T.);
#3317=EDGE_CURVE('',#2592,#2592,#184,.T.);
#3318=EDGE_CURVE('',#2593,#2593,#185,.T.);
#3319=EDGE_CURVE('',#2593,#2594,#1414,.T.);
#3320=EDGE_CURVE('',#2594,#2594,#186,.T.);
#3321=EDGE_CURVE('',#2595,#2595,#187,.T.);
#3322=EDGE_CURVE('',#2596,#2596,#188,.T.);
#3323=EDGE_CURVE('',#2596,#2597,#1415,.T.);
#3324=EDGE_CURVE('',#2597,#2597,#189,.T.);
#3325=EDGE_CURVE('',#2598,#2598,#190,.T.);
#3326=EDGE_CURVE('',#2599,#2600,#191,.T.);
#3327=EDGE_CURVE('',#2599,#2601,#1416,.T.);
#3328=EDGE_CURVE('',#2602,#2601,#192,.T.);
#3329=EDGE_CURVE('',#2600,#2602,#1417,.T.);
#3330=EDGE_CURVE('',#2603,#2604,#193,.T.);
#3331=EDGE_CURVE('',#2603,#2605,#1418,.T.);
#3332=EDGE_CURVE('',#2606,#2605,#194,.T.);
#3333=EDGE_CURVE('',#2604,#2606,#1419,.T.);
#3334=EDGE_CURVE('',#2607,#2608,#195,.T.);
#3335=EDGE_CURVE('',#2607,#2609,#1420,.T.);
#3336=EDGE_CURVE('',#2610,#2609,#196,.T.);
#3337=EDGE_CURVE('',#2608,#2610,#1421,.T.);
#3338=EDGE_CURVE('',#2611,#2612,#197,.T.);
#3339=EDGE_CURVE('',#2611,#2613,#1422,.T.);
#3340=EDGE_CURVE('',#2614,#2613,#198,.T.);
#3341=EDGE_CURVE('',#2612,#2614,#1423,.T.);
#3342=EDGE_CURVE('',#2601,#2610,#1424,.T.);
#3343=EDGE_CURVE('',#2609,#2606,#1425,.T.);
#3344=EDGE_CURVE('',#2605,#2614,#1426,.T.);
#3345=EDGE_CURVE('',#2613,#2602,#1427,.T.);
#3346=EDGE_CURVE('',#2615,#2615,#199,.T.);
#3347=EDGE_CURVE('',#2616,#2617,#1428,.T.);
#3348=EDGE_CURVE('',#2617,#2618,#1429,.T.);
#3349=EDGE_CURVE('',#2618,#2619,#1430,.T.);
#3350=EDGE_CURVE('',#2619,#2616,#1431,.T.);
#3351=EDGE_CURVE('',#2620,#2620,#200,.T.);
#3352=EDGE_CURVE('',#2621,#2621,#201,.T.);
#3353=EDGE_CURVE('',#2622,#2622,#202,.T.);
#3354=EDGE_CURVE('',#2623,#2623,#203,.T.);
#3355=EDGE_CURVE('',#2624,#2625,#1432,.T.);
#3356=EDGE_CURVE('',#2625,#2626,#1433,.T.);
#3357=EDGE_CURVE('',#2626,#2627,#1434,.T.);
#3358=EDGE_CURVE('',#2627,#2624,#1435,.T.);
#3359=EDGE_CURVE('',#2628,#2628,#204,.T.);
#3360=EDGE_CURVE('',#2629,#2630,#1436,.T.);
#3361=EDGE_CURVE('',#2630,#2631,#1437,.T.);
#3362=EDGE_CURVE('',#2631,#2632,#1438,.T.);
#3363=EDGE_CURVE('',#2632,#2629,#1439,.T.);
#3364=EDGE_CURVE('',#2633,#2634,#1440,.T.);
#3365=EDGE_CURVE('',#2634,#2635,#1441,.T.);
#3366=EDGE_CURVE('',#2635,#2636,#1442,.T.);
#3367=EDGE_CURVE('',#2636,#2633,#1443,.T.);
#3368=EDGE_CURVE('',#2637,#2637,#205,.T.);
#3369=EDGE_CURVE('',#2638,#2638,#206,.T.);
#3370=EDGE_CURVE('',#2639,#2640,#1444,.T.);
#3371=EDGE_CURVE('',#2640,#2641,#1445,.T.);
#3372=EDGE_CURVE('',#2641,#2642,#1446,.T.);
#3373=EDGE_CURVE('',#2642,#2639,#1447,.T.);
#3374=EDGE_CURVE('',#2643,#2643,#207,.T.);
#3375=EDGE_CURVE('',#2644,#2644,#208,.T.);
#3376=EDGE_CURVE('',#2600,#2611,#1448,.T.);
#3377=EDGE_CURVE('',#2612,#2603,#1449,.T.);
#3378=EDGE_CURVE('',#2604,#2607,#1450,.T.);
#3379=EDGE_CURVE('',#2608,#2599,#1451,.T.);
#3380=EDGE_CURVE('',#2645,#2645,#209,.T.);
#3381=EDGE_CURVE('',#2646,#2647,#1452,.T.);
#3382=EDGE_CURVE('',#2648,#2646,#1453,.T.);
#3383=EDGE_CURVE('',#2649,#2648,#1454,.T.);
#3384=EDGE_CURVE('',#2647,#2649,#1455,.T.);
#3385=EDGE_CURVE('',#2650,#2650,#210,.T.);
#3386=EDGE_CURVE('',#2651,#2651,#211,.T.);
#3387=EDGE_CURVE('',#2652,#2653,#1456,.T.);
#3388=EDGE_CURVE('',#2654,#2652,#1457,.T.);
#3389=EDGE_CURVE('',#2655,#2654,#1458,.T.);
#3390=EDGE_CURVE('',#2653,#2655,#1459,.T.);
#3391=EDGE_CURVE('',#2656,#2656,#212,.T.);
#3392=EDGE_CURVE('',#2657,#2658,#1460,.T.);
#3393=EDGE_CURVE('',#2659,#2657,#1461,.T.);
#3394=EDGE_CURVE('',#2660,#2659,#1462,.T.);
#3395=EDGE_CURVE('',#2658,#2660,#1463,.T.);
#3396=EDGE_CURVE('',#2661,#2662,#1464,.T.);
#3397=EDGE_CURVE('',#2663,#2661,#1465,.T.);
#3398=EDGE_CURVE('',#2664,#2663,#1466,.T.);
#3399=EDGE_CURVE('',#2662,#2664,#1467,.T.);
#3400=EDGE_CURVE('',#2665,#2665,#213,.T.);
#3401=EDGE_CURVE('',#2666,#2667,#1468,.T.);
#3402=EDGE_CURVE('',#2668,#2666,#1469,.T.);
#3403=EDGE_CURVE('',#2669,#2668,#1470,.T.);
#3404=EDGE_CURVE('',#2667,#2669,#1471,.T.);
#3405=EDGE_CURVE('',#2670,#2670,#214,.T.);
#3406=EDGE_CURVE('',#2615,#2645,#1472,.T.);
#3407=EDGE_CURVE('',#2646,#2616,#1473,.T.);
#3408=EDGE_CURVE('',#2648,#2619,#1474,.T.);
#3409=EDGE_CURVE('',#2649,#2618,#1475,.T.);
#3410=EDGE_CURVE('',#2647,#2617,#1476,.T.);
#3411=EDGE_CURVE('',#2620,#2650,#1477,.T.);
#3412=EDGE_CURVE('',#2621,#2651,#1478,.T.);
#3413=EDGE_CURVE('',#2622,#2598,#1479,.T.);
#3414=EDGE_CURVE('',#2623,#2589,#1480,.T.);
#3415=EDGE_CURVE('',#2652,#2624,#1481,.T.);
#3416=EDGE_CURVE('',#2654,#2627,#1482,.T.);
#3417=EDGE_CURVE('',#2655,#2626,#1483,.T.);
#3418=EDGE_CURVE('',#2653,#2625,#1484,.T.);
#3419=EDGE_CURVE('',#2628,#2656,#1485,.T.);
#3420=EDGE_CURVE('',#2657,#2629,#1486,.T.);
#3421=EDGE_CURVE('',#2659,#2632,#1487,.T.);
#3422=EDGE_CURVE('',#2660,#2631,#1488,.T.);
#3423=EDGE_CURVE('',#2658,#2630,#1489,.T.);
#3424=EDGE_CURVE('',#2661,#2633,#1490,.T.);
#3425=EDGE_CURVE('',#2663,#2636,#1491,.T.);
#3426=EDGE_CURVE('',#2664,#2635,#1492,.T.);
#3427=EDGE_CURVE('',#2662,#2634,#1493,.T.);
#3428=EDGE_CURVE('',#2637,#2595,#1494,.T.);
#3429=EDGE_CURVE('',#2638,#2665,#1495,.T.);
#3430=EDGE_CURVE('',#2666,#2639,#1496,.T.);
#3431=EDGE_CURVE('',#2668,#2642,#1497,.T.);
#3432=EDGE_CURVE('',#2669,#2641,#1498,.T.);
#3433=EDGE_CURVE('',#2667,#2640,#1499,.T.);
#3434=EDGE_CURVE('',#2643,#2670,#1500,.T.);
#3435=EDGE_CURVE('',#2644,#2592,#1501,.T.);
#3436=ORIENTED_EDGE('',*,*,#2671,.F.);
#3437=ORIENTED_EDGE('',*,*,#2672,.T.);
#3438=ORIENTED_EDGE('',*,*,#2673,.T.);
#3439=ORIENTED_EDGE('',*,*,#2674,.F.);
#3440=ORIENTED_EDGE('',*,*,#2675,.F.);
#3441=ORIENTED_EDGE('',*,*,#2676,.T.);
#3442=ORIENTED_EDGE('',*,*,#2677,.T.);
#3443=ORIENTED_EDGE('',*,*,#2672,.F.);
#3444=ORIENTED_EDGE('',*,*,#2678,.F.);
#3445=ORIENTED_EDGE('',*,*,#2679,.T.);
#3446=ORIENTED_EDGE('',*,*,#2680,.T.);
#3447=ORIENTED_EDGE('',*,*,#2676,.F.);
#3448=ORIENTED_EDGE('',*,*,#2681,.F.);
#3449=ORIENTED_EDGE('',*,*,#2674,.T.);
#3450=ORIENTED_EDGE('',*,*,#2682,.T.);
#3451=ORIENTED_EDGE('',*,*,#2683,.F.);
#3452=ORIENTED_EDGE('',*,*,#2682,.F.);
#3453=ORIENTED_EDGE('',*,*,#2673,.F.);
#3454=ORIENTED_EDGE('',*,*,#2677,.F.);
#3455=ORIENTED_EDGE('',*,*,#2680,.F.);
#3456=ORIENTED_EDGE('',*,*,#2684,.F.);
#3457=ORIENTED_EDGE('',*,*,#2685,.T.);
#3458=ORIENTED_EDGE('',*,*,#2686,.T.);
#3459=ORIENTED_EDGE('',*,*,#2687,.F.);
#3460=ORIENTED_EDGE('',*,*,#2688,.F.);
#3461=ORIENTED_EDGE('',*,*,#2689,.T.);
#3462=ORIENTED_EDGE('',*,*,#2690,.T.);
#3463=ORIENTED_EDGE('',*,*,#2685,.F.);
#3464=ORIENTED_EDGE('',*,*,#2691,.F.);
#3465=ORIENTED_EDGE('',*,*,#2692,.T.);
#3466=ORIENTED_EDGE('',*,*,#2693,.T.);
#3467=ORIENTED_EDGE('',*,*,#2689,.F.);
#3468=ORIENTED_EDGE('',*,*,#2694,.F.);
#3469=ORIENTED_EDGE('',*,*,#2687,.T.);
#3470=ORIENTED_EDGE('',*,*,#2695,.T.);
#3471=ORIENTED_EDGE('',*,*,#2696,.F.);
#3472=ORIENTED_EDGE('',*,*,#2695,.F.);
#3473=ORIENTED_EDGE('',*,*,#2686,.F.);
#3474=ORIENTED_EDGE('',*,*,#2690,.F.);
#3475=ORIENTED_EDGE('',*,*,#2693,.F.);
#3476=ORIENTED_EDGE('',*,*,#2697,.F.);
#3477=ORIENTED_EDGE('',*,*,#2696,.T.);
#3478=ORIENTED_EDGE('',*,*,#2698,.T.);
#3479=ORIENTED_EDGE('',*,*,#2699,.F.);
#3480=ORIENTED_EDGE('',*,*,#2700,.F.);
#3481=ORIENTED_EDGE('',*,*,#2701,.T.);
#3482=ORIENTED_EDGE('',*,*,#2702,.T.);
#3483=ORIENTED_EDGE('',*,*,#2692,.F.);
#3484=ORIENTED_EDGE('',*,*,#2703,.F.);
#3485=ORIENTED_EDGE('',*,*,#2704,.T.);
#3486=ORIENTED_EDGE('',*,*,#2705,.T.);
#3487=ORIENTED_EDGE('',*,*,#2701,.F.);
#3488=ORIENTED_EDGE('',*,*,#2706,.F.);
#3489=ORIENTED_EDGE('',*,*,#2699,.T.);
#3490=ORIENTED_EDGE('',*,*,#2707,.T.);
#3491=ORIENTED_EDGE('',*,*,#2708,.F.);
#3492=ORIENTED_EDGE('',*,*,#2707,.F.);
#3493=ORIENTED_EDGE('',*,*,#2698,.F.);
#3494=ORIENTED_EDGE('',*,*,#2702,.F.);
#3495=ORIENTED_EDGE('',*,*,#2705,.F.);
#3496=ORIENTED_EDGE('',*,*,#2709,.F.);
#3497=ORIENTED_EDGE('',*,*,#2710,.T.);
#3498=ORIENTED_EDGE('',*,*,#2711,.T.);
#3499=ORIENTED_EDGE('',*,*,#2712,.F.);
#3500=ORIENTED_EDGE('',*,*,#2713,.F.);
#3501=ORIENTED_EDGE('',*,*,#2714,.T.);
#3502=ORIENTED_EDGE('',*,*,#2715,.T.);
#3503=ORIENTED_EDGE('',*,*,#2710,.F.);
#3504=ORIENTED_EDGE('',*,*,#2716,.F.);
#3505=ORIENTED_EDGE('',*,*,#2717,.T.);
#3506=ORIENTED_EDGE('',*,*,#2718,.T.);
#3507=ORIENTED_EDGE('',*,*,#2714,.F.);
#3508=ORIENTED_EDGE('',*,*,#2719,.F.);
#3509=ORIENTED_EDGE('',*,*,#2720,.T.);
#3510=ORIENTED_EDGE('',*,*,#2721,.T.);
#3511=ORIENTED_EDGE('',*,*,#2717,.F.);
#3512=ORIENTED_EDGE('',*,*,#2722,.F.);
#3513=ORIENTED_EDGE('',*,*,#2723,.T.);
#3514=ORIENTED_EDGE('',*,*,#2724,.T.);
#3515=ORIENTED_EDGE('',*,*,#2720,.F.);
#3516=ORIENTED_EDGE('',*,*,#2725,.F.);
#3517=ORIENTED_EDGE('',*,*,#2708,.T.);
#3518=ORIENTED_EDGE('',*,*,#2726,.T.);
#3519=ORIENTED_EDGE('',*,*,#2723,.F.);
#3520=ORIENTED_EDGE('',*,*,#2727,.F.);
#3521=ORIENTED_EDGE('',*,*,#2728,.T.);
#3522=ORIENTED_EDGE('',*,*,#2729,.T.);
#3523=ORIENTED_EDGE('',*,*,#2704,.F.);
#3524=ORIENTED_EDGE('',*,*,#2730,.F.);
#3525=ORIENTED_EDGE('',*,*,#2712,.T.);
#3526=ORIENTED_EDGE('',*,*,#2731,.T.);
#3527=ORIENTED_EDGE('',*,*,#2732,.F.);
#3528=ORIENTED_EDGE('',*,*,#2731,.F.);
#3529=ORIENTED_EDGE('',*,*,#2711,.F.);
#3530=ORIENTED_EDGE('',*,*,#2715,.F.);
#3531=ORIENTED_EDGE('',*,*,#2718,.F.);
#3532=ORIENTED_EDGE('',*,*,#2721,.F.);
#3533=ORIENTED_EDGE('',*,*,#2724,.F.);
#3534=ORIENTED_EDGE('',*,*,#2726,.F.);
#3535=ORIENTED_EDGE('',*,*,#2729,.F.);
#3536=ORIENTED_EDGE('',*,*,#2733,.F.);
#3537=ORIENTED_EDGE('',*,*,#2732,.T.);
#3538=ORIENTED_EDGE('',*,*,#2734,.T.);
#3539=ORIENTED_EDGE('',*,*,#2735,.F.);
#3540=ORIENTED_EDGE('',*,*,#2736,.F.);
#3541=ORIENTED_EDGE('',*,*,#2737,.T.);
#3542=ORIENTED_EDGE('',*,*,#2738,.T.);
#3543=ORIENTED_EDGE('',*,*,#2728,.F.);
#3544=ORIENTED_EDGE('',*,*,#2739,.F.);
#3545=ORIENTED_EDGE('',*,*,#2683,.T.);
#3546=ORIENTED_EDGE('',*,*,#2740,.T.);
#3547=ORIENTED_EDGE('',*,*,#2737,.F.);
#3548=ORIENTED_EDGE('',*,*,#2741,.F.);
#3549=ORIENTED_EDGE('',*,*,#2735,.T.);
#3550=ORIENTED_EDGE('',*,*,#2742,.T.);
#3551=ORIENTED_EDGE('',*,*,#2679,.F.);
#3552=ORIENTED_EDGE('',*,*,#2742,.F.);
#3553=ORIENTED_EDGE('',*,*,#2734,.F.);
#3554=ORIENTED_EDGE('',*,*,#2738,.F.);
#3555=ORIENTED_EDGE('',*,*,#2740,.F.);
#3556=ORIENTED_EDGE('',*,*,#2743,.F.);
#3557=ORIENTED_EDGE('',*,*,#2744,.T.);
#3558=ORIENTED_EDGE('',*,*,#2745,.T.);
#3559=ORIENTED_EDGE('',*,*,#2746,.F.);
#3560=ORIENTED_EDGE('',*,*,#2747,.F.);
#3561=ORIENTED_EDGE('',*,*,#2748,.T.);
#3562=ORIENTED_EDGE('',*,*,#2749,.T.);
#3563=ORIENTED_EDGE('',*,*,#2744,.F.);
#3564=ORIENTED_EDGE('',*,*,#2750,.F.);
#3565=ORIENTED_EDGE('',*,*,#2751,.T.);
#3566=ORIENTED_EDGE('',*,*,#2752,.T.);
#3567=ORIENTED_EDGE('',*,*,#2748,.F.);
#3568=ORIENTED_EDGE('',*,*,#2753,.F.);
#3569=ORIENTED_EDGE('',*,*,#2754,.T.);
#3570=ORIENTED_EDGE('',*,*,#2755,.T.);
#3571=ORIENTED_EDGE('',*,*,#2751,.F.);
#3572=ORIENTED_EDGE('',*,*,#2756,.F.);
#3573=ORIENTED_EDGE('',*,*,#2757,.T.);
#3574=ORIENTED_EDGE('',*,*,#2758,.T.);
#3575=ORIENTED_EDGE('',*,*,#2754,.F.);
#3576=ORIENTED_EDGE('',*,*,#2759,.F.);
#3577=ORIENTED_EDGE('',*,*,#2760,.T.);
#3578=ORIENTED_EDGE('',*,*,#2761,.T.);
#3579=ORIENTED_EDGE('',*,*,#2757,.F.);
#3580=ORIENTED_EDGE('',*,*,#2762,.F.);
#3581=ORIENTED_EDGE('',*,*,#2763,.T.);
#3582=ORIENTED_EDGE('',*,*,#2764,.T.);
#3583=ORIENTED_EDGE('',*,*,#2760,.F.);
#3584=ORIENTED_EDGE('',*,*,#2765,.F.);
#3585=ORIENTED_EDGE('',*,*,#2766,.T.);
#3586=ORIENTED_EDGE('',*,*,#2767,.T.);
#3587=ORIENTED_EDGE('',*,*,#2763,.F.);
#3588=ORIENTED_EDGE('',*,*,#2768,.F.);
#3589=ORIENTED_EDGE('',*,*,#2769,.T.);
#3590=ORIENTED_EDGE('',*,*,#2770,.T.);
#3591=ORIENTED_EDGE('',*,*,#2766,.F.);
#3592=ORIENTED_EDGE('',*,*,#2771,.F.);
#3593=ORIENTED_EDGE('',*,*,#2772,.T.);
#3594=ORIENTED_EDGE('',*,*,#2773,.T.);
#3595=ORIENTED_EDGE('',*,*,#2769,.F.);
#3596=ORIENTED_EDGE('',*,*,#2774,.F.);
#3597=ORIENTED_EDGE('',*,*,#2775,.T.);
#3598=ORIENTED_EDGE('',*,*,#2776,.T.);
#3599=ORIENTED_EDGE('',*,*,#2772,.F.);
#3600=ORIENTED_EDGE('',*,*,#2777,.F.);
#3601=ORIENTED_EDGE('',*,*,#2746,.T.);
#3602=ORIENTED_EDGE('',*,*,#2778,.T.);
#3603=ORIENTED_EDGE('',*,*,#2775,.F.);
#3604=ORIENTED_EDGE('',*,*,#2778,.F.);
#3605=ORIENTED_EDGE('',*,*,#2745,.F.);
#3606=ORIENTED_EDGE('',*,*,#2749,.F.);
#3607=ORIENTED_EDGE('',*,*,#2752,.F.);
#3608=ORIENTED_EDGE('',*,*,#2755,.F.);
#3609=ORIENTED_EDGE('',*,*,#2758,.F.);
#3610=ORIENTED_EDGE('',*,*,#2761,.F.);
#3611=ORIENTED_EDGE('',*,*,#2764,.F.);
#3612=ORIENTED_EDGE('',*,*,#2767,.F.);
#3613=ORIENTED_EDGE('',*,*,#2770,.F.);
#3614=ORIENTED_EDGE('',*,*,#2773,.F.);
#3615=ORIENTED_EDGE('',*,*,#2776,.F.);
#3616=ORIENTED_EDGE('',*,*,#2779,.F.);
#3617=ORIENTED_EDGE('',*,*,#2780,.T.);
#3618=ORIENTED_EDGE('',*,*,#2781,.T.);
#3619=ORIENTED_EDGE('',*,*,#2782,.F.);
#3620=ORIENTED_EDGE('',*,*,#2783,.F.);
#3621=ORIENTED_EDGE('',*,*,#2784,.T.);
#3622=ORIENTED_EDGE('',*,*,#2785,.T.);
#3623=ORIENTED_EDGE('',*,*,#2780,.F.);
#3624=ORIENTED_EDGE('',*,*,#2786,.F.);
#3625=ORIENTED_EDGE('',*,*,#2787,.T.);
#3626=ORIENTED_EDGE('',*,*,#2788,.T.);
#3627=ORIENTED_EDGE('',*,*,#2784,.F.);
#3628=ORIENTED_EDGE('',*,*,#2789,.F.);
#3629=ORIENTED_EDGE('',*,*,#2790,.T.);
#3630=ORIENTED_EDGE('',*,*,#2791,.T.);
#3631=ORIENTED_EDGE('',*,*,#2787,.F.);
#3632=ORIENTED_EDGE('',*,*,#2792,.F.);
#3633=ORIENTED_EDGE('',*,*,#2793,.T.);
#3634=ORIENTED_EDGE('',*,*,#2794,.T.);
#3635=ORIENTED_EDGE('',*,*,#2790,.F.);
#3636=ORIENTED_EDGE('',*,*,#2795,.F.);
#3637=ORIENTED_EDGE('',*,*,#2796,.T.);
#3638=ORIENTED_EDGE('',*,*,#2797,.T.);
#3639=ORIENTED_EDGE('',*,*,#2793,.F.);
#3640=ORIENTED_EDGE('',*,*,#2798,.F.);
#3641=ORIENTED_EDGE('',*,*,#2799,.T.);
#3642=ORIENTED_EDGE('',*,*,#2800,.T.);
#3643=ORIENTED_EDGE('',*,*,#2796,.F.);
#3644=ORIENTED_EDGE('',*,*,#2801,.F.);
#3645=ORIENTED_EDGE('',*,*,#2802,.T.);
#3646=ORIENTED_EDGE('',*,*,#2803,.T.);
#3647=ORIENTED_EDGE('',*,*,#2799,.F.);
#3648=ORIENTED_EDGE('',*,*,#2804,.F.);
#3649=ORIENTED_EDGE('',*,*,#2805,.T.);
#3650=ORIENTED_EDGE('',*,*,#2806,.T.);
#3651=ORIENTED_EDGE('',*,*,#2802,.F.);
#3652=ORIENTED_EDGE('',*,*,#2807,.F.);
#3653=ORIENTED_EDGE('',*,*,#2808,.T.);
#3654=ORIENTED_EDGE('',*,*,#2809,.T.);
#3655=ORIENTED_EDGE('',*,*,#2805,.F.);
#3656=ORIENTED_EDGE('',*,*,#2810,.F.);
#3657=ORIENTED_EDGE('',*,*,#2811,.T.);
#3658=ORIENTED_EDGE('',*,*,#2812,.T.);
#3659=ORIENTED_EDGE('',*,*,#2808,.F.);
#3660=ORIENTED_EDGE('',*,*,#2813,.F.);
#3661=ORIENTED_EDGE('',*,*,#2782,.T.);
#3662=ORIENTED_EDGE('',*,*,#2814,.T.);
#3663=ORIENTED_EDGE('',*,*,#2811,.F.);
#3664=ORIENTED_EDGE('',*,*,#2814,.F.);
#3665=ORIENTED_EDGE('',*,*,#2781,.F.);
#3666=ORIENTED_EDGE('',*,*,#2785,.F.);
#3667=ORIENTED_EDGE('',*,*,#2788,.F.);
#3668=ORIENTED_EDGE('',*,*,#2791,.F.);
#3669=ORIENTED_EDGE('',*,*,#2794,.F.);
#3670=ORIENTED_EDGE('',*,*,#2797,.F.);
#3671=ORIENTED_EDGE('',*,*,#2800,.F.);
#3672=ORIENTED_EDGE('',*,*,#2803,.F.);
#3673=ORIENTED_EDGE('',*,*,#2806,.F.);
#3674=ORIENTED_EDGE('',*,*,#2809,.F.);
#3675=ORIENTED_EDGE('',*,*,#2812,.F.);
#3676=ORIENTED_EDGE('',*,*,#2815,.F.);
#3677=ORIENTED_EDGE('',*,*,#2816,.T.);
#3678=ORIENTED_EDGE('',*,*,#2817,.T.);
#3679=ORIENTED_EDGE('',*,*,#2818,.F.);
#3680=ORIENTED_EDGE('',*,*,#2819,.F.);
#3681=ORIENTED_EDGE('',*,*,#2820,.T.);
#3682=ORIENTED_EDGE('',*,*,#2821,.T.);
#3683=ORIENTED_EDGE('',*,*,#2816,.F.);
#3684=ORIENTED_EDGE('',*,*,#2822,.F.);
#3685=ORIENTED_EDGE('',*,*,#2823,.T.);
#3686=ORIENTED_EDGE('',*,*,#2824,.T.);
#3687=ORIENTED_EDGE('',*,*,#2820,.F.);
#3688=ORIENTED_EDGE('',*,*,#2825,.F.);
#3689=ORIENTED_EDGE('',*,*,#2826,.T.);
#3690=ORIENTED_EDGE('',*,*,#2827,.T.);
#3691=ORIENTED_EDGE('',*,*,#2823,.F.);
#3692=ORIENTED_EDGE('',*,*,#2828,.F.);
#3693=ORIENTED_EDGE('',*,*,#2829,.T.);
#3694=ORIENTED_EDGE('',*,*,#2830,.T.);
#3695=ORIENTED_EDGE('',*,*,#2826,.F.);
#3696=ORIENTED_EDGE('',*,*,#2831,.F.);
#3697=ORIENTED_EDGE('',*,*,#2832,.T.);
#3698=ORIENTED_EDGE('',*,*,#2833,.T.);
#3699=ORIENTED_EDGE('',*,*,#2829,.F.);
#3700=ORIENTED_EDGE('',*,*,#2834,.F.);
#3701=ORIENTED_EDGE('',*,*,#2835,.T.);
#3702=ORIENTED_EDGE('',*,*,#2836,.T.);
#3703=ORIENTED_EDGE('',*,*,#2832,.F.);
#3704=ORIENTED_EDGE('',*,*,#2837,.F.);
#3705=ORIENTED_EDGE('',*,*,#2838,.T.);
#3706=ORIENTED_EDGE('',*,*,#2839,.T.);
#3707=ORIENTED_EDGE('',*,*,#2835,.F.);
#3708=ORIENTED_EDGE('',*,*,#2839,.F.);
#3709=ORIENTED_EDGE('',*,*,#2817,.F.);
#3710=ORIENTED_EDGE('',*,*,#2821,.F.);
#3711=ORIENTED_EDGE('',*,*,#2824,.F.);
#3712=ORIENTED_EDGE('',*,*,#2827,.F.);
#3713=ORIENTED_EDGE('',*,*,#2830,.F.);
#3714=ORIENTED_EDGE('',*,*,#2833,.F.);
#3715=ORIENTED_EDGE('',*,*,#2836,.F.);
#3716=ORIENTED_EDGE('',*,*,#2840,.F.);
#3717=ORIENTED_EDGE('',*,*,#2841,.T.);
#3718=ORIENTED_EDGE('',*,*,#2842,.T.);
#3719=ORIENTED_EDGE('',*,*,#2843,.F.);
#3720=ORIENTED_EDGE('',*,*,#2844,.F.);
#3721=ORIENTED_EDGE('',*,*,#2845,.T.);
#3722=ORIENTED_EDGE('',*,*,#2846,.T.);
#3723=ORIENTED_EDGE('',*,*,#2841,.F.);
#3724=ORIENTED_EDGE('',*,*,#2847,.F.);
#3725=ORIENTED_EDGE('',*,*,#2848,.T.);
#3726=ORIENTED_EDGE('',*,*,#2849,.T.);
#3727=ORIENTED_EDGE('',*,*,#2845,.F.);
#3728=ORIENTED_EDGE('',*,*,#2850,.F.);
#3729=ORIENTED_EDGE('',*,*,#2851,.T.);
#3730=ORIENTED_EDGE('',*,*,#2852,.T.);
#3731=ORIENTED_EDGE('',*,*,#2848,.F.);
#3732=ORIENTED_EDGE('',*,*,#2853,.F.);
#3733=ORIENTED_EDGE('',*,*,#2854,.T.);
#3734=ORIENTED_EDGE('',*,*,#2855,.T.);
#3735=ORIENTED_EDGE('',*,*,#2851,.F.);
#3736=ORIENTED_EDGE('',*,*,#2856,.F.);
#3737=ORIENTED_EDGE('',*,*,#2857,.T.);
#3738=ORIENTED_EDGE('',*,*,#2858,.T.);
#3739=ORIENTED_EDGE('',*,*,#2854,.F.);
#3740=ORIENTED_EDGE('',*,*,#2859,.F.);
#3741=ORIENTED_EDGE('',*,*,#2860,.T.);
#3742=ORIENTED_EDGE('',*,*,#2861,.T.);
#3743=ORIENTED_EDGE('',*,*,#2857,.F.);
#3744=ORIENTED_EDGE('',*,*,#2862,.F.);
#3745=ORIENTED_EDGE('',*,*,#2843,.T.);
#3746=ORIENTED_EDGE('',*,*,#2863,.T.);
#3747=ORIENTED_EDGE('',*,*,#2864,.F.);
#3748=ORIENTED_EDGE('',*,*,#2863,.F.);
#3749=ORIENTED_EDGE('',*,*,#2842,.F.);
#3750=ORIENTED_EDGE('',*,*,#2846,.F.);
#3751=ORIENTED_EDGE('',*,*,#2849,.F.);
#3752=ORIENTED_EDGE('',*,*,#2852,.F.);
#3753=ORIENTED_EDGE('',*,*,#2855,.F.);
#3754=ORIENTED_EDGE('',*,*,#2858,.F.);
#3755=ORIENTED_EDGE('',*,*,#2861,.F.);
#3756=ORIENTED_EDGE('',*,*,#2865,.F.);
#3757=ORIENTED_EDGE('',*,*,#2866,.T.);
#3758=ORIENTED_EDGE('',*,*,#2867,.T.);
#3759=ORIENTED_EDGE('',*,*,#2860,.F.);
#3760=ORIENTED_EDGE('',*,*,#2868,.F.);
#3761=ORIENTED_EDGE('',*,*,#2869,.T.);
#3762=ORIENTED_EDGE('',*,*,#2870,.T.);
#3763=ORIENTED_EDGE('',*,*,#2866,.F.);
#3764=ORIENTED_EDGE('',*,*,#2871,.F.);
#3765=ORIENTED_EDGE('',*,*,#2818,.T.);
#3766=ORIENTED_EDGE('',*,*,#2872,.T.);
#3767=ORIENTED_EDGE('',*,*,#2869,.F.);
#3768=ORIENTED_EDGE('',*,*,#2873,.F.);
#3769=ORIENTED_EDGE('',*,*,#2864,.T.);
#3770=ORIENTED_EDGE('',*,*,#2874,.T.);
#3771=ORIENTED_EDGE('',*,*,#2838,.F.);
#3772=ORIENTED_EDGE('',*,*,#2874,.F.);
#3773=ORIENTED_EDGE('',*,*,#2867,.F.);
#3774=ORIENTED_EDGE('',*,*,#2870,.F.);
#3775=ORIENTED_EDGE('',*,*,#2872,.F.);
#3776=ORIENTED_EDGE('',*,*,#2875,.F.);
#3777=ORIENTED_EDGE('',*,*,#2876,.F.);
#3778=ORIENTED_EDGE('',*,*,#2877,.F.);
#3779=ORIENTED_EDGE('',*,*,#2878,.F.);
#3780=ORIENTED_EDGE('',*,*,#2879,.F.);
#3781=ORIENTED_EDGE('',*,*,#2880,.F.);
#3782=ORIENTED_EDGE('',*,*,#2881,.F.);
#3783=ORIENTED_EDGE('',*,*,#2882,.F.);
#3784=ORIENTED_EDGE('',*,*,#2883,.F.);
#3785=ORIENTED_EDGE('',*,*,#2884,.F.);
#3786=ORIENTED_EDGE('',*,*,#2885,.F.);
#3787=ORIENTED_EDGE('',*,*,#2886,.F.);
#3788=ORIENTED_EDGE('',*,*,#2887,.F.);
#3789=ORIENTED_EDGE('',*,*,#2888,.F.);
#3790=ORIENTED_EDGE('',*,*,#2889,.F.);
#3791=ORIENTED_EDGE('',*,*,#2890,.F.);
#3792=ORIENTED_EDGE('',*,*,#2891,.F.);
#3793=ORIENTED_EDGE('',*,*,#2892,.F.);
#3794=ORIENTED_EDGE('',*,*,#2879,.T.);
#3795=ORIENTED_EDGE('',*,*,#2893,.F.);
#3796=ORIENTED_EDGE('',*,*,#2894,.F.);
#3797=ORIENTED_EDGE('',*,*,#2895,.T.);
#3798=ORIENTED_EDGE('',*,*,#2882,.T.);
#3799=ORIENTED_EDGE('',*,*,#2896,.F.);
#3800=ORIENTED_EDGE('',*,*,#2897,.F.);
#3801=ORIENTED_EDGE('',*,*,#2898,.F.);
#3802=ORIENTED_EDGE('',*,*,#2881,.T.);
#3803=ORIENTED_EDGE('',*,*,#2899,.T.);
#3804=ORIENTED_EDGE('',*,*,#2900,.T.);
#3805=ORIENTED_EDGE('',*,*,#2896,.T.);
#3806=ORIENTED_EDGE('',*,*,#2889,.T.);
#3807=ORIENTED_EDGE('',*,*,#2901,.F.);
#3808=ORIENTED_EDGE('',*,*,#2902,.F.);
#3809=ORIENTED_EDGE('',*,*,#2903,.T.);
#3810=ORIENTED_EDGE('',*,*,#2904,.F.);
#3811=ORIENTED_EDGE('',*,*,#2905,.T.);
#3812=ORIENTED_EDGE('',*,*,#2886,.T.);
#3813=ORIENTED_EDGE('',*,*,#2905,.F.);
#3814=ORIENTED_EDGE('',*,*,#2904,.T.);
#3815=ORIENTED_EDGE('',*,*,#2906,.F.);
#3816=ORIENTED_EDGE('',*,*,#2907,.T.);
#3817=ORIENTED_EDGE('',*,*,#2892,.T.);
#3818=ORIENTED_EDGE('',*,*,#2907,.F.);
#3819=ORIENTED_EDGE('',*,*,#2906,.T.);
#3820=ORIENTED_EDGE('',*,*,#2908,.F.);
#3821=ORIENTED_EDGE('',*,*,#2909,.T.);
#3822=ORIENTED_EDGE('',*,*,#2910,.F.);
#3823=ORIENTED_EDGE('',*,*,#2909,.F.);
#3824=ORIENTED_EDGE('',*,*,#2908,.T.);
#3825=ORIENTED_EDGE('',*,*,#2911,.F.);
#3826=ORIENTED_EDGE('',*,*,#2912,.T.);
#3827=ORIENTED_EDGE('',*,*,#2880,.T.);
#3828=ORIENTED_EDGE('',*,*,#2912,.F.);
#3829=ORIENTED_EDGE('',*,*,#2911,.T.);
#3830=ORIENTED_EDGE('',*,*,#2913,.F.);
#3831=ORIENTED_EDGE('',*,*,#2914,.F.);
#3832=ORIENTED_EDGE('',*,*,#2915,.F.);
#3833=ORIENTED_EDGE('',*,*,#2916,.T.);
#3834=ORIENTED_EDGE('',*,*,#2917,.F.);
#3835=ORIENTED_EDGE('',*,*,#2918,.F.);
#3836=ORIENTED_EDGE('',*,*,#2919,.F.);
#3837=ORIENTED_EDGE('',*,*,#2920,.F.);
#3838=ORIENTED_EDGE('',*,*,#2921,.F.);
#3839=ORIENTED_EDGE('',*,*,#2922,.F.);
#3840=ORIENTED_EDGE('',*,*,#2923,.F.);
#3841=ORIENTED_EDGE('',*,*,#2924,.T.);
#3842=ORIENTED_EDGE('',*,*,#2925,.F.);
#3843=ORIENTED_EDGE('',*,*,#2926,.F.);
#3844=ORIENTED_EDGE('',*,*,#2927,.F.);
#3845=ORIENTED_EDGE('',*,*,#2928,.F.);
#3846=ORIENTED_EDGE('',*,*,#2929,.F.);
#3847=ORIENTED_EDGE('',*,*,#2930,.F.);
#3848=ORIENTED_EDGE('',*,*,#2931,.F.);
#3849=ORIENTED_EDGE('',*,*,#2932,.T.);
#3850=ORIENTED_EDGE('',*,*,#2933,.F.);
#3851=ORIENTED_EDGE('',*,*,#2934,.T.);
#3852=ORIENTED_EDGE('',*,*,#2935,.F.);
#3853=ORIENTED_EDGE('',*,*,#2936,.F.);
#3854=ORIENTED_EDGE('',*,*,#2920,.T.);
#3855=ORIENTED_EDGE('',*,*,#2937,.T.);
#3856=ORIENTED_EDGE('',*,*,#2938,.T.);
#3857=ORIENTED_EDGE('',*,*,#2939,.F.);
#3858=ORIENTED_EDGE('',*,*,#2928,.T.);
#3859=ORIENTED_EDGE('',*,*,#2940,.F.);
#3860=ORIENTED_EDGE('',*,*,#2941,.T.);
#3861=ORIENTED_EDGE('',*,*,#2942,.T.);
#3862=ORIENTED_EDGE('',*,*,#2916,.F.);
#3863=ORIENTED_EDGE('',*,*,#2943,.F.);
#3864=ORIENTED_EDGE('',*,*,#2926,.T.);
#3865=ORIENTED_EDGE('',*,*,#2944,.F.);
#3866=ORIENTED_EDGE('',*,*,#2945,.T.);
#3867=ORIENTED_EDGE('',*,*,#2840,.T.);
#3868=ORIENTED_EDGE('',*,*,#2862,.T.);
#3869=ORIENTED_EDGE('',*,*,#2873,.T.);
#3870=ORIENTED_EDGE('',*,*,#2837,.T.);
#3871=ORIENTED_EDGE('',*,*,#2834,.T.);
#3872=ORIENTED_EDGE('',*,*,#2831,.T.);
#3873=ORIENTED_EDGE('',*,*,#2828,.T.);
#3874=ORIENTED_EDGE('',*,*,#2825,.T.);
#3875=ORIENTED_EDGE('',*,*,#2822,.T.);
#3876=ORIENTED_EDGE('',*,*,#2819,.T.);
#3877=ORIENTED_EDGE('',*,*,#2815,.T.);
#3878=ORIENTED_EDGE('',*,*,#2871,.T.);
#3879=ORIENTED_EDGE('',*,*,#2868,.T.);
#3880=ORIENTED_EDGE('',*,*,#2865,.T.);
#3881=ORIENTED_EDGE('',*,*,#2859,.T.);
#3882=ORIENTED_EDGE('',*,*,#2856,.T.);
#3883=ORIENTED_EDGE('',*,*,#2853,.T.);
#3884=ORIENTED_EDGE('',*,*,#2850,.T.);
#3885=ORIENTED_EDGE('',*,*,#2847,.T.);
#3886=ORIENTED_EDGE('',*,*,#2844,.T.);
#3887=ORIENTED_EDGE('',*,*,#2779,.T.);
#3888=ORIENTED_EDGE('',*,*,#2813,.T.);
#3889=ORIENTED_EDGE('',*,*,#2810,.T.);
#3890=ORIENTED_EDGE('',*,*,#2807,.T.);
#3891=ORIENTED_EDGE('',*,*,#2804,.T.);
#3892=ORIENTED_EDGE('',*,*,#2801,.T.);
#3893=ORIENTED_EDGE('',*,*,#2798,.T.);
#3894=ORIENTED_EDGE('',*,*,#2795,.T.);
#3895=ORIENTED_EDGE('',*,*,#2792,.T.);
#3896=ORIENTED_EDGE('',*,*,#2789,.T.);
#3897=ORIENTED_EDGE('',*,*,#2786,.T.);
#3898=ORIENTED_EDGE('',*,*,#2783,.T.);
#3899=ORIENTED_EDGE('',*,*,#2743,.T.);
#3900=ORIENTED_EDGE('',*,*,#2777,.T.);
#3901=ORIENTED_EDGE('',*,*,#2774,.T.);
#3902=ORIENTED_EDGE('',*,*,#2771,.T.);
#3903=ORIENTED_EDGE('',*,*,#2768,.T.);
#3904=ORIENTED_EDGE('',*,*,#2765,.T.);
#3905=ORIENTED_EDGE('',*,*,#2762,.T.);
#3906=ORIENTED_EDGE('',*,*,#2759,.T.);
#3907=ORIENTED_EDGE('',*,*,#2756,.T.);
#3908=ORIENTED_EDGE('',*,*,#2753,.T.);
#3909=ORIENTED_EDGE('',*,*,#2750,.T.);
#3910=ORIENTED_EDGE('',*,*,#2747,.T.);
#3911=ORIENTED_EDGE('',*,*,#2709,.T.);
#3912=ORIENTED_EDGE('',*,*,#2730,.T.);
#3913=ORIENTED_EDGE('',*,*,#2733,.T.);
#3914=ORIENTED_EDGE('',*,*,#2741,.T.);
#3915=ORIENTED_EDGE('',*,*,#2678,.T.);
#3916=ORIENTED_EDGE('',*,*,#2675,.T.);
#3917=ORIENTED_EDGE('',*,*,#2671,.T.);
#3918=ORIENTED_EDGE('',*,*,#2681,.T.);
#3919=ORIENTED_EDGE('',*,*,#2739,.T.);
#3920=ORIENTED_EDGE('',*,*,#2736,.T.);
#3921=ORIENTED_EDGE('',*,*,#2727,.T.);
#3922=ORIENTED_EDGE('',*,*,#2703,.T.);
#3923=ORIENTED_EDGE('',*,*,#2700,.T.);
#3924=ORIENTED_EDGE('',*,*,#2691,.T.);
#3925=ORIENTED_EDGE('',*,*,#2688,.T.);
#3926=ORIENTED_EDGE('',*,*,#2684,.T.);
#3927=ORIENTED_EDGE('',*,*,#2694,.T.);
#3928=ORIENTED_EDGE('',*,*,#2697,.T.);
#3929=ORIENTED_EDGE('',*,*,#2706,.T.);
#3930=ORIENTED_EDGE('',*,*,#2725,.T.);
#3931=ORIENTED_EDGE('',*,*,#2722,.T.);
#3932=ORIENTED_EDGE('',*,*,#2719,.T.);
#3933=ORIENTED_EDGE('',*,*,#2716,.T.);
#3934=ORIENTED_EDGE('',*,*,#2713,.T.);
#3935=ORIENTED_EDGE('',*,*,#2919,.T.);
#3936=ORIENTED_EDGE('',*,*,#2946,.F.);
#3937=ORIENTED_EDGE('',*,*,#2931,.T.);
#3938=ORIENTED_EDGE('',*,*,#2947,.T.);
#3939=ORIENTED_EDGE('',*,*,#2948,.T.);
#3940=ORIENTED_EDGE('',*,*,#2937,.F.);
#3941=ORIENTED_EDGE('',*,*,#2949,.T.);
#3942=ORIENTED_EDGE('',*,*,#2950,.F.);
#3943=ORIENTED_EDGE('',*,*,#2951,.T.);
#3944=ORIENTED_EDGE('',*,*,#2952,.F.);
#3945=ORIENTED_EDGE('',*,*,#2953,.T.);
#3946=ORIENTED_EDGE('',*,*,#2915,.T.);
#3947=ORIENTED_EDGE('',*,*,#2954,.T.);
#3948=ORIENTED_EDGE('',*,*,#2933,.T.);
#3949=ORIENTED_EDGE('',*,*,#2955,.T.);
#3950=ORIENTED_EDGE('',*,*,#2923,.T.);
#3951=ORIENTED_EDGE('',*,*,#2956,.T.);
#3952=ORIENTED_EDGE('',*,*,#2957,.T.);
#3953=ORIENTED_EDGE('',*,*,#2940,.T.);
#3954=ORIENTED_EDGE('',*,*,#2927,.T.);
#3955=ORIENTED_EDGE('',*,*,#2943,.T.);
#3956=ORIENTED_EDGE('',*,*,#2924,.F.);
#3957=ORIENTED_EDGE('',*,*,#2955,.F.);
#3958=ORIENTED_EDGE('',*,*,#2936,.T.);
#3959=ORIENTED_EDGE('',*,*,#2958,.F.);
#3960=ORIENTED_EDGE('',*,*,#2945,.F.);
#3961=ORIENTED_EDGE('',*,*,#2959,.T.);
#3962=ORIENTED_EDGE('',*,*,#2960,.F.);
#3963=ORIENTED_EDGE('',*,*,#2959,.F.);
#3964=ORIENTED_EDGE('',*,*,#2961,.F.);
#3965=ORIENTED_EDGE('',*,*,#2962,.F.);
#3966=ORIENTED_EDGE('',*,*,#2963,.F.);
#3967=ORIENTED_EDGE('',*,*,#2964,.T.);
#3968=ORIENTED_EDGE('',*,*,#2965,.F.);
#3969=ORIENTED_EDGE('',*,*,#2964,.F.);
#3970=ORIENTED_EDGE('',*,*,#2966,.F.);
#3971=ORIENTED_EDGE('',*,*,#2967,.T.);
#3972=ORIENTED_EDGE('',*,*,#2968,.F.);
#3973=ORIENTED_EDGE('',*,*,#2967,.F.);
#3974=ORIENTED_EDGE('',*,*,#2969,.F.);
#3975=ORIENTED_EDGE('',*,*,#2970,.T.);
#3976=ORIENTED_EDGE('',*,*,#2971,.T.);
#3977=ORIENTED_EDGE('',*,*,#2972,.T.);
#3978=ORIENTED_EDGE('',*,*,#2973,.T.);
#3979=ORIENTED_EDGE('',*,*,#2974,.T.);
#3980=ORIENTED_EDGE('',*,*,#2975,.T.);
#3981=ORIENTED_EDGE('',*,*,#2894,.T.);
#3982=ORIENTED_EDGE('',*,*,#2976,.T.);
#3983=ORIENTED_EDGE('',*,*,#2977,.T.);
#3984=ORIENTED_EDGE('',*,*,#2978,.T.);
#3985=ORIENTED_EDGE('',*,*,#2979,.T.);
#3986=ORIENTED_EDGE('',*,*,#2980,.T.);
#3987=ORIENTED_EDGE('',*,*,#2902,.T.);
#3988=ORIENTED_EDGE('',*,*,#2981,.T.);
#3989=ORIENTED_EDGE('',*,*,#2982,.T.);
#3990=ORIENTED_EDGE('',*,*,#2983,.T.);
#3991=ORIENTED_EDGE('',*,*,#2984,.T.);
#3992=ORIENTED_EDGE('',*,*,#2985,.T.);
#3993=ORIENTED_EDGE('',*,*,#2986,.T.);
#3994=ORIENTED_EDGE('',*,*,#2987,.T.);
#3995=ORIENTED_EDGE('',*,*,#2988,.T.);
#3996=ORIENTED_EDGE('',*,*,#2970,.F.);
#3997=ORIENTED_EDGE('',*,*,#2989,.F.);
#3998=ORIENTED_EDGE('',*,*,#2962,.T.);
#3999=ORIENTED_EDGE('',*,*,#2990,.T.);
#4000=ORIENTED_EDGE('',*,*,#2991,.T.);
#4001=ORIENTED_EDGE('',*,*,#2992,.T.);
#4002=ORIENTED_EDGE('',*,*,#2993,.T.);
#4003=ORIENTED_EDGE('',*,*,#2994,.F.);
#4004=ORIENTED_EDGE('',*,*,#2995,.T.);
#4005=ORIENTED_EDGE('',*,*,#2996,.T.);
#4006=ORIENTED_EDGE('',*,*,#2997,.T.);
#4007=ORIENTED_EDGE('',*,*,#2998,.T.);
#4008=ORIENTED_EDGE('',*,*,#2999,.T.);
#4009=ORIENTED_EDGE('',*,*,#3000,.F.);
#4010=ORIENTED_EDGE('',*,*,#3001,.F.);
#4011=ORIENTED_EDGE('',*,*,#3002,.F.);
#4012=ORIENTED_EDGE('',*,*,#3003,.T.);
#4013=ORIENTED_EDGE('',*,*,#3004,.F.);
#4014=ORIENTED_EDGE('',*,*,#3005,.F.);
#4015=ORIENTED_EDGE('',*,*,#3006,.F.);
#4016=ORIENTED_EDGE('',*,*,#3006,.T.);
#4017=ORIENTED_EDGE('',*,*,#3007,.F.);
#4018=ORIENTED_EDGE('',*,*,#2993,.F.);
#4019=ORIENTED_EDGE('',*,*,#3008,.T.);
#4020=ORIENTED_EDGE('',*,*,#3000,.T.);
#4021=ORIENTED_EDGE('',*,*,#3009,.F.);
#4022=ORIENTED_EDGE('',*,*,#2991,.F.);
#4023=ORIENTED_EDGE('',*,*,#3010,.T.);
#4024=ORIENTED_EDGE('',*,*,#2990,.F.);
#4025=ORIENTED_EDGE('',*,*,#3007,.T.);
#4026=ORIENTED_EDGE('',*,*,#3005,.T.);
#4027=ORIENTED_EDGE('',*,*,#3011,.F.);
#4028=ORIENTED_EDGE('',*,*,#2995,.F.);
#4029=ORIENTED_EDGE('',*,*,#3012,.F.);
#4030=ORIENTED_EDGE('',*,*,#3001,.T.);
#4031=ORIENTED_EDGE('',*,*,#3010,.F.);
#4032=ORIENTED_EDGE('',*,*,#3004,.T.);
#4033=ORIENTED_EDGE('',*,*,#3013,.F.);
#4034=ORIENTED_EDGE('',*,*,#2972,.F.);
#4035=ORIENTED_EDGE('',*,*,#3014,.T.);
#4036=ORIENTED_EDGE('',*,*,#2996,.F.);
#4037=ORIENTED_EDGE('',*,*,#3011,.T.);
#4038=ORIENTED_EDGE('',*,*,#2968,.T.);
#4039=ORIENTED_EDGE('',*,*,#2988,.F.);
#4040=ORIENTED_EDGE('',*,*,#3015,.T.);
#4041=ORIENTED_EDGE('',*,*,#2997,.F.);
#4042=ORIENTED_EDGE('',*,*,#3014,.F.);
#4043=ORIENTED_EDGE('',*,*,#2971,.F.);
#4044=ORIENTED_EDGE('',*,*,#2961,.T.);
#4045=ORIENTED_EDGE('',*,*,#2965,.T.);
#4046=ORIENTED_EDGE('',*,*,#3012,.T.);
#4047=ORIENTED_EDGE('',*,*,#2998,.F.);
#4048=ORIENTED_EDGE('',*,*,#3015,.F.);
#4049=ORIENTED_EDGE('',*,*,#2987,.F.);
#4050=ORIENTED_EDGE('',*,*,#3016,.T.);
#4051=ORIENTED_EDGE('',*,*,#3002,.T.);
#4052=ORIENTED_EDGE('',*,*,#3017,.F.);
#4053=ORIENTED_EDGE('',*,*,#3018,.F.);
#4054=ORIENTED_EDGE('',*,*,#3019,.F.);
#4055=ORIENTED_EDGE('',*,*,#3020,.F.);
#4056=ORIENTED_EDGE('',*,*,#2973,.F.);
#4057=ORIENTED_EDGE('',*,*,#3013,.T.);
#4058=ORIENTED_EDGE('',*,*,#3003,.F.);
#4059=ORIENTED_EDGE('',*,*,#3008,.F.);
#4060=ORIENTED_EDGE('',*,*,#2992,.F.);
#4061=ORIENTED_EDGE('',*,*,#3009,.T.);
#4062=ORIENTED_EDGE('',*,*,#2999,.F.);
#4063=ORIENTED_EDGE('',*,*,#3016,.F.);
#4064=ORIENTED_EDGE('',*,*,#2986,.F.);
#4065=ORIENTED_EDGE('',*,*,#3021,.T.);
#4066=ORIENTED_EDGE('',*,*,#3022,.F.);
#4067=ORIENTED_EDGE('',*,*,#3021,.F.);
#4068=ORIENTED_EDGE('',*,*,#2985,.F.);
#4069=ORIENTED_EDGE('',*,*,#3023,.T.);
#4070=ORIENTED_EDGE('',*,*,#2888,.T.);
#4071=ORIENTED_EDGE('',*,*,#3024,.F.);
#4072=ORIENTED_EDGE('',*,*,#2981,.F.);
#4073=ORIENTED_EDGE('',*,*,#2901,.T.);
#4074=ORIENTED_EDGE('',*,*,#2878,.T.);
#4075=ORIENTED_EDGE('',*,*,#3025,.F.);
#4076=ORIENTED_EDGE('',*,*,#2976,.F.);
#4077=ORIENTED_EDGE('',*,*,#2893,.T.);
#4078=ORIENTED_EDGE('',*,*,#3026,.F.);
#4079=ORIENTED_EDGE('',*,*,#3027,.T.);
#4080=ORIENTED_EDGE('',*,*,#3028,.F.);
#4081=ORIENTED_EDGE('',*,*,#3029,.T.);
#4082=ORIENTED_EDGE('',*,*,#3030,.F.);
#4083=ORIENTED_EDGE('',*,*,#3029,.F.);
#4084=ORIENTED_EDGE('',*,*,#3031,.F.);
#4085=ORIENTED_EDGE('',*,*,#3032,.F.);
#4086=ORIENTED_EDGE('',*,*,#3033,.F.);
#4087=ORIENTED_EDGE('',*,*,#3023,.F.);
#4088=ORIENTED_EDGE('',*,*,#2984,.F.);
#4089=ORIENTED_EDGE('',*,*,#3034,.T.);
#4090=ORIENTED_EDGE('',*,*,#3022,.T.);
#4091=ORIENTED_EDGE('',*,*,#3033,.T.);
#4092=ORIENTED_EDGE('',*,*,#3035,.T.);
#4093=ORIENTED_EDGE('',*,*,#3036,.T.);
#4094=ORIENTED_EDGE('',*,*,#3017,.T.);
#4095=ORIENTED_EDGE('',*,*,#3036,.F.);
#4096=ORIENTED_EDGE('',*,*,#3037,.T.);
#4097=ORIENTED_EDGE('',*,*,#3038,.F.);
#4098=ORIENTED_EDGE('',*,*,#3018,.T.);
#4099=ORIENTED_EDGE('',*,*,#3019,.T.);
#4100=ORIENTED_EDGE('',*,*,#3038,.T.);
#4101=ORIENTED_EDGE('',*,*,#3039,.T.);
#4102=ORIENTED_EDGE('',*,*,#3040,.T.);
#4103=ORIENTED_EDGE('',*,*,#3040,.F.);
#4104=ORIENTED_EDGE('',*,*,#3041,.F.);
#4105=ORIENTED_EDGE('',*,*,#2974,.F.);
#4106=ORIENTED_EDGE('',*,*,#3020,.T.);
#4107=ORIENTED_EDGE('',*,*,#2887,.T.);
#4108=ORIENTED_EDGE('',*,*,#3042,.F.);
#4109=ORIENTED_EDGE('',*,*,#2982,.F.);
#4110=ORIENTED_EDGE('',*,*,#3024,.T.);
#4111=ORIENTED_EDGE('',*,*,#3043,.F.);
#4112=ORIENTED_EDGE('',*,*,#3044,.F.);
#4113=ORIENTED_EDGE('',*,*,#2979,.F.);
#4114=ORIENTED_EDGE('',*,*,#3045,.T.);
#4115=ORIENTED_EDGE('',*,*,#3046,.T.);
#4116=ORIENTED_EDGE('',*,*,#3047,.T.);
#4117=ORIENTED_EDGE('',*,*,#3048,.F.);
#4118=ORIENTED_EDGE('',*,*,#3049,.F.);
#4119=ORIENTED_EDGE('',*,*,#2877,.T.);
#4120=ORIENTED_EDGE('',*,*,#3050,.F.);
#4121=ORIENTED_EDGE('',*,*,#2977,.F.);
#4122=ORIENTED_EDGE('',*,*,#3025,.T.);
#4123=ORIENTED_EDGE('',*,*,#3028,.T.);
#4124=ORIENTED_EDGE('',*,*,#3051,.T.);
#4125=ORIENTED_EDGE('',*,*,#3052,.F.);
#4126=ORIENTED_EDGE('',*,*,#3053,.F.);
#4127=ORIENTED_EDGE('',*,*,#3031,.T.);
#4128=ORIENTED_EDGE('',*,*,#2910,.T.);
#4129=ORIENTED_EDGE('',*,*,#2885,.T.);
#4130=ORIENTED_EDGE('',*,*,#3054,.F.);
#4131=ORIENTED_EDGE('',*,*,#3055,.F.);
#4132=ORIENTED_EDGE('',*,*,#2899,.F.);
#4133=ORIENTED_EDGE('',*,*,#3055,.T.);
#4134=ORIENTED_EDGE('',*,*,#3056,.T.);
#4135=ORIENTED_EDGE('',*,*,#3057,.T.);
#4136=ORIENTED_EDGE('',*,*,#3026,.T.);
#4137=ORIENTED_EDGE('',*,*,#3030,.T.);
#4138=ORIENTED_EDGE('',*,*,#3058,.F.);
#4139=ORIENTED_EDGE('',*,*,#3046,.F.);
#4140=ORIENTED_EDGE('',*,*,#3059,.F.);
#4141=ORIENTED_EDGE('',*,*,#2897,.T.);
#4142=ORIENTED_EDGE('',*,*,#2900,.F.);
#4143=ORIENTED_EDGE('',*,*,#3057,.F.);
#4144=ORIENTED_EDGE('',*,*,#3060,.F.);
#4145=ORIENTED_EDGE('',*,*,#3051,.F.);
#4146=ORIENTED_EDGE('',*,*,#3027,.F.);
#4147=ORIENTED_EDGE('',*,*,#3061,.T.);
#4148=ORIENTED_EDGE('',*,*,#3062,.T.);
#4149=ORIENTED_EDGE('',*,*,#3063,.F.);
#4150=ORIENTED_EDGE('',*,*,#3064,.F.);
#4151=ORIENTED_EDGE('',*,*,#3065,.T.);
#4152=ORIENTED_EDGE('',*,*,#3066,.T.);
#4153=ORIENTED_EDGE('',*,*,#3067,.F.);
#4154=ORIENTED_EDGE('',*,*,#3068,.T.);
#4155=ORIENTED_EDGE('',*,*,#3069,.T.);
#4156=ORIENTED_EDGE('',*,*,#3048,.T.);
#4157=ORIENTED_EDGE('',*,*,#3070,.T.);
#4158=ORIENTED_EDGE('',*,*,#3071,.T.);
#4159=ORIENTED_EDGE('',*,*,#3072,.T.);
#4160=ORIENTED_EDGE('',*,*,#3043,.T.);
#4161=ORIENTED_EDGE('',*,*,#3073,.T.);
#4162=ORIENTED_EDGE('',*,*,#3074,.T.);
#4163=ORIENTED_EDGE('',*,*,#3075,.T.);
#4164=ORIENTED_EDGE('',*,*,#3076,.T.);
#4165=ORIENTED_EDGE('',*,*,#3077,.F.);
#4166=ORIENTED_EDGE('',*,*,#3078,.F.);
#4167=ORIENTED_EDGE('',*,*,#3079,.T.);
#4168=ORIENTED_EDGE('',*,*,#3080,.T.);
#4169=ORIENTED_EDGE('',*,*,#3081,.F.);
#4170=ORIENTED_EDGE('',*,*,#3082,.F.);
#4171=ORIENTED_EDGE('',*,*,#3083,.T.);
#4172=ORIENTED_EDGE('',*,*,#2941,.F.);
#4173=ORIENTED_EDGE('',*,*,#2957,.F.);
#4174=ORIENTED_EDGE('',*,*,#3084,.F.);
#4175=ORIENTED_EDGE('',*,*,#2914,.T.);
#4176=ORIENTED_EDGE('',*,*,#3085,.F.);
#4177=ORIENTED_EDGE('',*,*,#2934,.F.);
#4178=ORIENTED_EDGE('',*,*,#2954,.F.);
#4179=ORIENTED_EDGE('',*,*,#2963,.T.);
#4180=ORIENTED_EDGE('',*,*,#2989,.T.);
#4181=ORIENTED_EDGE('',*,*,#2969,.T.);
#4182=ORIENTED_EDGE('',*,*,#2966,.T.);
#4183=ORIENTED_EDGE('',*,*,#2903,.F.);
#4184=ORIENTED_EDGE('',*,*,#2980,.F.);
#4185=ORIENTED_EDGE('',*,*,#3044,.T.);
#4186=ORIENTED_EDGE('',*,*,#3072,.F.);
#4187=ORIENTED_EDGE('',*,*,#3086,.F.);
#4188=ORIENTED_EDGE('',*,*,#3070,.F.);
#4189=ORIENTED_EDGE('',*,*,#3047,.F.);
#4190=ORIENTED_EDGE('',*,*,#3058,.T.);
#4191=ORIENTED_EDGE('',*,*,#3032,.T.);
#4192=ORIENTED_EDGE('',*,*,#3053,.T.);
#4193=ORIENTED_EDGE('',*,*,#3087,.T.);
#4194=ORIENTED_EDGE('',*,*,#3088,.F.);
#4195=ORIENTED_EDGE('',*,*,#3089,.F.);
#4196=ORIENTED_EDGE('',*,*,#2890,.T.);
#4197=ORIENTED_EDGE('',*,*,#3042,.T.);
#4198=ORIENTED_EDGE('',*,*,#2891,.T.);
#4199=ORIENTED_EDGE('',*,*,#3089,.T.);
#4200=ORIENTED_EDGE('',*,*,#3090,.F.);
#4201=ORIENTED_EDGE('',*,*,#3091,.F.);
#4202=ORIENTED_EDGE('',*,*,#2875,.T.);
#4203=ORIENTED_EDGE('',*,*,#2895,.F.);
#4204=ORIENTED_EDGE('',*,*,#2975,.F.);
#4205=ORIENTED_EDGE('',*,*,#3041,.T.);
#4206=ORIENTED_EDGE('',*,*,#3039,.F.);
#4207=ORIENTED_EDGE('',*,*,#3037,.F.);
#4208=ORIENTED_EDGE('',*,*,#3035,.F.);
#4209=ORIENTED_EDGE('',*,*,#3034,.F.);
#4210=ORIENTED_EDGE('',*,*,#2983,.F.);
#4211=ORIENTED_EDGE('',*,*,#3050,.T.);
#4212=ORIENTED_EDGE('',*,*,#2876,.T.);
#4213=ORIENTED_EDGE('',*,*,#3091,.T.);
#4214=ORIENTED_EDGE('',*,*,#3092,.F.);
#4215=ORIENTED_EDGE('',*,*,#3093,.T.);
#4216=ORIENTED_EDGE('',*,*,#2883,.T.);
#4217=ORIENTED_EDGE('',*,*,#2898,.T.);
#4218=ORIENTED_EDGE('',*,*,#3059,.T.);
#4219=ORIENTED_EDGE('',*,*,#3049,.T.);
#4220=ORIENTED_EDGE('',*,*,#3069,.F.);
#4221=ORIENTED_EDGE('',*,*,#3094,.F.);
#4222=ORIENTED_EDGE('',*,*,#3073,.F.);
#4223=ORIENTED_EDGE('',*,*,#3045,.F.);
#4224=ORIENTED_EDGE('',*,*,#2978,.F.);
#4225=ORIENTED_EDGE('',*,*,#2960,.T.);
#4226=ORIENTED_EDGE('',*,*,#3060,.T.);
#4227=ORIENTED_EDGE('',*,*,#3056,.F.);
#4228=ORIENTED_EDGE('',*,*,#3054,.T.);
#4229=ORIENTED_EDGE('',*,*,#2884,.T.);
#4230=ORIENTED_EDGE('',*,*,#3093,.F.);
#4231=ORIENTED_EDGE('',*,*,#3095,.F.);
#4232=ORIENTED_EDGE('',*,*,#3087,.F.);
#4233=ORIENTED_EDGE('',*,*,#3052,.T.);
#4234=ORIENTED_EDGE('',*,*,#3096,.T.);
#4235=ORIENTED_EDGE('',*,*,#3097,.F.);
#4236=ORIENTED_EDGE('',*,*,#3098,.F.);
#4237=ORIENTED_EDGE('',*,*,#3080,.F.);
#4238=ORIENTED_EDGE('',*,*,#3099,.T.);
#4239=ORIENTED_EDGE('',*,*,#3082,.T.);
#4240=ORIENTED_EDGE('',*,*,#3100,.F.);
#4241=ORIENTED_EDGE('',*,*,#3101,.F.);
#4242=ORIENTED_EDGE('',*,*,#3102,.T.);
#4243=ORIENTED_EDGE('',*,*,#3103,.F.);
#4244=ORIENTED_EDGE('',*,*,#3104,.F.);
#4245=ORIENTED_EDGE('',*,*,#3062,.F.);
#4246=ORIENTED_EDGE('',*,*,#3105,.T.);
#4247=ORIENTED_EDGE('',*,*,#3064,.T.);
#4248=ORIENTED_EDGE('',*,*,#3106,.F.);
#4249=ORIENTED_EDGE('',*,*,#3107,.F.);
#4250=ORIENTED_EDGE('',*,*,#3108,.T.);
#4251=ORIENTED_EDGE('',*,*,#3109,.F.);
#4252=ORIENTED_EDGE('',*,*,#3110,.F.);
#4253=ORIENTED_EDGE('',*,*,#3066,.F.);
#4254=ORIENTED_EDGE('',*,*,#3111,.T.);
#4255=ORIENTED_EDGE('',*,*,#3068,.F.);
#4256=ORIENTED_EDGE('',*,*,#3112,.F.);
#4257=ORIENTED_EDGE('',*,*,#3113,.F.);
#4258=ORIENTED_EDGE('',*,*,#3114,.F.);
#4259=ORIENTED_EDGE('',*,*,#3115,.F.);
#4260=ORIENTED_EDGE('',*,*,#3108,.F.);
#4261=ORIENTED_EDGE('',*,*,#3065,.F.);
#4262=ORIENTED_EDGE('',*,*,#3111,.F.);
#4263=ORIENTED_EDGE('',*,*,#3116,.F.);
#4264=ORIENTED_EDGE('',*,*,#3117,.F.);
#4265=ORIENTED_EDGE('',*,*,#3118,.F.);
#4266=ORIENTED_EDGE('',*,*,#3102,.F.);
#4267=ORIENTED_EDGE('',*,*,#3061,.F.);
#4268=ORIENTED_EDGE('',*,*,#3105,.F.);
#4269=ORIENTED_EDGE('',*,*,#3119,.F.);
#4270=ORIENTED_EDGE('',*,*,#3120,.F.);
#4271=ORIENTED_EDGE('',*,*,#3121,.T.);
#4272=ORIENTED_EDGE('',*,*,#3122,.F.);
#4273=ORIENTED_EDGE('',*,*,#3117,.T.);
#4274=ORIENTED_EDGE('',*,*,#3121,.F.);
#4275=ORIENTED_EDGE('',*,*,#3123,.T.);
#4276=ORIENTED_EDGE('',*,*,#3124,.T.);
#4277=ORIENTED_EDGE('',*,*,#3125,.F.);
#4278=ORIENTED_EDGE('',*,*,#3124,.F.);
#4279=ORIENTED_EDGE('',*,*,#3126,.F.);
#4280=ORIENTED_EDGE('',*,*,#3127,.F.);
#4281=ORIENTED_EDGE('',*,*,#3128,.F.);
#4282=ORIENTED_EDGE('',*,*,#3129,.F.);
#4283=ORIENTED_EDGE('',*,*,#3130,.T.);
#4284=ORIENTED_EDGE('',*,*,#3127,.T.);
#4285=ORIENTED_EDGE('',*,*,#3131,.F.);
#4286=ORIENTED_EDGE('',*,*,#3132,.F.);
#4287=ORIENTED_EDGE('',*,*,#3129,.T.);
#4288=ORIENTED_EDGE('',*,*,#3133,.F.);
#4289=ORIENTED_EDGE('',*,*,#3134,.T.);
#4290=ORIENTED_EDGE('',*,*,#3135,.T.);
#4291=ORIENTED_EDGE('',*,*,#3136,.F.);
#4292=ORIENTED_EDGE('',*,*,#3137,.F.);
#4293=ORIENTED_EDGE('',*,*,#3076,.F.);
#4294=ORIENTED_EDGE('',*,*,#3074,.F.);
#4295=ORIENTED_EDGE('',*,*,#3094,.T.);
#4296=ORIENTED_EDGE('',*,*,#3071,.F.);
#4297=ORIENTED_EDGE('',*,*,#3086,.T.);
#4298=ORIENTED_EDGE('',*,*,#3067,.T.);
#4299=ORIENTED_EDGE('',*,*,#3110,.T.);
#4300=ORIENTED_EDGE('',*,*,#3138,.T.);
#4301=ORIENTED_EDGE('',*,*,#3112,.T.);
#4302=ORIENTED_EDGE('',*,*,#3137,.T.);
#4303=ORIENTED_EDGE('',*,*,#3139,.T.);
#4304=ORIENTED_EDGE('',*,*,#3140,.T.);
#4305=ORIENTED_EDGE('',*,*,#3077,.T.);
#4306=ORIENTED_EDGE('',*,*,#3141,.T.);
#4307=ORIENTED_EDGE('',*,*,#3106,.T.);
#4308=ORIENTED_EDGE('',*,*,#3063,.T.);
#4309=ORIENTED_EDGE('',*,*,#3104,.T.);
#4310=ORIENTED_EDGE('',*,*,#3100,.T.);
#4311=ORIENTED_EDGE('',*,*,#3081,.T.);
#4312=ORIENTED_EDGE('',*,*,#3098,.T.);
#4313=ORIENTED_EDGE('',*,*,#3142,.T.);
#4314=ORIENTED_EDGE('',*,*,#3143,.T.);
#4315=ORIENTED_EDGE('',*,*,#3078,.T.);
#4316=ORIENTED_EDGE('',*,*,#3140,.F.);
#4317=ORIENTED_EDGE('',*,*,#3144,.F.);
#4318=ORIENTED_EDGE('',*,*,#3145,.F.);
#4319=ORIENTED_EDGE('',*,*,#3146,.F.);
#4320=ORIENTED_EDGE('',*,*,#3096,.F.);
#4321=ORIENTED_EDGE('',*,*,#3079,.F.);
#4322=ORIENTED_EDGE('',*,*,#3099,.F.);
#4323=ORIENTED_EDGE('',*,*,#3147,.F.);
#4324=ORIENTED_EDGE('',*,*,#3134,.F.);
#4325=ORIENTED_EDGE('',*,*,#3148,.F.);
#4326=ORIENTED_EDGE('',*,*,#3135,.F.);
#4327=ORIENTED_EDGE('',*,*,#3075,.F.);
#4328=ORIENTED_EDGE('',*,*,#3143,.F.);
#4329=ORIENTED_EDGE('',*,*,#3149,.F.);
#4330=ORIENTED_EDGE('',*,*,#3150,.F.);
#4331=ORIENTED_EDGE('',*,*,#3151,.T.);
#4332=ORIENTED_EDGE('',*,*,#3152,.F.);
#4333=ORIENTED_EDGE('',*,*,#3145,.T.);
#4334=ORIENTED_EDGE('',*,*,#3153,.F.);
#4335=ORIENTED_EDGE('',*,*,#3154,.T.);
#4336=ORIENTED_EDGE('',*,*,#3155,.F.);
#4337=ORIENTED_EDGE('',*,*,#3114,.T.);
#4338=ORIENTED_EDGE('',*,*,#2922,.T.);
#4339=ORIENTED_EDGE('',*,*,#3156,.T.);
#4340=ORIENTED_EDGE('',*,*,#3084,.T.);
#4341=ORIENTED_EDGE('',*,*,#2956,.F.);
#4342=ORIENTED_EDGE('',*,*,#2921,.T.);
#4343=ORIENTED_EDGE('',*,*,#2939,.T.);
#4344=ORIENTED_EDGE('',*,*,#3157,.T.);
#4345=ORIENTED_EDGE('',*,*,#3158,.F.);
#4346=ORIENTED_EDGE('',*,*,#2929,.T.);
#4347=ORIENTED_EDGE('',*,*,#2942,.F.);
#4348=ORIENTED_EDGE('',*,*,#3083,.F.);
#4349=ORIENTED_EDGE('',*,*,#3156,.F.);
#4350=ORIENTED_EDGE('',*,*,#2913,.T.);
#4351=ORIENTED_EDGE('',*,*,#2944,.T.);
#4352=ORIENTED_EDGE('',*,*,#2925,.T.);
#4353=ORIENTED_EDGE('',*,*,#3159,.T.);
#4354=ORIENTED_EDGE('',*,*,#2917,.T.);
#4355=ORIENTED_EDGE('',*,*,#2958,.T.);
#4356=ORIENTED_EDGE('',*,*,#2935,.T.);
#4357=ORIENTED_EDGE('',*,*,#3085,.T.);
#4358=ORIENTED_EDGE('',*,*,#3095,.T.);
#4359=ORIENTED_EDGE('',*,*,#3092,.T.);
#4360=ORIENTED_EDGE('',*,*,#3090,.T.);
#4361=ORIENTED_EDGE('',*,*,#3088,.T.);
#4362=ORIENTED_EDGE('',*,*,#3151,.F.);
#4363=ORIENTED_EDGE('',*,*,#3160,.T.);
#4364=ORIENTED_EDGE('',*,*,#2952,.T.);
#4365=ORIENTED_EDGE('',*,*,#3161,.F.);
#4366=ORIENTED_EDGE('',*,*,#3153,.T.);
#4367=ORIENTED_EDGE('',*,*,#3119,.T.);
#4368=ORIENTED_EDGE('',*,*,#3107,.T.);
#4369=ORIENTED_EDGE('',*,*,#3141,.F.);
#4370=ORIENTED_EDGE('',*,*,#3103,.T.);
#4371=ORIENTED_EDGE('',*,*,#3118,.T.);
#4372=ORIENTED_EDGE('',*,*,#3122,.T.);
#4373=ORIENTED_EDGE('',*,*,#3125,.T.);
#4374=ORIENTED_EDGE('',*,*,#3128,.T.);
#4375=ORIENTED_EDGE('',*,*,#3130,.F.);
#4376=ORIENTED_EDGE('',*,*,#3132,.T.);
#4377=ORIENTED_EDGE('',*,*,#3147,.T.);
#4378=ORIENTED_EDGE('',*,*,#3101,.T.);
#4379=ORIENTED_EDGE('',*,*,#3142,.F.);
#4380=ORIENTED_EDGE('',*,*,#3097,.T.);
#4381=ORIENTED_EDGE('',*,*,#3146,.T.);
#4382=ORIENTED_EDGE('',*,*,#3152,.T.);
#4383=ORIENTED_EDGE('',*,*,#3161,.T.);
#4384=ORIENTED_EDGE('',*,*,#2951,.F.);
#4385=ORIENTED_EDGE('',*,*,#3162,.F.);
#4386=ORIENTED_EDGE('',*,*,#3154,.F.);
#4387=ORIENTED_EDGE('',*,*,#3162,.T.);
#4388=ORIENTED_EDGE('',*,*,#2950,.T.);
#4389=ORIENTED_EDGE('',*,*,#3163,.F.);
#4390=ORIENTED_EDGE('',*,*,#3155,.T.);
#4391=ORIENTED_EDGE('',*,*,#3163,.T.);
#4392=ORIENTED_EDGE('',*,*,#2949,.F.);
#4393=ORIENTED_EDGE('',*,*,#3160,.F.);
#4394=ORIENTED_EDGE('',*,*,#3150,.T.);
#4395=ORIENTED_EDGE('',*,*,#3149,.T.);
#4396=ORIENTED_EDGE('',*,*,#3144,.T.);
#4397=ORIENTED_EDGE('',*,*,#3139,.F.);
#4398=ORIENTED_EDGE('',*,*,#3136,.T.);
#4399=ORIENTED_EDGE('',*,*,#3148,.T.);
#4400=ORIENTED_EDGE('',*,*,#3133,.T.);
#4401=ORIENTED_EDGE('',*,*,#3131,.T.);
#4402=ORIENTED_EDGE('',*,*,#3126,.T.);
#4403=ORIENTED_EDGE('',*,*,#3123,.F.);
#4404=ORIENTED_EDGE('',*,*,#3120,.T.);
#4405=ORIENTED_EDGE('',*,*,#3116,.T.);
#4406=ORIENTED_EDGE('',*,*,#3113,.T.);
#4407=ORIENTED_EDGE('',*,*,#3138,.F.);
#4408=ORIENTED_EDGE('',*,*,#3109,.T.);
#4409=ORIENTED_EDGE('',*,*,#3115,.T.);
#4410=ORIENTED_EDGE('',*,*,#2948,.F.);
#4411=ORIENTED_EDGE('',*,*,#3164,.F.);
#4412=ORIENTED_EDGE('',*,*,#3157,.F.);
#4413=ORIENTED_EDGE('',*,*,#2938,.F.);
#4414=ORIENTED_EDGE('',*,*,#2930,.T.);
#4415=ORIENTED_EDGE('',*,*,#3158,.T.);
#4416=ORIENTED_EDGE('',*,*,#3164,.T.);
#4417=ORIENTED_EDGE('',*,*,#2947,.F.);
#4418=ORIENTED_EDGE('',*,*,#2918,.T.);
#4419=ORIENTED_EDGE('',*,*,#3159,.F.);
#4420=ORIENTED_EDGE('',*,*,#2932,.F.);
#4421=ORIENTED_EDGE('',*,*,#2946,.T.);
#4422=ORIENTED_EDGE('',*,*,#2953,.F.);
#4423=ORIENTED_EDGE('',*,*,#3165,.T.);
#4424=ORIENTED_EDGE('',*,*,#2994,.T.);
#4425=ORIENTED_EDGE('',*,*,#3165,.F.);
#4426=ORIENTED_EDGE('',*,*,#3166,.F.);
#4427=ORIENTED_EDGE('',*,*,#3167,.F.);
#4428=ORIENTED_EDGE('',*,*,#3168,.F.);
#4429=ORIENTED_EDGE('',*,*,#3169,.F.);
#4430=ORIENTED_EDGE('',*,*,#3170,.F.);
#4431=ORIENTED_EDGE('',*,*,#3171,.F.);
#4432=ORIENTED_EDGE('',*,*,#3172,.F.);
#4433=ORIENTED_EDGE('',*,*,#3173,.F.);
#4434=ORIENTED_EDGE('',*,*,#3174,.F.);
#4435=ORIENTED_EDGE('',*,*,#3175,.F.);
#4436=ORIENTED_EDGE('',*,*,#3176,.F.);
#4437=ORIENTED_EDGE('',*,*,#3177,.T.);
#4438=ORIENTED_EDGE('',*,*,#3167,.T.);
#4439=ORIENTED_EDGE('',*,*,#3178,.F.);
#4440=ORIENTED_EDGE('',*,*,#3179,.F.);
#4441=ORIENTED_EDGE('',*,*,#3180,.F.);
#4442=ORIENTED_EDGE('',*,*,#3173,.T.);
#4443=ORIENTED_EDGE('',*,*,#3181,.F.);
#4444=ORIENTED_EDGE('',*,*,#3182,.F.);
#4445=ORIENTED_EDGE('',*,*,#3183,.T.);
#4446=ORIENTED_EDGE('',*,*,#3171,.T.);
#4447=ORIENTED_EDGE('',*,*,#3184,.T.);
#4448=ORIENTED_EDGE('',*,*,#3177,.F.);
#4449=ORIENTED_EDGE('',*,*,#3185,.F.);
#4450=ORIENTED_EDGE('',*,*,#3166,.T.);
#4451=ORIENTED_EDGE('',*,*,#3185,.T.);
#4452=ORIENTED_EDGE('',*,*,#3176,.T.);
#4453=ORIENTED_EDGE('',*,*,#3186,.T.);
#4454=ORIENTED_EDGE('',*,*,#3187,.T.);
#4455=ORIENTED_EDGE('',*,*,#3178,.T.);
#4456=ORIENTED_EDGE('',*,*,#3188,.T.);
#4457=ORIENTED_EDGE('',*,*,#3189,.T.);
#4458=ORIENTED_EDGE('',*,*,#3190,.T.);
#4459=ORIENTED_EDGE('',*,*,#3191,.T.);
#4460=ORIENTED_EDGE('',*,*,#3192,.T.);
#4461=ORIENTED_EDGE('',*,*,#3193,.T.);
#4462=ORIENTED_EDGE('',*,*,#3194,.T.);
#4463=ORIENTED_EDGE('',*,*,#3195,.T.);
#4464=ORIENTED_EDGE('',*,*,#3196,.T.);
#4465=ORIENTED_EDGE('',*,*,#3197,.T.);
#4466=ORIENTED_EDGE('',*,*,#3198,.T.);
#4467=ORIENTED_EDGE('',*,*,#3199,.T.);
#4468=ORIENTED_EDGE('',*,*,#3200,.T.);
#4469=ORIENTED_EDGE('',*,*,#3201,.T.);
#4470=ORIENTED_EDGE('',*,*,#3202,.T.);
#4471=ORIENTED_EDGE('',*,*,#3203,.T.);
#4472=ORIENTED_EDGE('',*,*,#3204,.T.);
#4473=ORIENTED_EDGE('',*,*,#3205,.T.);
#4474=ORIENTED_EDGE('',*,*,#3206,.T.);
#4475=ORIENTED_EDGE('',*,*,#3207,.T.);
#4476=ORIENTED_EDGE('',*,*,#3208,.T.);
#4477=ORIENTED_EDGE('',*,*,#3209,.T.);
#4478=ORIENTED_EDGE('',*,*,#3210,.T.);
#4479=ORIENTED_EDGE('',*,*,#3211,.T.);
#4480=ORIENTED_EDGE('',*,*,#3212,.T.);
#4481=ORIENTED_EDGE('',*,*,#3213,.T.);
#4482=ORIENTED_EDGE('',*,*,#3214,.T.);
#4483=ORIENTED_EDGE('',*,*,#3215,.T.);
#4484=ORIENTED_EDGE('',*,*,#3216,.T.);
#4485=ORIENTED_EDGE('',*,*,#3217,.T.);
#4486=ORIENTED_EDGE('',*,*,#3218,.T.);
#4487=ORIENTED_EDGE('',*,*,#3219,.T.);
#4488=ORIENTED_EDGE('',*,*,#3220,.T.);
#4489=ORIENTED_EDGE('',*,*,#3221,.T.);
#4490=ORIENTED_EDGE('',*,*,#3222,.T.);
#4491=ORIENTED_EDGE('',*,*,#3223,.T.);
#4492=ORIENTED_EDGE('',*,*,#3224,.T.);
#4493=ORIENTED_EDGE('',*,*,#3221,.F.);
#4494=ORIENTED_EDGE('',*,*,#3225,.T.);
#4495=ORIENTED_EDGE('',*,*,#3226,.T.);
#4496=ORIENTED_EDGE('',*,*,#3227,.F.);
#4497=ORIENTED_EDGE('',*,*,#3224,.F.);
#4498=ORIENTED_EDGE('',*,*,#3228,.T.);
#4499=ORIENTED_EDGE('',*,*,#3229,.T.);
#4500=ORIENTED_EDGE('',*,*,#3225,.F.);
#4501=ORIENTED_EDGE('',*,*,#3223,.F.);
#4502=ORIENTED_EDGE('',*,*,#3230,.T.);
#4503=ORIENTED_EDGE('',*,*,#3231,.T.);
#4504=ORIENTED_EDGE('',*,*,#3228,.F.);
#4505=ORIENTED_EDGE('',*,*,#3222,.F.);
#4506=ORIENTED_EDGE('',*,*,#3227,.T.);
#4507=ORIENTED_EDGE('',*,*,#3232,.T.);
#4508=ORIENTED_EDGE('',*,*,#3230,.F.);
#4509=ORIENTED_EDGE('',*,*,#3232,.F.);
#4510=ORIENTED_EDGE('',*,*,#3226,.F.);
#4511=ORIENTED_EDGE('',*,*,#3229,.F.);
#4512=ORIENTED_EDGE('',*,*,#3231,.F.);
#4513=ORIENTED_EDGE('',*,*,#3189,.F.);
#4514=ORIENTED_EDGE('',*,*,#3233,.T.);
#4515=ORIENTED_EDGE('',*,*,#3234,.T.);
#4516=ORIENTED_EDGE('',*,*,#3235,.F.);
#4517=ORIENTED_EDGE('',*,*,#3220,.F.);
#4518=ORIENTED_EDGE('',*,*,#3236,.T.);
#4519=ORIENTED_EDGE('',*,*,#3237,.T.);
#4520=ORIENTED_EDGE('',*,*,#3233,.F.);
#4521=ORIENTED_EDGE('',*,*,#3219,.F.);
#4522=ORIENTED_EDGE('',*,*,#3238,.T.);
#4523=ORIENTED_EDGE('',*,*,#3239,.T.);
#4524=ORIENTED_EDGE('',*,*,#3236,.F.);
#4525=ORIENTED_EDGE('',*,*,#3218,.F.);
#4526=ORIENTED_EDGE('',*,*,#3240,.T.);
#4527=ORIENTED_EDGE('',*,*,#3241,.T.);
#4528=ORIENTED_EDGE('',*,*,#3238,.F.);
#4529=ORIENTED_EDGE('',*,*,#3217,.F.);
#4530=ORIENTED_EDGE('',*,*,#3242,.T.);
#4531=ORIENTED_EDGE('',*,*,#3243,.T.);
#4532=ORIENTED_EDGE('',*,*,#3240,.F.);
#4533=ORIENTED_EDGE('',*,*,#3216,.F.);
#4534=ORIENTED_EDGE('',*,*,#3244,.T.);
#4535=ORIENTED_EDGE('',*,*,#3245,.T.);
#4536=ORIENTED_EDGE('',*,*,#3242,.F.);
#4537=ORIENTED_EDGE('',*,*,#3215,.F.);
#4538=ORIENTED_EDGE('',*,*,#3246,.T.);
#4539=ORIENTED_EDGE('',*,*,#3247,.T.);
#4540=ORIENTED_EDGE('',*,*,#3244,.F.);
#4541=ORIENTED_EDGE('',*,*,#3214,.F.);
#4542=ORIENTED_EDGE('',*,*,#3248,.T.);
#4543=ORIENTED_EDGE('',*,*,#3249,.T.);
#4544=ORIENTED_EDGE('',*,*,#3246,.F.);
#4545=ORIENTED_EDGE('',*,*,#3213,.F.);
#4546=ORIENTED_EDGE('',*,*,#3250,.T.);
#4547=ORIENTED_EDGE('',*,*,#3251,.T.);
#4548=ORIENTED_EDGE('',*,*,#3248,.F.);
#4549=ORIENTED_EDGE('',*,*,#3212,.F.);
#4550=ORIENTED_EDGE('',*,*,#3252,.T.);
#4551=ORIENTED_EDGE('',*,*,#3253,.T.);
#4552=ORIENTED_EDGE('',*,*,#3250,.F.);
#4553=ORIENTED_EDGE('',*,*,#3211,.F.);
#4554=ORIENTED_EDGE('',*,*,#3254,.T.);
#4555=ORIENTED_EDGE('',*,*,#3255,.T.);
#4556=ORIENTED_EDGE('',*,*,#3252,.F.);
#4557=ORIENTED_EDGE('',*,*,#3210,.F.);
#4558=ORIENTED_EDGE('',*,*,#3256,.T.);
#4559=ORIENTED_EDGE('',*,*,#3257,.T.);
#4560=ORIENTED_EDGE('',*,*,#3254,.F.);
#4561=ORIENTED_EDGE('',*,*,#3209,.F.);
#4562=ORIENTED_EDGE('',*,*,#3258,.T.);
#4563=ORIENTED_EDGE('',*,*,#3259,.T.);
#4564=ORIENTED_EDGE('',*,*,#3256,.F.);
#4565=ORIENTED_EDGE('',*,*,#3208,.F.);
#4566=ORIENTED_EDGE('',*,*,#3260,.T.);
#4567=ORIENTED_EDGE('',*,*,#3261,.T.);
#4568=ORIENTED_EDGE('',*,*,#3258,.F.);
#4569=ORIENTED_EDGE('',*,*,#3207,.F.);
#4570=ORIENTED_EDGE('',*,*,#3262,.T.);
#4571=ORIENTED_EDGE('',*,*,#3263,.T.);
#4572=ORIENTED_EDGE('',*,*,#3260,.F.);
#4573=ORIENTED_EDGE('',*,*,#3206,.F.);
#4574=ORIENTED_EDGE('',*,*,#3264,.T.);
#4575=ORIENTED_EDGE('',*,*,#3265,.T.);
#4576=ORIENTED_EDGE('',*,*,#3262,.F.);
#4577=ORIENTED_EDGE('',*,*,#3205,.F.);
#4578=ORIENTED_EDGE('',*,*,#3266,.T.);
#4579=ORIENTED_EDGE('',*,*,#3267,.T.);
#4580=ORIENTED_EDGE('',*,*,#3264,.F.);
#4581=ORIENTED_EDGE('',*,*,#3204,.F.);
#4582=ORIENTED_EDGE('',*,*,#3268,.T.);
#4583=ORIENTED_EDGE('',*,*,#3269,.T.);
#4584=ORIENTED_EDGE('',*,*,#3266,.F.);
#4585=ORIENTED_EDGE('',*,*,#3203,.F.);
#4586=ORIENTED_EDGE('',*,*,#3270,.T.);
#4587=ORIENTED_EDGE('',*,*,#3271,.T.);
#4588=ORIENTED_EDGE('',*,*,#3268,.F.);
#4589=ORIENTED_EDGE('',*,*,#3202,.F.);
#4590=ORIENTED_EDGE('',*,*,#3272,.T.);
#4591=ORIENTED_EDGE('',*,*,#3273,.T.);
#4592=ORIENTED_EDGE('',*,*,#3270,.F.);
#4593=ORIENTED_EDGE('',*,*,#3201,.F.);
#4594=ORIENTED_EDGE('',*,*,#3274,.T.);
#4595=ORIENTED_EDGE('',*,*,#3275,.T.);
#4596=ORIENTED_EDGE('',*,*,#3272,.F.);
#4597=ORIENTED_EDGE('',*,*,#3200,.F.);
#4598=ORIENTED_EDGE('',*,*,#3276,.T.);
#4599=ORIENTED_EDGE('',*,*,#3277,.T.);
#4600=ORIENTED_EDGE('',*,*,#3274,.F.);
#4601=ORIENTED_EDGE('',*,*,#3199,.F.);
#4602=ORIENTED_EDGE('',*,*,#3278,.T.);
#4603=ORIENTED_EDGE('',*,*,#3279,.T.);
#4604=ORIENTED_EDGE('',*,*,#3276,.F.);
#4605=ORIENTED_EDGE('',*,*,#3198,.F.);
#4606=ORIENTED_EDGE('',*,*,#3280,.T.);
#4607=ORIENTED_EDGE('',*,*,#3281,.T.);
#4608=ORIENTED_EDGE('',*,*,#3278,.F.);
#4609=ORIENTED_EDGE('',*,*,#3197,.F.);
#4610=ORIENTED_EDGE('',*,*,#3282,.T.);
#4611=ORIENTED_EDGE('',*,*,#3283,.T.);
#4612=ORIENTED_EDGE('',*,*,#3280,.F.);
#4613=ORIENTED_EDGE('',*,*,#3196,.F.);
#4614=ORIENTED_EDGE('',*,*,#3284,.T.);
#4615=ORIENTED_EDGE('',*,*,#3285,.T.);
#4616=ORIENTED_EDGE('',*,*,#3282,.F.);
#4617=ORIENTED_EDGE('',*,*,#3195,.F.);
#4618=ORIENTED_EDGE('',*,*,#3286,.T.);
#4619=ORIENTED_EDGE('',*,*,#3287,.T.);
#4620=ORIENTED_EDGE('',*,*,#3284,.F.);
#4621=ORIENTED_EDGE('',*,*,#3194,.F.);
#4622=ORIENTED_EDGE('',*,*,#3288,.T.);
#4623=ORIENTED_EDGE('',*,*,#3289,.T.);
#4624=ORIENTED_EDGE('',*,*,#3286,.F.);
#4625=ORIENTED_EDGE('',*,*,#3193,.F.);
#4626=ORIENTED_EDGE('',*,*,#3290,.T.);
#4627=ORIENTED_EDGE('',*,*,#3291,.T.);
#4628=ORIENTED_EDGE('',*,*,#3288,.F.);
#4629=ORIENTED_EDGE('',*,*,#3192,.F.);
#4630=ORIENTED_EDGE('',*,*,#3292,.T.);
#4631=ORIENTED_EDGE('',*,*,#3293,.T.);
#4632=ORIENTED_EDGE('',*,*,#3290,.F.);
#4633=ORIENTED_EDGE('',*,*,#3191,.F.);
#4634=ORIENTED_EDGE('',*,*,#3294,.T.);
#4635=ORIENTED_EDGE('',*,*,#3295,.T.);
#4636=ORIENTED_EDGE('',*,*,#3292,.F.);
#4637=ORIENTED_EDGE('',*,*,#3190,.F.);
#4638=ORIENTED_EDGE('',*,*,#3235,.T.);
#4639=ORIENTED_EDGE('',*,*,#3296,.T.);
#4640=ORIENTED_EDGE('',*,*,#3294,.F.);
#4641=ORIENTED_EDGE('',*,*,#3296,.F.);
#4642=ORIENTED_EDGE('',*,*,#3234,.F.);
#4643=ORIENTED_EDGE('',*,*,#3237,.F.);
#4644=ORIENTED_EDGE('',*,*,#3239,.F.);
#4645=ORIENTED_EDGE('',*,*,#3241,.F.);
#4646=ORIENTED_EDGE('',*,*,#3243,.F.);
#4647=ORIENTED_EDGE('',*,*,#3245,.F.);
#4648=ORIENTED_EDGE('',*,*,#3247,.F.);
#4649=ORIENTED_EDGE('',*,*,#3249,.F.);
#4650=ORIENTED_EDGE('',*,*,#3251,.F.);
#4651=ORIENTED_EDGE('',*,*,#3253,.F.);
#4652=ORIENTED_EDGE('',*,*,#3255,.F.);
#4653=ORIENTED_EDGE('',*,*,#3257,.F.);
#4654=ORIENTED_EDGE('',*,*,#3259,.F.);
#4655=ORIENTED_EDGE('',*,*,#3261,.F.);
#4656=ORIENTED_EDGE('',*,*,#3263,.F.);
#4657=ORIENTED_EDGE('',*,*,#3265,.F.);
#4658=ORIENTED_EDGE('',*,*,#3267,.F.);
#4659=ORIENTED_EDGE('',*,*,#3269,.F.);
#4660=ORIENTED_EDGE('',*,*,#3271,.F.);
#4661=ORIENTED_EDGE('',*,*,#3273,.F.);
#4662=ORIENTED_EDGE('',*,*,#3275,.F.);
#4663=ORIENTED_EDGE('',*,*,#3277,.F.);
#4664=ORIENTED_EDGE('',*,*,#3279,.F.);
#4665=ORIENTED_EDGE('',*,*,#3281,.F.);
#4666=ORIENTED_EDGE('',*,*,#3283,.F.);
#4667=ORIENTED_EDGE('',*,*,#3285,.F.);
#4668=ORIENTED_EDGE('',*,*,#3287,.F.);
#4669=ORIENTED_EDGE('',*,*,#3289,.F.);
#4670=ORIENTED_EDGE('',*,*,#3291,.F.);
#4671=ORIENTED_EDGE('',*,*,#3293,.F.);
#4672=ORIENTED_EDGE('',*,*,#3295,.F.);
#4673=ORIENTED_EDGE('',*,*,#3297,.T.);
#4674=ORIENTED_EDGE('',*,*,#3298,.T.);
#4675=ORIENTED_EDGE('',*,*,#3299,.F.);
#4676=ORIENTED_EDGE('',*,*,#3298,.F.);
#4677=ORIENTED_EDGE('',*,*,#3188,.F.);
#4678=ORIENTED_EDGE('',*,*,#3300,.T.);
#4679=ORIENTED_EDGE('',*,*,#3301,.T.);
#4680=ORIENTED_EDGE('',*,*,#3300,.F.);
#4681=ORIENTED_EDGE('',*,*,#3301,.F.);
#4682=ORIENTED_EDGE('',*,*,#3297,.F.);
#4683=ORIENTED_EDGE('',*,*,#3175,.T.);
#4684=ORIENTED_EDGE('',*,*,#3302,.F.);
#4685=ORIENTED_EDGE('',*,*,#3303,.T.);
#4686=ORIENTED_EDGE('',*,*,#3186,.F.);
#4687=ORIENTED_EDGE('',*,*,#3304,.F.);
#4688=ORIENTED_EDGE('',*,*,#3179,.T.);
#4689=ORIENTED_EDGE('',*,*,#3187,.F.);
#4690=ORIENTED_EDGE('',*,*,#3303,.F.);
#4691=ORIENTED_EDGE('',*,*,#3168,.T.);
#4692=ORIENTED_EDGE('',*,*,#3180,.T.);
#4693=ORIENTED_EDGE('',*,*,#3304,.T.);
#4694=ORIENTED_EDGE('',*,*,#3302,.T.);
#4695=ORIENTED_EDGE('',*,*,#3174,.T.);
#4696=ORIENTED_EDGE('',*,*,#3183,.F.);
#4697=ORIENTED_EDGE('',*,*,#3305,.F.);
#4698=ORIENTED_EDGE('',*,*,#3306,.T.);
#4699=ORIENTED_EDGE('',*,*,#3170,.T.);
#4700=ORIENTED_EDGE('',*,*,#3307,.F.);
#4701=ORIENTED_EDGE('',*,*,#3308,.F.);
#4702=ORIENTED_EDGE('',*,*,#3181,.T.);
#4703=ORIENTED_EDGE('',*,*,#3172,.T.);
#4704=ORIENTED_EDGE('',*,*,#3184,.F.);
#4705=ORIENTED_EDGE('',*,*,#3299,.T.);
#4706=ORIENTED_EDGE('',*,*,#3169,.T.);
#4707=ORIENTED_EDGE('',*,*,#3306,.F.);
#4708=ORIENTED_EDGE('',*,*,#3309,.F.);
#4709=ORIENTED_EDGE('',*,*,#3307,.T.);
#4710=ORIENTED_EDGE('',*,*,#3305,.T.);
#4711=ORIENTED_EDGE('',*,*,#3182,.T.);
#4712=ORIENTED_EDGE('',*,*,#3308,.T.);
#4713=ORIENTED_EDGE('',*,*,#3309,.T.);
#4714=ORIENTED_EDGE('',*,*,#3310,.F.);
#4715=ORIENTED_EDGE('',*,*,#3311,.T.);
#4716=ORIENTED_EDGE('',*,*,#3312,.F.);
#4717=ORIENTED_EDGE('',*,*,#3311,.F.);
#4718=ORIENTED_EDGE('',*,*,#3310,.T.);
#4719=ORIENTED_EDGE('',*,*,#3313,.T.);
#4720=ORIENTED_EDGE('',*,*,#3314,.F.);
#4721=ORIENTED_EDGE('',*,*,#3315,.T.);
#4722=ORIENTED_EDGE('',*,*,#3316,.F.);
#4723=ORIENTED_EDGE('',*,*,#3315,.F.);
#4724=ORIENTED_EDGE('',*,*,#3314,.T.);
#4725=ORIENTED_EDGE('',*,*,#3317,.T.);
#4726=ORIENTED_EDGE('',*,*,#3318,.F.);
#4727=ORIENTED_EDGE('',*,*,#3319,.T.);
#4728=ORIENTED_EDGE('',*,*,#3320,.F.);
#4729=ORIENTED_EDGE('',*,*,#3319,.F.);
#4730=ORIENTED_EDGE('',*,*,#3318,.T.);
#4731=ORIENTED_EDGE('',*,*,#3321,.T.);
#4732=ORIENTED_EDGE('',*,*,#3322,.F.);
#4733=ORIENTED_EDGE('',*,*,#3323,.T.);
#4734=ORIENTED_EDGE('',*,*,#3324,.F.);
#4735=ORIENTED_EDGE('',*,*,#3323,.F.);
#4736=ORIENTED_EDGE('',*,*,#3322,.T.);
#4737=ORIENTED_EDGE('',*,*,#3325,.T.);
#4738=ORIENTED_EDGE('',*,*,#3326,.F.);
#4739=ORIENTED_EDGE('',*,*,#3327,.T.);
#4740=ORIENTED_EDGE('',*,*,#3328,.F.);
#4741=ORIENTED_EDGE('',*,*,#3329,.F.);
#4742=ORIENTED_EDGE('',*,*,#3330,.F.);
#4743=ORIENTED_EDGE('',*,*,#3331,.T.);
#4744=ORIENTED_EDGE('',*,*,#3332,.F.);
#4745=ORIENTED_EDGE('',*,*,#3333,.F.);
#4746=ORIENTED_EDGE('',*,*,#3334,.F.);
#4747=ORIENTED_EDGE('',*,*,#3335,.T.);
#4748=ORIENTED_EDGE('',*,*,#3336,.F.);
#4749=ORIENTED_EDGE('',*,*,#3337,.F.);
#4750=ORIENTED_EDGE('',*,*,#3338,.F.);
#4751=ORIENTED_EDGE('',*,*,#3339,.T.);
#4752=ORIENTED_EDGE('',*,*,#3340,.F.);
#4753=ORIENTED_EDGE('',*,*,#3341,.F.);
#4754=ORIENTED_EDGE('',*,*,#3328,.T.);
#4755=ORIENTED_EDGE('',*,*,#3342,.T.);
#4756=ORIENTED_EDGE('',*,*,#3336,.T.);
#4757=ORIENTED_EDGE('',*,*,#3343,.T.);
#4758=ORIENTED_EDGE('',*,*,#3332,.T.);
#4759=ORIENTED_EDGE('',*,*,#3344,.T.);
#4760=ORIENTED_EDGE('',*,*,#3340,.T.);
#4761=ORIENTED_EDGE('',*,*,#3345,.T.);
#4762=ORIENTED_EDGE('',*,*,#3346,.T.);
#4763=ORIENTED_EDGE('',*,*,#3347,.T.);
#4764=ORIENTED_EDGE('',*,*,#3348,.T.);
#4765=ORIENTED_EDGE('',*,*,#3349,.T.);
#4766=ORIENTED_EDGE('',*,*,#3350,.T.);
#4767=ORIENTED_EDGE('',*,*,#3351,.T.);
#4768=ORIENTED_EDGE('',*,*,#3352,.T.);
#4769=ORIENTED_EDGE('',*,*,#3353,.T.);
#4770=ORIENTED_EDGE('',*,*,#3354,.T.);
#4771=ORIENTED_EDGE('',*,*,#3355,.T.);
#4772=ORIENTED_EDGE('',*,*,#3356,.T.);
#4773=ORIENTED_EDGE('',*,*,#3357,.T.);
#4774=ORIENTED_EDGE('',*,*,#3358,.T.);
#4775=ORIENTED_EDGE('',*,*,#3359,.T.);
#4776=ORIENTED_EDGE('',*,*,#3360,.T.);
#4777=ORIENTED_EDGE('',*,*,#3361,.T.);
#4778=ORIENTED_EDGE('',*,*,#3362,.T.);
#4779=ORIENTED_EDGE('',*,*,#3363,.T.);
#4780=ORIENTED_EDGE('',*,*,#3364,.T.);
#4781=ORIENTED_EDGE('',*,*,#3365,.T.);
#4782=ORIENTED_EDGE('',*,*,#3366,.T.);
#4783=ORIENTED_EDGE('',*,*,#3367,.T.);
#4784=ORIENTED_EDGE('',*,*,#3368,.T.);
#4785=ORIENTED_EDGE('',*,*,#3369,.T.);
#4786=ORIENTED_EDGE('',*,*,#3370,.T.);
#4787=ORIENTED_EDGE('',*,*,#3371,.T.);
#4788=ORIENTED_EDGE('',*,*,#3372,.T.);
#4789=ORIENTED_EDGE('',*,*,#3373,.T.);
#4790=ORIENTED_EDGE('',*,*,#3374,.T.);
#4791=ORIENTED_EDGE('',*,*,#3375,.T.);
#4792=ORIENTED_EDGE('',*,*,#3326,.T.);
#4793=ORIENTED_EDGE('',*,*,#3376,.T.);
#4794=ORIENTED_EDGE('',*,*,#3338,.T.);
#4795=ORIENTED_EDGE('',*,*,#3377,.T.);
#4796=ORIENTED_EDGE('',*,*,#3330,.T.);
#4797=ORIENTED_EDGE('',*,*,#3378,.T.);
#4798=ORIENTED_EDGE('',*,*,#3334,.T.);
#4799=ORIENTED_EDGE('',*,*,#3379,.T.);
#4800=ORIENTED_EDGE('',*,*,#3316,.T.);
#4801=ORIENTED_EDGE('',*,*,#3324,.T.);
#4802=ORIENTED_EDGE('',*,*,#3380,.F.);
#4803=ORIENTED_EDGE('',*,*,#3381,.F.);
#4804=ORIENTED_EDGE('',*,*,#3382,.F.);
#4805=ORIENTED_EDGE('',*,*,#3383,.F.);
#4806=ORIENTED_EDGE('',*,*,#3384,.F.);
#4807=ORIENTED_EDGE('',*,*,#3385,.F.);
#4808=ORIENTED_EDGE('',*,*,#3386,.F.);
#4809=ORIENTED_EDGE('',*,*,#3387,.F.);
#4810=ORIENTED_EDGE('',*,*,#3388,.F.);
#4811=ORIENTED_EDGE('',*,*,#3389,.F.);
#4812=ORIENTED_EDGE('',*,*,#3390,.F.);
#4813=ORIENTED_EDGE('',*,*,#3391,.F.);
#4814=ORIENTED_EDGE('',*,*,#3392,.F.);
#4815=ORIENTED_EDGE('',*,*,#3393,.F.);
#4816=ORIENTED_EDGE('',*,*,#3394,.F.);
#4817=ORIENTED_EDGE('',*,*,#3395,.F.);
#4818=ORIENTED_EDGE('',*,*,#3396,.F.);
#4819=ORIENTED_EDGE('',*,*,#3397,.F.);
#4820=ORIENTED_EDGE('',*,*,#3398,.F.);
#4821=ORIENTED_EDGE('',*,*,#3399,.F.);
#4822=ORIENTED_EDGE('',*,*,#3400,.F.);
#4823=ORIENTED_EDGE('',*,*,#3401,.F.);
#4824=ORIENTED_EDGE('',*,*,#3402,.F.);
#4825=ORIENTED_EDGE('',*,*,#3403,.F.);
#4826=ORIENTED_EDGE('',*,*,#3404,.F.);
#4827=ORIENTED_EDGE('',*,*,#3405,.F.);
#4828=ORIENTED_EDGE('',*,*,#3320,.T.);
#4829=ORIENTED_EDGE('',*,*,#3312,.T.);
#4830=ORIENTED_EDGE('',*,*,#3331,.F.);
#4831=ORIENTED_EDGE('',*,*,#3377,.F.);
#4832=ORIENTED_EDGE('',*,*,#3341,.T.);
#4833=ORIENTED_EDGE('',*,*,#3344,.F.);
#4834=ORIENTED_EDGE('',*,*,#3333,.T.);
#4835=ORIENTED_EDGE('',*,*,#3343,.F.);
#4836=ORIENTED_EDGE('',*,*,#3335,.F.);
#4837=ORIENTED_EDGE('',*,*,#3378,.F.);
#4838=ORIENTED_EDGE('',*,*,#3327,.F.);
#4839=ORIENTED_EDGE('',*,*,#3379,.F.);
#4840=ORIENTED_EDGE('',*,*,#3337,.T.);
#4841=ORIENTED_EDGE('',*,*,#3342,.F.);
#4842=ORIENTED_EDGE('',*,*,#3329,.T.);
#4843=ORIENTED_EDGE('',*,*,#3345,.F.);
#4844=ORIENTED_EDGE('',*,*,#3339,.F.);
#4845=ORIENTED_EDGE('',*,*,#3376,.F.);
#4846=ORIENTED_EDGE('',*,*,#3346,.F.);
#4847=ORIENTED_EDGE('',*,*,#3406,.T.);
#4848=ORIENTED_EDGE('',*,*,#3380,.T.);
#4849=ORIENTED_EDGE('',*,*,#3406,.F.);
#4850=ORIENTED_EDGE('',*,*,#3382,.T.);
#4851=ORIENTED_EDGE('',*,*,#3407,.T.);
#4852=ORIENTED_EDGE('',*,*,#3350,.F.);
#4853=ORIENTED_EDGE('',*,*,#3408,.F.);
#4854=ORIENTED_EDGE('',*,*,#3383,.T.);
#4855=ORIENTED_EDGE('',*,*,#3408,.T.);
#4856=ORIENTED_EDGE('',*,*,#3349,.F.);
#4857=ORIENTED_EDGE('',*,*,#3409,.F.);
#4858=ORIENTED_EDGE('',*,*,#3384,.T.);
#4859=ORIENTED_EDGE('',*,*,#3409,.T.);
#4860=ORIENTED_EDGE('',*,*,#3348,.F.);
#4861=ORIENTED_EDGE('',*,*,#3410,.F.);
#4862=ORIENTED_EDGE('',*,*,#3381,.T.);
#4863=ORIENTED_EDGE('',*,*,#3410,.T.);
#4864=ORIENTED_EDGE('',*,*,#3347,.F.);
#4865=ORIENTED_EDGE('',*,*,#3407,.F.);
#4866=ORIENTED_EDGE('',*,*,#3351,.F.);
#4867=ORIENTED_EDGE('',*,*,#3411,.T.);
#4868=ORIENTED_EDGE('',*,*,#3385,.T.);
#4869=ORIENTED_EDGE('',*,*,#3411,.F.);
#4870=ORIENTED_EDGE('',*,*,#3352,.F.);
#4871=ORIENTED_EDGE('',*,*,#3412,.T.);
#4872=ORIENTED_EDGE('',*,*,#3386,.T.);
#4873=ORIENTED_EDGE('',*,*,#3412,.F.);
#4874=ORIENTED_EDGE('',*,*,#3353,.F.);
#4875=ORIENTED_EDGE('',*,*,#3413,.T.);
#4876=ORIENTED_EDGE('',*,*,#3325,.F.);
#4877=ORIENTED_EDGE('',*,*,#3413,.F.);
#4878=ORIENTED_EDGE('',*,*,#3354,.F.);
#4879=ORIENTED_EDGE('',*,*,#3414,.T.);
#4880=ORIENTED_EDGE('',*,*,#3313,.F.);
#4881=ORIENTED_EDGE('',*,*,#3414,.F.);
#4882=ORIENTED_EDGE('',*,*,#3388,.T.);
#4883=ORIENTED_EDGE('',*,*,#3415,.T.);
#4884=ORIENTED_EDGE('',*,*,#3358,.F.);
#4885=ORIENTED_EDGE('',*,*,#3416,.F.);
#4886=ORIENTED_EDGE('',*,*,#3389,.T.);
#4887=ORIENTED_EDGE('',*,*,#3416,.T.);
#4888=ORIENTED_EDGE('',*,*,#3357,.F.);
#4889=ORIENTED_EDGE('',*,*,#3417,.F.);
#4890=ORIENTED_EDGE('',*,*,#3390,.T.);
#4891=ORIENTED_EDGE('',*,*,#3417,.T.);
#4892=ORIENTED_EDGE('',*,*,#3356,.F.);
#4893=ORIENTED_EDGE('',*,*,#3418,.F.);
#4894=ORIENTED_EDGE('',*,*,#3387,.T.);
#4895=ORIENTED_EDGE('',*,*,#3418,.T.);
#4896=ORIENTED_EDGE('',*,*,#3355,.F.);
#4897=ORIENTED_EDGE('',*,*,#3415,.F.);
#4898=ORIENTED_EDGE('',*,*,#3359,.F.);
#4899=ORIENTED_EDGE('',*,*,#3419,.T.);
#4900=ORIENTED_EDGE('',*,*,#3391,.T.);
#4901=ORIENTED_EDGE('',*,*,#3419,.F.);
#4902=ORIENTED_EDGE('',*,*,#3393,.T.);
#4903=ORIENTED_EDGE('',*,*,#3420,.T.);
#4904=ORIENTED_EDGE('',*,*,#3363,.F.);
#4905=ORIENTED_EDGE('',*,*,#3421,.F.);
#4906=ORIENTED_EDGE('',*,*,#3394,.T.);
#4907=ORIENTED_EDGE('',*,*,#3421,.T.);
#4908=ORIENTED_EDGE('',*,*,#3362,.F.);
#4909=ORIENTED_EDGE('',*,*,#3422,.F.);
#4910=ORIENTED_EDGE('',*,*,#3395,.T.);
#4911=ORIENTED_EDGE('',*,*,#3422,.T.);
#4912=ORIENTED_EDGE('',*,*,#3361,.F.);
#4913=ORIENTED_EDGE('',*,*,#3423,.F.);
#4914=ORIENTED_EDGE('',*,*,#3392,.T.);
#4915=ORIENTED_EDGE('',*,*,#3423,.T.);
#4916=ORIENTED_EDGE('',*,*,#3360,.F.);
#4917=ORIENTED_EDGE('',*,*,#3420,.F.);
#4918=ORIENTED_EDGE('',*,*,#3397,.T.);
#4919=ORIENTED_EDGE('',*,*,#3424,.T.);
#4920=ORIENTED_EDGE('',*,*,#3367,.F.);
#4921=ORIENTED_EDGE('',*,*,#3425,.F.);
#4922=ORIENTED_EDGE('',*,*,#3398,.T.);
#4923=ORIENTED_EDGE('',*,*,#3425,.T.);
#4924=ORIENTED_EDGE('',*,*,#3366,.F.);
#4925=ORIENTED_EDGE('',*,*,#3426,.F.);
#4926=ORIENTED_EDGE('',*,*,#3399,.T.);
#4927=ORIENTED_EDGE('',*,*,#3426,.T.);
#4928=ORIENTED_EDGE('',*,*,#3365,.F.);
#4929=ORIENTED_EDGE('',*,*,#3427,.F.);
#4930=ORIENTED_EDGE('',*,*,#3396,.T.);
#4931=ORIENTED_EDGE('',*,*,#3427,.T.);
#4932=ORIENTED_EDGE('',*,*,#3364,.F.);
#4933=ORIENTED_EDGE('',*,*,#3424,.F.);
#4934=ORIENTED_EDGE('',*,*,#3368,.F.);
#4935=ORIENTED_EDGE('',*,*,#3428,.T.);
#4936=ORIENTED_EDGE('',*,*,#3321,.F.);
#4937=ORIENTED_EDGE('',*,*,#3428,.F.);
#4938=ORIENTED_EDGE('',*,*,#3369,.F.);
#4939=ORIENTED_EDGE('',*,*,#3429,.T.);
#4940=ORIENTED_EDGE('',*,*,#3400,.T.);
#4941=ORIENTED_EDGE('',*,*,#3429,.F.);
#4942=ORIENTED_EDGE('',*,*,#3402,.T.);
#4943=ORIENTED_EDGE('',*,*,#3430,.T.);
#4944=ORIENTED_EDGE('',*,*,#3373,.F.);
#4945=ORIENTED_EDGE('',*,*,#3431,.F.);
#4946=ORIENTED_EDGE('',*,*,#3403,.T.);
#4947=ORIENTED_EDGE('',*,*,#3431,.T.);
#4948=ORIENTED_EDGE('',*,*,#3372,.F.);
#4949=ORIENTED_EDGE('',*,*,#3432,.F.);
#4950=ORIENTED_EDGE('',*,*,#3404,.T.);
#4951=ORIENTED_EDGE('',*,*,#3432,.T.);
#4952=ORIENTED_EDGE('',*,*,#3371,.F.);
#4953=ORIENTED_EDGE('',*,*,#3433,.F.);
#4954=ORIENTED_EDGE('',*,*,#3401,.T.);
#4955=ORIENTED_EDGE('',*,*,#3433,.T.);
#4956=ORIENTED_EDGE('',*,*,#3370,.F.);
#4957=ORIENTED_EDGE('',*,*,#3430,.F.);
#4958=ORIENTED_EDGE('',*,*,#3374,.F.);
#4959=ORIENTED_EDGE('',*,*,#3434,.T.);
#4960=ORIENTED_EDGE('',*,*,#3405,.T.);
#4961=ORIENTED_EDGE('',*,*,#3434,.F.);
#4962=ORIENTED_EDGE('',*,*,#3375,.F.);
#4963=ORIENTED_EDGE('',*,*,#3435,.T.);
#4964=ORIENTED_EDGE('',*,*,#3317,.F.);
#4965=ORIENTED_EDGE('',*,*,#3435,.F.);
#4966=PLANE('',#5484);
#4967=PLANE('',#5485);
#4968=PLANE('',#5486);
#4969=PLANE('',#5487);
#4970=PLANE('',#5488);
#4971=PLANE('',#5489);
#4972=PLANE('',#5490);
#4973=PLANE('',#5491);
#4974=PLANE('',#5492);
#4975=PLANE('',#5493);
#4976=PLANE('',#5494);
#4977=PLANE('',#5495);
#4978=PLANE('',#5496);
#4979=PLANE('',#5497);
#4980=PLANE('',#5498);
#4981=PLANE('',#5499);
#4982=PLANE('',#5500);
#4983=PLANE('',#5501);
#4984=PLANE('',#5502);
#4985=PLANE('',#5503);
#4986=PLANE('',#5504);
#4987=PLANE('',#5505);
#4988=PLANE('',#5506);
#4989=PLANE('',#5507);
#4990=PLANE('',#5508);
#4991=PLANE('',#5509);
#4992=PLANE('',#5510);
#4993=PLANE('',#5511);
#4994=PLANE('',#5512);
#4995=PLANE('',#5513);
#4996=PLANE('',#5514);
#4997=PLANE('',#5515);
#4998=PLANE('',#5516);
#4999=PLANE('',#5517);
#5000=PLANE('',#5518);
#5001=PLANE('',#5519);
#5002=PLANE('',#5520);
#5003=PLANE('',#5521);
#5004=PLANE('',#5522);
#5005=PLANE('',#5523);
#5006=PLANE('',#5524);
#5007=PLANE('',#5525);
#5008=PLANE('',#5526);
#5009=PLANE('',#5527);
#5010=PLANE('',#5528);
#5011=PLANE('',#5529);
#5012=PLANE('',#5530);
#5013=PLANE('',#5531);
#5014=PLANE('',#5532);
#5015=PLANE('',#5533);
#5016=PLANE('',#5534);
#5017=PLANE('',#5535);
#5018=PLANE('',#5536);
#5019=PLANE('',#5537);
#5020=PLANE('',#5538);
#5021=PLANE('',#5539);
#5022=PLANE('',#5540);
#5023=PLANE('',#5541);
#5024=PLANE('',#5542);
#5025=PLANE('',#5543);
#5026=PLANE('',#5544);
#5027=PLANE('',#5545);
#5028=PLANE('',#5546);
#5029=PLANE('',#5547);
#5030=PLANE('',#5548);
#5031=PLANE('',#5549);
#5032=PLANE('',#5550);
#5033=PLANE('',#5551);
#5034=PLANE('',#5552);
#5035=PLANE('',#5553);
#5036=PLANE('',#5554);
#5037=PLANE('',#5555);
#5038=PLANE('',#5556);
#5039=PLANE('',#5557);
#5040=PLANE('',#5558);
#5041=PLANE('',#5559);
#5042=PLANE('',#5560);
#5043=PLANE('',#5561);
#5044=PLANE('',#5562);
#5045=PLANE('',#5565);
#5046=PLANE('',#5568);
#5047=PLANE('',#5571);
#5048=PLANE('',#5572);
#5049=PLANE('',#5575);
#5050=PLANE('',#5578);
#5051=PLANE('',#5581);
#5052=PLANE('',#5585);
#5053=PLANE('',#5588);
#5054=PLANE('',#5605);
#5055=PLANE('',#5606);
#5056=PLANE('',#5607);
#5057=PLANE('',#5609);
#5058=PLANE('',#5611);
#5059=PLANE('',#5612);
#5060=PLANE('',#5615);
#5061=PLANE('',#5616);
#5062=PLANE('',#5617);
#5063=PLANE('',#5618);
#5064=PLANE('',#5621);
#5065=PLANE('',#5623);
#5066=PLANE('',#5624);
#5067=PLANE('',#5625);
#5068=PLANE('',#5626);
#5069=PLANE('',#5627);
#5070=PLANE('',#5628);
#5071=PLANE('',#5629);
#5072=PLANE('',#5630);
#5073=PLANE('',#5631);
#5074=PLANE('',#5632);
#5075=PLANE('',#5635);
#5076=PLANE('',#5641);
#5077=PLANE('',#5642);
#5078=PLANE('',#5645);
#5079=PLANE('',#5648);
#5080=PLANE('',#5649);
#5081=PLANE('',#5650);
#5082=PLANE('',#5651);
#5083=PLANE('',#5652);
#5084=PLANE('',#5653);
#5085=PLANE('',#5654);
#5086=PLANE('',#5655);
#5087=PLANE('',#5656);
#5088=PLANE('',#5657);
#5089=PLANE('',#5658);
#5090=PLANE('',#5665);
#5091=PLANE('',#5666);
#5092=PLANE('',#5667);
#5093=PLANE('',#5668);
#5094=PLANE('',#5669);
#5095=PLANE('',#5670);
#5096=PLANE('',#5671);
#5097=PLANE('',#5672);
#5098=PLANE('',#5673);
#5099=PLANE('',#5674);
#5100=PLANE('',#5675);
#5101=PLANE('',#5676);
#5102=PLANE('',#5677);
#5103=PLANE('',#5678);
#5104=PLANE('',#5679);
#5105=PLANE('',#5683);
#5106=PLANE('',#5684);
#5107=PLANE('',#5685);
#5108=PLANE('',#5689);
#5109=PLANE('',#5690);
#5110=PLANE('',#5691);
#5111=PLANE('',#5692);
#5112=PLANE('',#5699);
#5113=PLANE('',#5700);
#5114=PLANE('',#5701);
#5115=PLANE('',#5702);
#5116=PLANE('',#5703);
#5117=PLANE('',#5704);
#5118=PLANE('',#5705);
#5119=PLANE('',#5706);
#5120=PLANE('',#5707);
#5121=PLANE('',#5708);
#5122=PLANE('',#5718);
#5123=PLANE('',#5719);
#5124=PLANE('',#5720);
#5125=PLANE('',#5721);
#5126=PLANE('',#5723);
#5127=PLANE('',#5724);
#5128=PLANE('',#5725);
#5129=PLANE('',#5726);
#5130=PLANE('',#5727);
#5131=PLANE('',#5728);
#5132=PLANE('',#5729);
#5133=PLANE('',#5730);
#5134=PLANE('',#5731);
#5135=PLANE('',#5732);
#5136=PLANE('',#5733);
#5137=PLANE('',#5734);
#5138=PLANE('',#5735);
#5139=PLANE('',#5736);
#5140=PLANE('',#5737);
#5141=PLANE('',#5738);
#5142=PLANE('',#5739);
#5143=PLANE('',#5740);
#5144=PLANE('',#5741);
#5145=PLANE('',#5742);
#5146=PLANE('',#5743);
#5147=PLANE('',#5744);
#5148=PLANE('',#5745);
#5149=PLANE('',#5746);
#5150=PLANE('',#5747);
#5151=PLANE('',#5748);
#5152=PLANE('',#5749);
#5153=PLANE('',#5750);
#5154=PLANE('',#5751);
#5155=PLANE('',#5752);
#5156=PLANE('',#5753);
#5157=PLANE('',#5754);
#5158=PLANE('',#5755);
#5159=PLANE('',#5756);
#5160=PLANE('',#5757);
#5161=PLANE('',#5758);
#5162=PLANE('',#5759);
#5163=PLANE('',#5760);
#5164=PLANE('',#5766);
#5165=PLANE('',#5767);
#5166=PLANE('',#5768);
#5167=PLANE('',#5769);
#5168=PLANE('',#5770);
#5169=PLANE('',#5771);
#5170=PLANE('',#5772);
#5171=PLANE('',#5776);
#5172=PLANE('',#5781);
#5173=PLANE('',#5786);
#5174=PLANE('',#5791);
#5175=PLANE('',#5805);
#5176=PLANE('',#5816);
#5177=PLANE('',#5823);
#5178=PLANE('',#5824);
#5179=PLANE('',#5825);
#5180=PLANE('',#5826);
#5181=PLANE('',#5828);
#5182=PLANE('',#5829);
#5183=PLANE('',#5830);
#5184=PLANE('',#5831);
#5185=PLANE('',#5836);
#5186=PLANE('',#5837);
#5187=PLANE('',#5838);
#5188=PLANE('',#5839);
#5189=PLANE('',#5841);
#5190=PLANE('',#5842);
#5191=PLANE('',#5843);
#5192=PLANE('',#5844);
#5193=PLANE('',#5845);
#5194=PLANE('',#5846);
#5195=PLANE('',#5847);
#5196=PLANE('',#5848);
#5197=PLANE('',#5851);
#5198=PLANE('',#5852);
#5199=PLANE('',#5853);
#5200=PLANE('',#5854);
#5201=ADVANCED_FACE('',(#215),#4966,.F.);
#5202=ADVANCED_FACE('',(#216),#4967,.F.);
#5203=ADVANCED_FACE('',(#217),#4968,.F.);
#5204=ADVANCED_FACE('',(#218),#4969,.F.);
#5205=ADVANCED_FACE('',(#219),#4970,.F.);
#5206=ADVANCED_FACE('',(#220),#4971,.F.);
#5207=ADVANCED_FACE('',(#221),#4972,.F.);
#5208=ADVANCED_FACE('',(#222),#4973,.F.);
#5209=ADVANCED_FACE('',(#223),#4974,.F.);
#5210=ADVANCED_FACE('',(#224),#4975,.F.);
#5211=ADVANCED_FACE('',(#225),#4976,.F.);
#5212=ADVANCED_FACE('',(#226),#4977,.F.);
#5213=ADVANCED_FACE('',(#227),#4978,.F.);
#5214=ADVANCED_FACE('',(#228),#4979,.F.);
#5215=ADVANCED_FACE('',(#229),#4980,.F.);
#5216=ADVANCED_FACE('',(#230),#4981,.F.);
#5217=ADVANCED_FACE('',(#231),#4982,.F.);
#5218=ADVANCED_FACE('',(#232),#4983,.F.);
#5219=ADVANCED_FACE('',(#233),#4984,.F.);
#5220=ADVANCED_FACE('',(#234),#4985,.F.);
#5221=ADVANCED_FACE('',(#235),#4986,.F.);
#5222=ADVANCED_FACE('',(#236),#4987,.F.);
#5223=ADVANCED_FACE('',(#237),#4988,.F.);
#5224=ADVANCED_FACE('',(#238),#4989,.F.);
#5225=ADVANCED_FACE('',(#239),#4990,.F.);
#5226=ADVANCED_FACE('',(#240),#4991,.F.);
#5227=ADVANCED_FACE('',(#241),#4992,.F.);
#5228=ADVANCED_FACE('',(#242),#4993,.F.);
#5229=ADVANCED_FACE('',(#243),#4994,.F.);
#5230=ADVANCED_FACE('',(#244),#4995,.F.);
#5231=ADVANCED_FACE('',(#245),#4996,.F.);
#5232=ADVANCED_FACE('',(#246),#4997,.F.);
#5233=ADVANCED_FACE('',(#247),#4998,.F.);
#5234=ADVANCED_FACE('',(#248),#4999,.F.);
#5235=ADVANCED_FACE('',(#249),#5000,.F.);
#5236=ADVANCED_FACE('',(#250),#5001,.F.);
#5237=ADVANCED_FACE('',(#251),#5002,.F.);
#5238=ADVANCED_FACE('',(#252),#5003,.F.);
#5239=ADVANCED_FACE('',(#253),#5004,.F.);
#5240=ADVANCED_FACE('',(#254),#5005,.F.);
#5241=ADVANCED_FACE('',(#255),#5006,.F.);
#5242=ADVANCED_FACE('',(#256),#5007,.F.);
#5243=ADVANCED_FACE('',(#257),#5008,.F.);
#5244=ADVANCED_FACE('',(#258),#5009,.F.);
#5245=ADVANCED_FACE('',(#259),#5010,.F.);
#5246=ADVANCED_FACE('',(#260),#5011,.F.);
#5247=ADVANCED_FACE('',(#261),#5012,.F.);
#5248=ADVANCED_FACE('',(#262),#5013,.F.);
#5249=ADVANCED_FACE('',(#263),#5014,.F.);
#5250=ADVANCED_FACE('',(#264),#5015,.F.);
#5251=ADVANCED_FACE('',(#265),#5016,.F.);
#5252=ADVANCED_FACE('',(#266),#5017,.F.);
#5253=ADVANCED_FACE('',(#267),#5018,.F.);
#5254=ADVANCED_FACE('',(#268),#5019,.F.);
#5255=ADVANCED_FACE('',(#269),#5020,.F.);
#5256=ADVANCED_FACE('',(#270),#5021,.F.);
#5257=ADVANCED_FACE('',(#271),#5022,.F.);
#5258=ADVANCED_FACE('',(#272),#5023,.F.);
#5259=ADVANCED_FACE('',(#273),#5024,.F.);
#5260=ADVANCED_FACE('',(#274),#5025,.F.);
#5261=ADVANCED_FACE('',(#275),#5026,.F.);
#5262=ADVANCED_FACE('',(#276),#5027,.F.);
#5263=ADVANCED_FACE('',(#277),#5028,.F.);
#5264=ADVANCED_FACE('',(#278),#5029,.F.);
#5265=ADVANCED_FACE('',(#279),#5030,.F.);
#5266=ADVANCED_FACE('',(#280),#5031,.F.);
#5267=ADVANCED_FACE('',(#281),#5032,.F.);
#5268=ADVANCED_FACE('',(#282),#5033,.F.);
#5269=ADVANCED_FACE('',(#283),#5034,.F.);
#5270=ADVANCED_FACE('',(#284),#5035,.F.);
#5271=ADVANCED_FACE('',(#285),#5036,.F.);
#5272=ADVANCED_FACE('',(#286),#5037,.F.);
#5273=ADVANCED_FACE('',(#287),#5038,.F.);
#5274=ADVANCED_FACE('',(#288),#5039,.F.);
#5275=ADVANCED_FACE('',(#289),#5040,.F.);
#5276=ADVANCED_FACE('',(#290),#5041,.F.);
#5277=ADVANCED_FACE('',(#291),#5042,.F.);
#5278=ADVANCED_FACE('',(#292),#5043,.F.);
#5279=ADVANCED_FACE('',(#293,#63),#5044,.T.);
#5280=ADVANCED_FACE('',(#294,#64),#5045,.T.);
#5281=ADVANCED_FACE('',(#295,#65),#5046,.T.);
#5282=ADVANCED_FACE('',(#296),#5047,.T.);
#5283=ADVANCED_FACE('',(#297),#5048,.T.);
#5284=ADVANCED_FACE('',(#298),#19,.T.);
#5285=ADVANCED_FACE('',(#299),#5049,.T.);
#5286=ADVANCED_FACE('',(#300),#20,.F.);
#5287=ADVANCED_FACE('',(#301),#5050,.T.);
#5288=ADVANCED_FACE('',(#302),#21,.F.);
#5289=ADVANCED_FACE('',(#303),#5051,.T.);
#5290=ADVANCED_FACE('',(#304),#22,.F.);
#5291=ADVANCED_FACE('',(#305),#5052,.T.);
#5292=ADVANCED_FACE('',(#306),#23,.F.);
#5293=ADVANCED_FACE('',(#307),#5053,.T.);
#5294=ADVANCED_FACE('',(#308),#24,.T.);
#5295=ADVANCED_FACE('',(#309),#25,.T.);
#5296=ADVANCED_FACE('',(#310),#26,.T.);
#5297=ADVANCED_FACE('',(#311),#27,.T.);
#5298=ADVANCED_FACE('',(#312),#5054,.F.);
#5299=ADVANCED_FACE('',(#313),#5055,.F.);
#5300=ADVANCED_FACE('',(#314,#66,#67,#68,#69,#70),#5056,.T.);
#5301=ADVANCED_FACE('',(#315,#71,#72),#5057,.F.);
#5302=ADVANCED_FACE('',(#316),#5058,.T.);
#5303=ADVANCED_FACE('',(#317),#5059,.T.);
#5304=ADVANCED_FACE('',(#318),#28,.F.);
#5305=ADVANCED_FACE('',(#319),#5060,.F.);
#5306=ADVANCED_FACE('',(#320),#5061,.F.);
#5307=ADVANCED_FACE('',(#321),#5062,.F.);
#5308=ADVANCED_FACE('',(#322,#73),#5063,.T.);
#5309=ADVANCED_FACE('',(#323),#5064,.T.);
#5310=ADVANCED_FACE('',(#324),#5065,.F.);
#5311=ADVANCED_FACE('',(#325),#5066,.T.);
#5312=ADVANCED_FACE('',(#326),#5067,.T.);
#5313=ADVANCED_FACE('',(#327),#5068,.T.);
#5314=ADVANCED_FACE('',(#328),#5069,.T.);
#5315=ADVANCED_FACE('',(#329),#5070,.T.);
#5316=ADVANCED_FACE('',(#330),#5071,.T.);
#5317=ADVANCED_FACE('',(#331),#5072,.T.);
#5318=ADVANCED_FACE('',(#332),#5073,.T.);
#5319=ADVANCED_FACE('',(#333),#5074,.T.);
#5320=ADVANCED_FACE('',(#334),#5075,.T.);
#5321=ADVANCED_FACE('',(#335),#29,.T.);
#5322=ADVANCED_FACE('',(#336),#30,.T.);
#5323=ADVANCED_FACE('',(#337),#31,.T.);
#5324=ADVANCED_FACE('',(#338),#5076,.T.);
#5325=ADVANCED_FACE('',(#339),#5077,.T.);
#5326=ADVANCED_FACE('',(#340),#32,.T.);
#5327=ADVANCED_FACE('',(#341),#5078,.T.);
#5328=ADVANCED_FACE('',(#342),#33,.T.);
#5329=ADVANCED_FACE('',(#343),#5079,.T.);
#5330=ADVANCED_FACE('',(#344),#5080,.T.);
#5331=ADVANCED_FACE('',(#345),#5081,.T.);
#5332=ADVANCED_FACE('',(#346),#5082,.T.);
#5333=ADVANCED_FACE('',(#347),#5083,.T.);
#5334=ADVANCED_FACE('',(#348,#74),#5084,.T.);
#5335=ADVANCED_FACE('',(#349),#5085,.T.);
#5336=ADVANCED_FACE('',(#350),#5086,.T.);
#5337=ADVANCED_FACE('',(#351),#5087,.T.);
#5338=ADVANCED_FACE('',(#352),#5088,.T.);
#5339=ADVANCED_FACE('',(#353),#5089,.T.);
#5340=ADVANCED_FACE('',(#354),#34,.T.);
#5341=ADVANCED_FACE('',(#355),#35,.T.);
#5342=ADVANCED_FACE('',(#356),#5090,.T.);
#5343=ADVANCED_FACE('',(#357),#5091,.T.);
#5344=ADVANCED_FACE('',(#358),#5092,.F.);
#5345=ADVANCED_FACE('',(#359,#75),#5093,.T.);
#5346=ADVANCED_FACE('',(#360),#5094,.T.);
#5347=ADVANCED_FACE('',(#361),#5095,.T.);
#5348=ADVANCED_FACE('',(#362,#76),#5096,.T.);
#5349=ADVANCED_FACE('',(#363),#5097,.T.);
#5350=ADVANCED_FACE('',(#364),#5098,.T.);
#5351=ADVANCED_FACE('',(#365),#5099,.T.);
#5352=ADVANCED_FACE('',(#366),#5100,.T.);
#5353=ADVANCED_FACE('',(#367),#5101,.T.);
#5354=ADVANCED_FACE('',(#368),#5102,.T.);
#5355=ADVANCED_FACE('',(#369),#5103,.T.);
#5356=ADVANCED_FACE('',(#370),#5104,.F.);
#5357=ADVANCED_FACE('',(#371),#36,.F.);
#5358=ADVANCED_FACE('',(#372),#5105,.F.);
#5359=ADVANCED_FACE('',(#373),#5106,.F.);
#5360=ADVANCED_FACE('',(#374),#5107,.F.);
#5361=ADVANCED_FACE('',(#375),#37,.F.);
#5362=ADVANCED_FACE('',(#376),#5108,.T.);
#5363=ADVANCED_FACE('',(#377,#77,#78,#79,#80),#5109,.T.);
#5364=ADVANCED_FACE('',(#378),#5110,.T.);
#5365=ADVANCED_FACE('',(#379),#5111,.F.);
#5366=ADVANCED_FACE('',(#380),#38,.F.);
#5367=ADVANCED_FACE('',(#381),#39,.F.);
#5368=ADVANCED_FACE('',(#382),#5112,.F.);
#5369=ADVANCED_FACE('',(#383),#5113,.F.);
#5370=ADVANCED_FACE('',(#384,#81),#5114,.T.);
#5371=ADVANCED_FACE('',(#385),#5115,.F.);
#5372=ADVANCED_FACE('',(#386),#5116,.T.);
#5373=ADVANCED_FACE('',(#387),#5117,.F.);
#5374=ADVANCED_FACE('',(#388),#5118,.T.);
#5375=ADVANCED_FACE('',(#389),#5119,.F.);
#5376=ADVANCED_FACE('',(#390),#5120,.F.);
#5377=ADVANCED_FACE('',(#391),#5121,.T.);
#5378=ADVANCED_FACE('',(#392),#40,.F.);
#5379=ADVANCED_FACE('',(#393),#41,.T.);
#5380=ADVANCED_FACE('',(#394),#42,.T.);
#5381=ADVANCED_FACE('',(#395),#5122,.T.);
#5382=ADVANCED_FACE('',(#396),#5123,.T.);
#5383=ADVANCED_FACE('',(#397),#5124,.T.);
#5384=ADVANCED_FACE('',(#398,#82,#83,#84),#5125,.T.);
#5385=ADVANCED_FACE('',(#399),#5126,.F.);
#5386=ADVANCED_FACE('',(#400),#5127,.F.);
#5387=ADVANCED_FACE('',(#401),#5128,.F.);
#5388=ADVANCED_FACE('',(#402),#5129,.F.);
#5389=ADVANCED_FACE('',(#403),#5130,.F.);
#5390=ADVANCED_FACE('',(#404),#5131,.F.);
#5391=ADVANCED_FACE('',(#405),#5132,.F.);
#5392=ADVANCED_FACE('',(#406),#5133,.F.);
#5393=ADVANCED_FACE('',(#407),#5134,.F.);
#5394=ADVANCED_FACE('',(#408),#5135,.F.);
#5395=ADVANCED_FACE('',(#409),#5136,.F.);
#5396=ADVANCED_FACE('',(#410),#5137,.F.);
#5397=ADVANCED_FACE('',(#411),#5138,.F.);
#5398=ADVANCED_FACE('',(#412),#5139,.F.);
#5399=ADVANCED_FACE('',(#413),#5140,.F.);
#5400=ADVANCED_FACE('',(#414),#5141,.F.);
#5401=ADVANCED_FACE('',(#415),#5142,.F.);
#5402=ADVANCED_FACE('',(#416),#5143,.F.);
#5403=ADVANCED_FACE('',(#417),#5144,.F.);
#5404=ADVANCED_FACE('',(#418),#5145,.F.);
#5405=ADVANCED_FACE('',(#419),#5146,.F.);
#5406=ADVANCED_FACE('',(#420),#5147,.F.);
#5407=ADVANCED_FACE('',(#421),#5148,.F.);
#5408=ADVANCED_FACE('',(#422),#5149,.F.);
#5409=ADVANCED_FACE('',(#423),#5150,.F.);
#5410=ADVANCED_FACE('',(#424),#5151,.F.);
#5411=ADVANCED_FACE('',(#425),#5152,.F.);
#5412=ADVANCED_FACE('',(#426),#5153,.F.);
#5413=ADVANCED_FACE('',(#427),#5154,.F.);
#5414=ADVANCED_FACE('',(#428),#5155,.F.);
#5415=ADVANCED_FACE('',(#429),#5156,.F.);
#5416=ADVANCED_FACE('',(#430),#5157,.F.);
#5417=ADVANCED_FACE('',(#431),#5158,.F.);
#5418=ADVANCED_FACE('',(#432),#5159,.F.);
#5419=ADVANCED_FACE('',(#433),#5160,.F.);
#5420=ADVANCED_FACE('',(#434),#5161,.F.);
#5421=ADVANCED_FACE('',(#435),#5162,.F.);
#5422=ADVANCED_FACE('',(#436),#5163,.F.);
#5423=ADVANCED_FACE('',(#437),#43,.F.);
#5424=ADVANCED_FACE('',(#438),#44,.F.);
#5425=ADVANCED_FACE('',(#439,#85),#5164,.T.);
#5426=ADVANCED_FACE('',(#440),#5165,.T.);
#5427=ADVANCED_FACE('',(#441),#5166,.T.);
#5428=ADVANCED_FACE('',(#442),#5167,.T.);
#5429=ADVANCED_FACE('',(#443,#86),#5168,.T.);
#5430=ADVANCED_FACE('',(#444),#5169,.T.);
#5431=ADVANCED_FACE('',(#445),#5170,.T.);
#5432=ADVANCED_FACE('',(#446),#45,.T.);
#5433=ADVANCED_FACE('',(#447,#87),#5171,.T.);
#5434=ADVANCED_FACE('',(#448),#46,.T.);
#5435=ADVANCED_FACE('',(#449,#88),#5172,.T.);
#5436=ADVANCED_FACE('',(#450),#47,.T.);
#5437=ADVANCED_FACE('',(#451,#89),#5173,.T.);
#5438=ADVANCED_FACE('',(#452),#48,.T.);
#5439=ADVANCED_FACE('',(#453,#90),#5174,.T.);
#5440=ADVANCED_FACE('',(#454),#49,.T.);
#5441=ADVANCED_FACE('',(#455),#50,.T.);
#5442=ADVANCED_FACE('',(#456),#51,.T.);
#5443=ADVANCED_FACE('',(#457),#52,.T.);
#5444=ADVANCED_FACE('',(#458,#91,#92,#93,#94,#95,#96,#97,#98,#99,#100,#101,
#102,#103,#104,#105),#5175,.T.);
#5445=ADVANCED_FACE('',(#459,#106,#107,#108,#109,#110,#111,#112,#113,#114,
#115,#116,#117,#118,#119,#120),#5176,.F.);
#5446=ADVANCED_FACE('',(#460),#5177,.T.);
#5447=ADVANCED_FACE('',(#461),#5178,.T.);
#5448=ADVANCED_FACE('',(#462),#5179,.T.);
#5449=ADVANCED_FACE('',(#463),#5180,.T.);
#5450=ADVANCED_FACE('',(#464),#53,.F.);
#5451=ADVANCED_FACE('',(#465),#5181,.T.);
#5452=ADVANCED_FACE('',(#466),#5182,.T.);
#5453=ADVANCED_FACE('',(#467),#5183,.T.);
#5454=ADVANCED_FACE('',(#468),#5184,.T.);
#5455=ADVANCED_FACE('',(#469),#54,.F.);
#5456=ADVANCED_FACE('',(#470),#55,.F.);
#5457=ADVANCED_FACE('',(#471),#56,.F.);
#5458=ADVANCED_FACE('',(#472),#57,.F.);
#5459=ADVANCED_FACE('',(#473),#5185,.T.);
#5460=ADVANCED_FACE('',(#474),#5186,.T.);
#5461=ADVANCED_FACE('',(#475),#5187,.T.);
#5462=ADVANCED_FACE('',(#476),#5188,.T.);
#5463=ADVANCED_FACE('',(#477),#58,.F.);
#5464=ADVANCED_FACE('',(#478),#5189,.T.);
#5465=ADVANCED_FACE('',(#479),#5190,.T.);
#5466=ADVANCED_FACE('',(#480),#5191,.T.);
#5467=ADVANCED_FACE('',(#481),#5192,.T.);
#5468=ADVANCED_FACE('',(#482),#5193,.T.);
#5469=ADVANCED_FACE('',(#483),#5194,.T.);
#5470=ADVANCED_FACE('',(#484),#5195,.T.);
#5471=ADVANCED_FACE('',(#485),#5196,.T.);
#5472=ADVANCED_FACE('',(#486),#59,.F.);
#5473=ADVANCED_FACE('',(#487),#60,.F.);
#5474=ADVANCED_FACE('',(#488),#5197,.T.);
#5475=ADVANCED_FACE('',(#489),#5198,.T.);
#5476=ADVANCED_FACE('',(#490),#5199,.T.);
#5477=ADVANCED_FACE('',(#491),#5200,.T.);
#5478=ADVANCED_FACE('',(#492),#61,.F.);
#5479=ADVANCED_FACE('',(#493),#62,.F.);
#5480=CLOSED_SHELL('',(#5201,#5202,#5203,#5204,#5205,#5206,#5207,#5208,
#5209,#5210,#5211,#5212,#5213,#5214,#5215,#5216,#5217,#5218,#5219,#5220,
#5221,#5222,#5223,#5224,#5225,#5226,#5227,#5228,#5229,#5230,#5231,#5232,
#5233,#5234,#5235,#5236,#5237,#5238,#5239,#5240,#5241,#5242,#5243,#5244,
#5245,#5246,#5247,#5248,#5249,#5250,#5251,#5252,#5253,#5254,#5255,#5256,
#5257,#5258,#5259,#5260,#5261,#5262,#5263,#5264,#5265,#5266,#5267,#5268,
#5269,#5270,#5271,#5272,#5273,#5274,#5275,#5276,#5277,#5278,#5279,#5280,
#5281,#5282,#5283,#5284,#5285,#5286,#5287,#5288,#5289,#5290,#5291,#5292,
#5293,#5294,#5295,#5296,#5297,#5298,#5299,#5300,#5301,#5302,#5303,#5304,
#5305,#5306,#5307,#5308,#5309,#5310,#5311,#5312,#5313,#5314,#5315,#5316,
#5317,#5318,#5319,#5320,#5321,#5322,#5323,#5324,#5325,#5326,#5327,#5328,
#5329,#5330,#5331,#5332,#5333,#5334,#5335,#5336,#5337,#5338,#5339,#5340,
#5341,#5342,#5343,#5344,#5345,#5346,#5347,#5348,#5349,#5350,#5351,#5352,
#5353,#5354,#5355,#5356,#5357,#5358,#5359,#5360,#5361,#5362,#5363,#5364,
#5365,#5366,#5367,#5368,#5369,#5370,#5371,#5372,#5373,#5374,#5375,#5376,
#5377,#5378));
#5481=CLOSED_SHELL('',(#5379,#5380,#5381,#5382,#5383,#5384,#5385,#5386,
#5387,#5388,#5389,#5390,#5391,#5392,#5393,#5394,#5395,#5396,#5397,#5398,
#5399,#5400,#5401,#5402,#5403,#5404,#5405,#5406,#5407,#5408,#5409,#5410,
#5411,#5412,#5413,#5414,#5415,#5416,#5417,#5418,#5419,#5420,#5421,#5422,
#5423,#5424,#5425,#5426,#5427,#5428,#5429,#5430,#5431));
#5482=CLOSED_SHELL('',(#5432,#5433,#5434,#5435,#5436,#5437,#5438,#5439,
#5440,#5441,#5442,#5443,#5444,#5445,#5446,#5447,#5448,#5449,#5450,#5451,
#5452,#5453,#5454,#5455,#5456,#5457,#5458,#5459,#5460,#5461,#5462,#5463,
#5464,#5465,#5466,#5467,#5468,#5469,#5470,#5471,#5472,#5473,#5474,#5475,
#5476,#5477,#5478,#5479));
#5483=AXIS2_PLACEMENT_3D('',#7276,#5857,#5858);
#5484=AXIS2_PLACEMENT_3D('',#7277,#5859,#5860);
#5485=AXIS2_PLACEMENT_3D('',#7286,#5865,#5866);
#5486=AXIS2_PLACEMENT_3D('',#7292,#5870,#5871);
#5487=AXIS2_PLACEMENT_3D('',#7298,#5875,#5876);
#5488=AXIS2_PLACEMENT_3D('',#7302,#5880,#5881);
#5489=AXIS2_PLACEMENT_3D('',#7303,#5882,#5883);
#5490=AXIS2_PLACEMENT_3D('',#7312,#5888,#5889);
#5491=AXIS2_PLACEMENT_3D('',#7318,#5893,#5894);
#5492=AXIS2_PLACEMENT_3D('',#7324,#5898,#5899);
#5493=AXIS2_PLACEMENT_3D('',#7328,#5903,#5904);
#5494=AXIS2_PLACEMENT_3D('',#7329,#5905,#5906);
#5495=AXIS2_PLACEMENT_3D('',#7335,#5910,#5911);
#5496=AXIS2_PLACEMENT_3D('',#7341,#5915,#5916);
#5497=AXIS2_PLACEMENT_3D('',#7347,#5920,#5921);
#5498=AXIS2_PLACEMENT_3D('',#7351,#5925,#5926);
#5499=AXIS2_PLACEMENT_3D('',#7352,#5927,#5928);
#5500=AXIS2_PLACEMENT_3D('',#7361,#5933,#5934);
#5501=AXIS2_PLACEMENT_3D('',#7367,#5938,#5939);
#5502=AXIS2_PLACEMENT_3D('',#7373,#5943,#5944);
#5503=AXIS2_PLACEMENT_3D('',#7379,#5948,#5949);
#5504=AXIS2_PLACEMENT_3D('',#7385,#5953,#5954);
#5505=AXIS2_PLACEMENT_3D('',#7388,#5957,#5958);
#5506=AXIS2_PLACEMENT_3D('',#7394,#5962,#5963);
#5507=AXIS2_PLACEMENT_3D('',#7398,#5967,#5968);
#5508=AXIS2_PLACEMENT_3D('',#7399,#5969,#5970);
#5509=AXIS2_PLACEMENT_3D('',#7405,#5974,#5975);
#5510=AXIS2_PLACEMENT_3D('',#7411,#5979,#5980);
#5511=AXIS2_PLACEMENT_3D('',#7414,#5983,#5984);
#5512=AXIS2_PLACEMENT_3D('',#7417,#5987,#5988);
#5513=AXIS2_PLACEMENT_3D('',#7418,#5989,#5990);
#5514=AXIS2_PLACEMENT_3D('',#7427,#5995,#5996);
#5515=AXIS2_PLACEMENT_3D('',#7433,#6000,#6001);
#5516=AXIS2_PLACEMENT_3D('',#7439,#6005,#6006);
#5517=AXIS2_PLACEMENT_3D('',#7445,#6010,#6011);
#5518=AXIS2_PLACEMENT_3D('',#7451,#6015,#6016);
#5519=AXIS2_PLACEMENT_3D('',#7457,#6020,#6021);
#5520=AXIS2_PLACEMENT_3D('',#7463,#6025,#6026);
#5521=AXIS2_PLACEMENT_3D('',#7469,#6030,#6031);
#5522=AXIS2_PLACEMENT_3D('',#7475,#6035,#6036);
#5523=AXIS2_PLACEMENT_3D('',#7481,#6040,#6041);
#5524=AXIS2_PLACEMENT_3D('',#7487,#6045,#6046);
#5525=AXIS2_PLACEMENT_3D('',#7490,#6049,#6050);
#5526=AXIS2_PLACEMENT_3D('',#7491,#6051,#6052);
#5527=AXIS2_PLACEMENT_3D('',#7500,#6057,#6058);
#5528=AXIS2_PLACEMENT_3D('',#7506,#6062,#6063);
#5529=AXIS2_PLACEMENT_3D('',#7512,#6067,#6068);
#5530=AXIS2_PLACEMENT_3D('',#7518,#6072,#6073);
#5531=AXIS2_PLACEMENT_3D('',#7524,#6077,#6078);
#5532=AXIS2_PLACEMENT_3D('',#7530,#6082,#6083);
#5533=AXIS2_PLACEMENT_3D('',#7536,#6087,#6088);
#5534=AXIS2_PLACEMENT_3D('',#7542,#6092,#6093);
#5535=AXIS2_PLACEMENT_3D('',#7548,#6097,#6098);
#5536=AXIS2_PLACEMENT_3D('',#7554,#6102,#6103);
#5537=AXIS2_PLACEMENT_3D('',#7560,#6107,#6108);
#5538=AXIS2_PLACEMENT_3D('',#7563,#6111,#6112);
#5539=AXIS2_PLACEMENT_3D('',#7564,#6113,#6114);
#5540=AXIS2_PLACEMENT_3D('',#7573,#6119,#6120);
#5541=AXIS2_PLACEMENT_3D('',#7579,#6124,#6125);
#5542=AXIS2_PLACEMENT_3D('',#7585,#6129,#6130);
#5543=AXIS2_PLACEMENT_3D('',#7591,#6134,#6135);
#5544=AXIS2_PLACEMENT_3D('',#7597,#6139,#6140);
#5545=AXIS2_PLACEMENT_3D('',#7603,#6144,#6145);
#5546=AXIS2_PLACEMENT_3D('',#7609,#6149,#6150);
#5547=AXIS2_PLACEMENT_3D('',#7613,#6154,#6155);
#5548=AXIS2_PLACEMENT_3D('',#7614,#6156,#6157);
#5549=AXIS2_PLACEMENT_3D('',#7623,#6162,#6163);
#5550=AXIS2_PLACEMENT_3D('',#7629,#6167,#6168);
#5551=AXIS2_PLACEMENT_3D('',#7635,#6172,#6173);
#5552=AXIS2_PLACEMENT_3D('',#7641,#6177,#6178);
#5553=AXIS2_PLACEMENT_3D('',#7647,#6182,#6183);
#5554=AXIS2_PLACEMENT_3D('',#7653,#6187,#6188);
#5555=AXIS2_PLACEMENT_3D('',#7659,#6192,#6193);
#5556=AXIS2_PLACEMENT_3D('',#7663,#6197,#6198);
#5557=AXIS2_PLACEMENT_3D('',#7664,#6199,#6200);
#5558=AXIS2_PLACEMENT_3D('',#7670,#6204,#6205);
#5559=AXIS2_PLACEMENT_3D('',#7676,#6209,#6210);
#5560=AXIS2_PLACEMENT_3D('',#7679,#6213,#6214);
#5561=AXIS2_PLACEMENT_3D('',#7682,#6217,#6218);
#5562=AXIS2_PLACEMENT_3D('',#7683,#6219,#6220);
#5563=AXIS2_PLACEMENT_3D('',#7692,#6224,#6225);
#5564=AXIS2_PLACEMENT_3D('',#7695,#6227,#6228);
#5565=AXIS2_PLACEMENT_3D('',#7696,#6229,#6230);
#5566=AXIS2_PLACEMENT_3D('',#7699,#6231,#6232);
#5567=AXIS2_PLACEMENT_3D('',#7708,#6237,#6238);
#5568=AXIS2_PLACEMENT_3D('',#7709,#6239,#6240);
#5569=AXIS2_PLACEMENT_3D('',#7714,#6242,#6243);
#5570=AXIS2_PLACEMENT_3D('',#7721,#6247,#6248);
#5571=AXIS2_PLACEMENT_3D('',#7722,#6249,#6250);
#5572=AXIS2_PLACEMENT_3D('',#7728,#6254,#6255);
#5573=AXIS2_PLACEMENT_3D('',#7734,#6259,#6260);
#5574=AXIS2_PLACEMENT_3D('',#7737,#6262,#6263);
#5575=AXIS2_PLACEMENT_3D('',#7738,#6264,#6265);
#5576=AXIS2_PLACEMENT_3D('',#7744,#6269,#6270);
#5577=AXIS2_PLACEMENT_3D('',#7746,#6271,#6272);
#5578=AXIS2_PLACEMENT_3D('',#7748,#6274,#6275);
#5579=AXIS2_PLACEMENT_3D('',#7749,#6276,#6277);
#5580=AXIS2_PLACEMENT_3D('',#7751,#6278,#6279);
#5581=AXIS2_PLACEMENT_3D('',#7753,#6281,#6282);
#5582=AXIS2_PLACEMENT_3D('',#7754,#6283,#6284);
#5583=AXIS2_PLACEMENT_3D('',#7756,#6285,#6286);
#5584=AXIS2_PLACEMENT_3D('',#7759,#6288,#6289);
#5585=AXIS2_PLACEMENT_3D('',#7760,#6290,#6291);
#5586=AXIS2_PLACEMENT_3D('',#7761,#6292,#6293);
#5587=AXIS2_PLACEMENT_3D('',#7763,#6294,#6295);
#5588=AXIS2_PLACEMENT_3D('',#7765,#6297,#6298);
#5589=AXIS2_PLACEMENT_3D('',#7766,#6299,#6300);
#5590=AXIS2_PLACEMENT_3D('',#7769,#6301,#6302);
#5591=AXIS2_PLACEMENT_3D('',#7773,#6304,#6305);
#5592=AXIS2_PLACEMENT_3D('',#7775,#6307,#6308);
#5593=AXIS2_PLACEMENT_3D('',#7778,#6309,#6310);
#5594=AXIS2_PLACEMENT_3D('',#7782,#6312,#6313);
#5595=AXIS2_PLACEMENT_3D('',#7786,#6315,#6316);
#5596=AXIS2_PLACEMENT_3D('',#7790,#6318,#6319);
#5597=AXIS2_PLACEMENT_3D('',#7792,#6321,#6322);
#5598=AXIS2_PLACEMENT_3D('',#7795,#6323,#6324);
#5599=AXIS2_PLACEMENT_3D('',#7799,#6326,#6327);
#5600=AXIS2_PLACEMENT_3D('',#7803,#6329,#6330);
#5601=AXIS2_PLACEMENT_3D('',#7807,#6332,#6333);
#5602=AXIS2_PLACEMENT_3D('',#7809,#6335,#6336);
#5603=AXIS2_PLACEMENT_3D('',#7812,#6337,#6338);
#5604=AXIS2_PLACEMENT_3D('',#7816,#6340,#6341);
#5605=AXIS2_PLACEMENT_3D('',#7818,#6343,#6344);
#5606=AXIS2_PLACEMENT_3D('',#7824,#6348,#6349);
#5607=AXIS2_PLACEMENT_3D('',#7830,#6353,#6354);
#5608=AXIS2_PLACEMENT_3D('',#7834,#6357,#6358);
#5609=AXIS2_PLACEMENT_3D('',#7835,#6359,#6360);
#5610=AXIS2_PLACEMENT_3D('',#7849,#6368,#6369);
#5611=AXIS2_PLACEMENT_3D('',#7850,#6370,#6371);
#5612=AXIS2_PLACEMENT_3D('',#7856,#6376,#6377);
#5613=AXIS2_PLACEMENT_3D('',#7858,#6379,#6380);
#5614=AXIS2_PLACEMENT_3D('',#7861,#6382,#6383);
#5615=AXIS2_PLACEMENT_3D('',#7862,#6384,#6385);
#5616=AXIS2_PLACEMENT_3D('',#7871,#6390,#6391);
#5617=AXIS2_PLACEMENT_3D('',#7877,#6395,#6396);
#5618=AXIS2_PLACEMENT_3D('',#7883,#6400,#6401);
#5619=AXIS2_PLACEMENT_3D('',#7894,#6407,#6408);
#5620=AXIS2_PLACEMENT_3D('',#7903,#6413,#6414);
#5621=AXIS2_PLACEMENT_3D('',#7926,#6427,#6428);
#5622=AXIS2_PLACEMENT_3D('',#7928,#6429,#6430);
#5623=AXIS2_PLACEMENT_3D('',#7929,#6431,#6432);
#5624=AXIS2_PLACEMENT_3D('',#7938,#6437,#6438);
#5625=AXIS2_PLACEMENT_3D('',#7947,#6443,#6444);
#5626=AXIS2_PLACEMENT_3D('',#7956,#6449,#6450);
#5627=AXIS2_PLACEMENT_3D('',#7959,#6453,#6454);
#5628=AXIS2_PLACEMENT_3D('',#7962,#6457,#6458);
#5629=AXIS2_PLACEMENT_3D('',#7965,#6461,#6462);
#5630=AXIS2_PLACEMENT_3D('',#7968,#6465,#6466);
#5631=AXIS2_PLACEMENT_3D('',#7970,#6468,#6469);
#5632=AXIS2_PLACEMENT_3D('',#7972,#6471,#6472);
#5633=AXIS2_PLACEMENT_3D('',#7975,#6473,#6474);
#5634=AXIS2_PLACEMENT_3D('',#7979,#6476,#6477);
#5635=AXIS2_PLACEMENT_3D('',#7982,#6480,#6481);
#5636=AXIS2_PLACEMENT_3D('',#7986,#6484,#6485);
#5637=AXIS2_PLACEMENT_3D('',#7988,#6487,#6488);
#5638=AXIS2_PLACEMENT_3D('',#7990,#6490,#6491);
#5639=AXIS2_PLACEMENT_3D('',#7993,#6492,#6493);
#5640=AXIS2_PLACEMENT_3D('',#7997,#6495,#6496);
#5641=AXIS2_PLACEMENT_3D('',#7999,#6498,#6499);
#5642=AXIS2_PLACEMENT_3D('',#8005,#6503,#6504);
#5643=AXIS2_PLACEMENT_3D('',#8009,#6507,#6508);
#5644=AXIS2_PLACEMENT_3D('',#8011,#6509,#6510);
#5645=AXIS2_PLACEMENT_3D('',#8013,#6512,#6513);
#5646=AXIS2_PLACEMENT_3D('',#8017,#6516,#6517);
#5647=AXIS2_PLACEMENT_3D('',#8019,#6518,#6519);
#5648=AXIS2_PLACEMENT_3D('',#8021,#6521,#6522);
#5649=AXIS2_PLACEMENT_3D('',#8023,#6524,#6525);
#5650=AXIS2_PLACEMENT_3D('',#8025,#6527,#6528);
#5651=AXIS2_PLACEMENT_3D('',#8031,#6532,#6533);
#5652=AXIS2_PLACEMENT_3D('',#8040,#6538,#6539);
#5653=AXIS2_PLACEMENT_3D('',#8042,#6541,#6542);
#5654=AXIS2_PLACEMENT_3D('',#8048,#6546,#6547);
#5655=AXIS2_PLACEMENT_3D('',#8052,#6550,#6551);
#5656=AXIS2_PLACEMENT_3D('',#8058,#6556,#6557);
#5657=AXIS2_PLACEMENT_3D('',#8060,#6559,#6560);
#5658=AXIS2_PLACEMENT_3D('',#8069,#6565,#6566);
#5659=AXIS2_PLACEMENT_3D('',#8078,#6571,#6572);
#5660=AXIS2_PLACEMENT_3D('',#8080,#6573,#6574);
#5661=AXIS2_PLACEMENT_3D('',#8082,#6575,#6576);
#5662=AXIS2_PLACEMENT_3D('',#8084,#6578,#6579);
#5663=AXIS2_PLACEMENT_3D('',#8086,#6580,#6581);
#5664=AXIS2_PLACEMENT_3D('',#8088,#6582,#6583);
#5665=AXIS2_PLACEMENT_3D('',#8090,#6585,#6586);
#5666=AXIS2_PLACEMENT_3D('',#8099,#6591,#6592);
#5667=AXIS2_PLACEMENT_3D('',#8108,#6597,#6598);
#5668=AXIS2_PLACEMENT_3D('',#8112,#6601,#6602);
#5669=AXIS2_PLACEMENT_3D('',#8114,#6604,#6605);
#5670=AXIS2_PLACEMENT_3D('',#8121,#6610,#6611);
#5671=AXIS2_PLACEMENT_3D('',#8125,#6614,#6615);
#5672=AXIS2_PLACEMENT_3D('',#8130,#6619,#6620);
#5673=AXIS2_PLACEMENT_3D('',#8132,#6622,#6623);
#5674=AXIS2_PLACEMENT_3D('',#8138,#6627,#6628);
#5675=AXIS2_PLACEMENT_3D('',#8144,#6632,#6633);
#5676=AXIS2_PLACEMENT_3D('',#8150,#6637,#6638);
#5677=AXIS2_PLACEMENT_3D('',#8156,#6642,#6643);
#5678=AXIS2_PLACEMENT_3D('',#8162,#6647,#6648);
#5679=AXIS2_PLACEMENT_3D('',#8168,#6652,#6653);
#5680=AXIS2_PLACEMENT_3D('',#8179,#6660,#6661);
#5681=AXIS2_PLACEMENT_3D('',#8181,#6662,#6663);
#5682=AXIS2_PLACEMENT_3D('',#8184,#6665,#6666);
#5683=AXIS2_PLACEMENT_3D('',#8185,#6667,#6668);
#5684=AXIS2_PLACEMENT_3D('',#8191,#6672,#6673);
#5685=AXIS2_PLACEMENT_3D('',#8197,#6677,#6678);
#5686=AXIS2_PLACEMENT_3D('',#8203,#6682,#6683);
#5687=AXIS2_PLACEMENT_3D('',#8205,#6684,#6685);
#5688=AXIS2_PLACEMENT_3D('',#8207,#6686,#6687);
#5689=AXIS2_PLACEMENT_3D('',#8209,#6689,#6690);
#5690=AXIS2_PLACEMENT_3D('',#8215,#6694,#6695);
#5691=AXIS2_PLACEMENT_3D('',#8222,#6701,#6702);
#5692=AXIS2_PLACEMENT_3D('',#8226,#6705,#6706);
#5693=AXIS2_PLACEMENT_3D('',#8234,#6712,#6713);
#5694=AXIS2_PLACEMENT_3D('',#8236,#6714,#6715);
#5695=AXIS2_PLACEMENT_3D('',#8239,#6717,#6718);
#5696=AXIS2_PLACEMENT_3D('',#8240,#6719,#6720);
#5697=AXIS2_PLACEMENT_3D('',#8242,#6721,#6722);
#5698=AXIS2_PLACEMENT_3D('',#8245,#6724,#6725);
#5699=AXIS2_PLACEMENT_3D('',#8246,#6726,#6727);
#5700=AXIS2_PLACEMENT_3D('',#8248,#6729,#6730);
#5701=AXIS2_PLACEMENT_3D('',#8252,#6733,#6734);
#5702=AXIS2_PLACEMENT_3D('',#8254,#6736,#6737);
#5703=AXIS2_PLACEMENT_3D('',#8257,#6740,#6741);
#5704=AXIS2_PLACEMENT_3D('',#8259,#6743,#6744);
#5705=AXIS2_PLACEMENT_3D('',#8261,#6746,#6747);
#5706=AXIS2_PLACEMENT_3D('',#8262,#6748,#6749);
#5707=AXIS2_PLACEMENT_3D('',#8264,#6751,#6752);
#5708=AXIS2_PLACEMENT_3D('',#8265,#6753,#6754);
#5709=AXIS2_PLACEMENT_3D('',#8266,#6755,#6756);
#5710=AXIS2_PLACEMENT_3D('',#8268,#6758,#6759);
#5711=AXIS2_PLACEMENT_3D('',#8271,#6760,#6761);
#5712=AXIS2_PLACEMENT_3D('',#8275,#6763,#6764);
#5713=AXIS2_PLACEMENT_3D('',#8279,#6766,#6767);
#5714=AXIS2_PLACEMENT_3D('',#8281,#6769,#6770);
#5715=AXIS2_PLACEMENT_3D('',#8284,#6771,#6772);
#5716=AXIS2_PLACEMENT_3D('',#8288,#6774,#6775);
#5717=AXIS2_PLACEMENT_3D('',#8292,#6777,#6778);
#5718=AXIS2_PLACEMENT_3D('',#8294,#6780,#6781);
#5719=AXIS2_PLACEMENT_3D('',#8300,#6785,#6786);
#5720=AXIS2_PLACEMENT_3D('',#8306,#6790,#6791);
#5721=AXIS2_PLACEMENT_3D('',#8309,#6794,#6795);
#5722=AXIS2_PLACEMENT_3D('',#8314,#6798,#6799);
#5723=AXIS2_PLACEMENT_3D('',#8387,#6836,#6837);
#5724=AXIS2_PLACEMENT_3D('',#8393,#6841,#6842);
#5725=AXIS2_PLACEMENT_3D('',#8397,#6845,#6846);
#5726=AXIS2_PLACEMENT_3D('',#8401,#6849,#6850);
#5727=AXIS2_PLACEMENT_3D('',#8403,#6852,#6853);
#5728=AXIS2_PLACEMENT_3D('',#8404,#6854,#6855);
#5729=AXIS2_PLACEMENT_3D('',#8410,#6859,#6860);
#5730=AXIS2_PLACEMENT_3D('',#8414,#6863,#6864);
#5731=AXIS2_PLACEMENT_3D('',#8418,#6867,#6868);
#5732=AXIS2_PLACEMENT_3D('',#8422,#6871,#6872);
#5733=AXIS2_PLACEMENT_3D('',#8426,#6875,#6876);
#5734=AXIS2_PLACEMENT_3D('',#8430,#6879,#6880);
#5735=AXIS2_PLACEMENT_3D('',#8434,#6883,#6884);
#5736=AXIS2_PLACEMENT_3D('',#8438,#6887,#6888);
#5737=AXIS2_PLACEMENT_3D('',#8442,#6891,#6892);
#5738=AXIS2_PLACEMENT_3D('',#8446,#6895,#6896);
#5739=AXIS2_PLACEMENT_3D('',#8450,#6899,#6900);
#5740=AXIS2_PLACEMENT_3D('',#8454,#6903,#6904);
#5741=AXIS2_PLACEMENT_3D('',#8458,#6907,#6908);
#5742=AXIS2_PLACEMENT_3D('',#8462,#6911,#6912);
#5743=AXIS2_PLACEMENT_3D('',#8466,#6915,#6916);
#5744=AXIS2_PLACEMENT_3D('',#8470,#6919,#6920);
#5745=AXIS2_PLACEMENT_3D('',#8474,#6923,#6924);
#5746=AXIS2_PLACEMENT_3D('',#8478,#6927,#6928);
#5747=AXIS2_PLACEMENT_3D('',#8482,#6931,#6932);
#5748=AXIS2_PLACEMENT_3D('',#8486,#6935,#6936);
#5749=AXIS2_PLACEMENT_3D('',#8490,#6939,#6940);
#5750=AXIS2_PLACEMENT_3D('',#8494,#6943,#6944);
#5751=AXIS2_PLACEMENT_3D('',#8498,#6947,#6948);
#5752=AXIS2_PLACEMENT_3D('',#8502,#6951,#6952);
#5753=AXIS2_PLACEMENT_3D('',#8506,#6955,#6956);
#5754=AXIS2_PLACEMENT_3D('',#8510,#6959,#6960);
#5755=AXIS2_PLACEMENT_3D('',#8514,#6963,#6964);
#5756=AXIS2_PLACEMENT_3D('',#8518,#6967,#6968);
#5757=AXIS2_PLACEMENT_3D('',#8522,#6971,#6972);
#5758=AXIS2_PLACEMENT_3D('',#8526,#6975,#6976);
#5759=AXIS2_PLACEMENT_3D('',#8530,#6979,#6980);
#5760=AXIS2_PLACEMENT_3D('',#8532,#6982,#6983);
#5761=AXIS2_PLACEMENT_3D('',#8533,#6984,#6985);
#5762=AXIS2_PLACEMENT_3D('',#8535,#6986,#6987);
#5763=AXIS2_PLACEMENT_3D('',#8538,#6989,#6990);
#5764=AXIS2_PLACEMENT_3D('',#8539,#6991,#6992);
#5765=AXIS2_PLACEMENT_3D('',#8542,#6994,#6995);
#5766=AXIS2_PLACEMENT_3D('',#8543,#6996,#6997);
#5767=AXIS2_PLACEMENT_3D('',#8544,#6998,#6999);
#5768=AXIS2_PLACEMENT_3D('',#8548,#7002,#7003);
#5769=AXIS2_PLACEMENT_3D('',#8550,#7005,#7006);
#5770=AXIS2_PLACEMENT_3D('',#8554,#7009,#7010);
#5771=AXIS2_PLACEMENT_3D('',#8558,#7013,#7014);
#5772=AXIS2_PLACEMENT_3D('',#8560,#7016,#7017);
#5773=AXIS2_PLACEMENT_3D('',#8561,#7018,#7019);
#5774=AXIS2_PLACEMENT_3D('',#8563,#7020,#7021);
#5775=AXIS2_PLACEMENT_3D('',#8566,#7023,#7024);
#5776=AXIS2_PLACEMENT_3D('',#8567,#7025,#7026);
#5777=AXIS2_PLACEMENT_3D('',#8569,#7027,#7028);
#5778=AXIS2_PLACEMENT_3D('',#8570,#7029,#7030);
#5779=AXIS2_PLACEMENT_3D('',#8572,#7031,#7032);
#5780=AXIS2_PLACEMENT_3D('',#8575,#7034,#7035);
#5781=AXIS2_PLACEMENT_3D('',#8576,#7036,#7037);
#5782=AXIS2_PLACEMENT_3D('',#8578,#7038,#7039);
#5783=AXIS2_PLACEMENT_3D('',#8579,#7040,#7041);
#5784=AXIS2_PLACEMENT_3D('',#8581,#7042,#7043);
#5785=AXIS2_PLACEMENT_3D('',#8584,#7045,#7046);
#5786=AXIS2_PLACEMENT_3D('',#8585,#7047,#7048);
#5787=AXIS2_PLACEMENT_3D('',#8587,#7049,#7050);
#5788=AXIS2_PLACEMENT_3D('',#8588,#7051,#7052);
#5789=AXIS2_PLACEMENT_3D('',#8590,#7053,#7054);
#5790=AXIS2_PLACEMENT_3D('',#8593,#7056,#7057);
#5791=AXIS2_PLACEMENT_3D('',#8594,#7058,#7059);
#5792=AXIS2_PLACEMENT_3D('',#8596,#7060,#7061);
#5793=AXIS2_PLACEMENT_3D('',#8597,#7062,#7063);
#5794=AXIS2_PLACEMENT_3D('',#8600,#7064,#7065);
#5795=AXIS2_PLACEMENT_3D('',#8604,#7067,#7068);
#5796=AXIS2_PLACEMENT_3D('',#8606,#7070,#7071);
#5797=AXIS2_PLACEMENT_3D('',#8609,#7072,#7073);
#5798=AXIS2_PLACEMENT_3D('',#8613,#7075,#7076);
#5799=AXIS2_PLACEMENT_3D('',#8615,#7078,#7079);
#5800=AXIS2_PLACEMENT_3D('',#8618,#7080,#7081);
#5801=AXIS2_PLACEMENT_3D('',#8622,#7083,#7084);
#5802=AXIS2_PLACEMENT_3D('',#8624,#7086,#7087);
#5803=AXIS2_PLACEMENT_3D('',#8627,#7088,#7089);
#5804=AXIS2_PLACEMENT_3D('',#8631,#7091,#7092);
#5805=AXIS2_PLACEMENT_3D('',#8633,#7094,#7095);
#5806=AXIS2_PLACEMENT_3D('',#8639,#7100,#7101);
#5807=AXIS2_PLACEMENT_3D('',#8649,#7106,#7107);
#5808=AXIS2_PLACEMENT_3D('',#8651,#7108,#7109);
#5809=AXIS2_PLACEMENT_3D('',#8653,#7110,#7111);
#5810=AXIS2_PLACEMENT_3D('',#8655,#7112,#7113);
#5811=AXIS2_PLACEMENT_3D('',#8665,#7118,#7119);
#5812=AXIS2_PLACEMENT_3D('',#8683,#7128,#7129);
#5813=AXIS2_PLACEMENT_3D('',#8685,#7130,#7131);
#5814=AXIS2_PLACEMENT_3D('',#8695,#7136,#7137);
#5815=AXIS2_PLACEMENT_3D('',#8697,#7138,#7139);
#5816=AXIS2_PLACEMENT_3D('',#8698,#7140,#7141);
#5817=AXIS2_PLACEMENT_3D('',#8704,#7146,#7147);
#5818=AXIS2_PLACEMENT_3D('',#8714,#7152,#7153);
#5819=AXIS2_PLACEMENT_3D('',#8716,#7154,#7155);
#5820=AXIS2_PLACEMENT_3D('',#8726,#7160,#7161);
#5821=AXIS2_PLACEMENT_3D('',#8744,#7170,#7171);
#5822=AXIS2_PLACEMENT_3D('',#8754,#7176,#7177);
#5823=AXIS2_PLACEMENT_3D('',#8755,#7178,#7179);
#5824=AXIS2_PLACEMENT_3D('',#8756,#7180,#7181);
#5825=AXIS2_PLACEMENT_3D('',#8757,#7182,#7183);
#5826=AXIS2_PLACEMENT_3D('',#8758,#7184,#7185);
#5827=AXIS2_PLACEMENT_3D('',#8759,#7186,#7187);
#5828=AXIS2_PLACEMENT_3D('',#8761,#7189,#7190);
#5829=AXIS2_PLACEMENT_3D('',#8764,#7193,#7194);
#5830=AXIS2_PLACEMENT_3D('',#8766,#7196,#7197);
#5831=AXIS2_PLACEMENT_3D('',#8768,#7199,#7200);
#5832=AXIS2_PLACEMENT_3D('',#8769,#7201,#7202);
#5833=AXIS2_PLACEMENT_3D('',#8771,#7204,#7205);
#5834=AXIS2_PLACEMENT_3D('',#8773,#7207,#7208);
#5835=AXIS2_PLACEMENT_3D('',#8775,#7210,#7211);
#5836=AXIS2_PLACEMENT_3D('',#8777,#7213,#7214);
#5837=AXIS2_PLACEMENT_3D('',#8780,#7217,#7218);
#5838=AXIS2_PLACEMENT_3D('',#8782,#7220,#7221);
#5839=AXIS2_PLACEMENT_3D('',#8784,#7223,#7224);
#5840=AXIS2_PLACEMENT_3D('',#8785,#7225,#7226);
#5841=AXIS2_PLACEMENT_3D('',#8787,#7228,#7229);
#5842=AXIS2_PLACEMENT_3D('',#8790,#7232,#7233);
#5843=AXIS2_PLACEMENT_3D('',#8792,#7235,#7236);
#5844=AXIS2_PLACEMENT_3D('',#8794,#7238,#7239);
#5845=AXIS2_PLACEMENT_3D('',#8795,#7240,#7241);
#5846=AXIS2_PLACEMENT_3D('',#8798,#7244,#7245);
#5847=AXIS2_PLACEMENT_3D('',#8800,#7247,#7248);
#5848=AXIS2_PLACEMENT_3D('',#8802,#7250,#7251);
#5849=AXIS2_PLACEMENT_3D('',#8803,#7252,#7253);
#5850=AXIS2_PLACEMENT_3D('',#8805,#7255,#7256);
#5851=AXIS2_PLACEMENT_3D('',#8807,#7258,#7259);
#5852=AXIS2_PLACEMENT_3D('',#8810,#7262,#7263);
#5853=AXIS2_PLACEMENT_3D('',#8812,#7265,#7266);
#5854=AXIS2_PLACEMENT_3D('',#8814,#7268,#7269);
#5855=AXIS2_PLACEMENT_3D('',#8815,#7270,#7271);
#5856=AXIS2_PLACEMENT_3D('',#8817,#7273,#7274);
#5857=DIRECTION('axis',(0.,0.,1.));
#5858=DIRECTION('refdir',(1.,0.,0.));
#5859=DIRECTION('center_axis',(0.,-1.,0.));
#5860=DIRECTION('ref_axis',(0.,0.,-1.));
#5861=DIRECTION('',(0.,0.,-1.));
#5862=DIRECTION('',(1.,0.,0.));
#5863=DIRECTION('',(0.,0.,-1.));
#5864=DIRECTION('',(1.,0.,0.));
#5865=DIRECTION('center_axis',(0.,0.,1.));
#5866=DIRECTION('ref_axis',(0.,-1.,0.));
#5867=DIRECTION('',(0.,-1.,0.));
#5868=DIRECTION('',(1.,0.,0.));
#5869=DIRECTION('',(0.,-1.,0.));
#5870=DIRECTION('center_axis',(0.,1.,0.));
#5871=DIRECTION('ref_axis',(0.,0.,1.));
#5872=DIRECTION('',(0.,0.,1.));
#5873=DIRECTION('',(1.,0.,0.));
#5874=DIRECTION('',(0.,0.,1.));
#5875=DIRECTION('center_axis',(0.,0.,-1.));
#5876=DIRECTION('ref_axis',(0.,1.,0.));
#5877=DIRECTION('',(0.,1.,0.));
#5878=DIRECTION('',(0.,1.,0.));
#5879=DIRECTION('',(1.,0.,0.));
#5880=DIRECTION('center_axis',(1.,0.,0.));
#5881=DIRECTION('ref_axis',(0.,0.,-1.));
#5882=DIRECTION('center_axis',(0.,1.33226890010082E-15,-1.));
#5883=DIRECTION('ref_axis',(0.,1.,1.33226890010082E-15));
#5884=DIRECTION('',(0.,1.,1.33226890010082E-15));
#5885=DIRECTION('',(1.,0.,0.));
#5886=DIRECTION('',(0.,1.,1.33226890010082E-15));
#5887=DIRECTION('',(1.,0.,0.));
#5888=DIRECTION('center_axis',(0.,-1.,0.));
#5889=DIRECTION('ref_axis',(0.,0.,-1.));
#5890=DIRECTION('',(0.,0.,-1.));
#5891=DIRECTION('',(1.,0.,0.));
#5892=DIRECTION('',(0.,0.,-1.));
#5893=DIRECTION('center_axis',(0.,0.,1.));
#5894=DIRECTION('ref_axis',(0.,-1.,0.));
#5895=DIRECTION('',(0.,-1.,0.));
#5896=DIRECTION('',(1.,0.,0.));
#5897=DIRECTION('',(0.,-1.,0.));
#5898=DIRECTION('center_axis',(0.,1.,0.));
#5899=DIRECTION('ref_axis',(0.,0.,1.));
#5900=DIRECTION('',(0.,0.,1.));
#5901=DIRECTION('',(0.,0.,1.));
#5902=DIRECTION('',(1.,0.,0.));
#5903=DIRECTION('center_axis',(1.,0.,0.));
#5904=DIRECTION('ref_axis',(0.,0.,-1.));
#5905=DIRECTION('center_axis',(0.,0.,-1.));
#5906=DIRECTION('ref_axis',(0.,1.,0.));
#5907=DIRECTION('',(0.,1.,0.));
#5908=DIRECTION('',(0.,1.,0.));
#5909=DIRECTION('',(1.,0.,0.));
#5910=DIRECTION('center_axis',(0.,-1.,0.));
#5911=DIRECTION('ref_axis',(0.,0.,-1.));
#5912=DIRECTION('',(0.,0.,-1.));
#5913=DIRECTION('',(1.,0.,0.));
#5914=DIRECTION('',(0.,0.,-1.));
#5915=DIRECTION('center_axis',(0.,0.,1.));
#5916=DIRECTION('ref_axis',(0.,-1.,0.));
#5917=DIRECTION('',(0.,-1.,0.));
#5918=DIRECTION('',(1.,0.,0.));
#5919=DIRECTION('',(0.,-1.,0.));
#5920=DIRECTION('center_axis',(0.,1.,0.));
#5921=DIRECTION('ref_axis',(0.,0.,1.));
#5922=DIRECTION('',(0.,0.,1.));
#5923=DIRECTION('',(0.,0.,1.));
#5924=DIRECTION('',(1.,0.,0.));
#5925=DIRECTION('center_axis',(1.,0.,0.));
#5926=DIRECTION('ref_axis',(0.,0.,-1.));
#5927=DIRECTION('center_axis',(0.,-1.,0.));
#5928=DIRECTION('ref_axis',(0.,0.,-1.));
#5929=DIRECTION('',(0.,0.,-1.));
#5930=DIRECTION('',(1.,0.,0.));
#5931=DIRECTION('',(0.,0.,-1.));
#5932=DIRECTION('',(1.,0.,0.));
#5933=DIRECTION('center_axis',(0.,0.,1.));
#5934=DIRECTION('ref_axis',(0.,-1.,0.));
#5935=DIRECTION('',(0.,-1.,0.));
#5936=DIRECTION('',(1.,0.,0.));
#5937=DIRECTION('',(0.,-1.,0.));
#5938=DIRECTION('center_axis',(0.,1.,0.));
#5939=DIRECTION('ref_axis',(0.,0.,1.));
#5940=DIRECTION('',(0.,0.,1.));
#5941=DIRECTION('',(1.,0.,0.));
#5942=DIRECTION('',(0.,0.,1.));
#5943=DIRECTION('center_axis',(0.,1.33226794718762E-15,-1.));
#5944=DIRECTION('ref_axis',(0.,1.,1.33226794718762E-15));
#5945=DIRECTION('',(0.,1.,1.33226794718762E-15));
#5946=DIRECTION('',(1.,0.,0.));
#5947=DIRECTION('',(0.,1.,1.33226794718762E-15));
#5948=DIRECTION('center_axis',(0.,-1.,0.));
#5949=DIRECTION('ref_axis',(0.,0.,-1.));
#5950=DIRECTION('',(0.,0.,-1.));
#5951=DIRECTION('',(1.,0.,0.));
#5952=DIRECTION('',(0.,0.,-1.));
#5953=DIRECTION('center_axis',(0.,0.,-1.));
#5954=DIRECTION('ref_axis',(0.,1.,0.));
#5955=DIRECTION('',(0.,1.,0.));
#5956=DIRECTION('',(0.,1.,0.));
#5957=DIRECTION('center_axis',(0.,-1.,0.));
#5958=DIRECTION('ref_axis',(0.,0.,-1.));
#5959=DIRECTION('',(0.,0.,-1.));
#5960=DIRECTION('',(1.,0.,0.));
#5961=DIRECTION('',(0.,0.,-1.));
#5962=DIRECTION('center_axis',(0.,0.,1.));
#5963=DIRECTION('ref_axis',(0.,-1.,0.));
#5964=DIRECTION('',(0.,-1.,0.));
#5965=DIRECTION('',(0.,-1.,0.));
#5966=DIRECTION('',(1.,0.,0.));
#5967=DIRECTION('center_axis',(1.,0.,0.));
#5968=DIRECTION('ref_axis',(0.,0.,-1.));
#5969=DIRECTION('center_axis',(0.,1.,0.));
#5970=DIRECTION('ref_axis',(0.,0.,1.));
#5971=DIRECTION('',(0.,0.,1.));
#5972=DIRECTION('',(0.,0.,1.));
#5973=DIRECTION('',(1.,0.,0.));
#5974=DIRECTION('center_axis',(0.,0.,-1.));
#5975=DIRECTION('ref_axis',(0.,1.,0.));
#5976=DIRECTION('',(0.,1.,0.));
#5977=DIRECTION('',(1.,0.,0.));
#5978=DIRECTION('',(0.,1.,0.));
#5979=DIRECTION('center_axis',(0.,-1.,0.));
#5980=DIRECTION('ref_axis',(0.,0.,-1.));
#5981=DIRECTION('',(0.,0.,-1.));
#5982=DIRECTION('',(0.,0.,-1.));
#5983=DIRECTION('center_axis',(0.,0.,1.));
#5984=DIRECTION('ref_axis',(0.,-1.,0.));
#5985=DIRECTION('',(0.,-1.,0.));
#5986=DIRECTION('',(0.,-1.,0.));
#5987=DIRECTION('center_axis',(1.,0.,0.));
#5988=DIRECTION('ref_axis',(0.,0.,-1.));
#5989=DIRECTION('center_axis',(0.,-1.,0.));
#5990=DIRECTION('ref_axis',(0.,0.,-1.));
#5991=DIRECTION('',(0.,0.,-1.));
#5992=DIRECTION('',(1.,0.,0.));
#5993=DIRECTION('',(0.,0.,-1.));
#5994=DIRECTION('',(1.,0.,0.));
#5995=DIRECTION('center_axis',(0.,0.,1.));
#5996=DIRECTION('ref_axis',(0.,-1.,0.));
#5997=DIRECTION('',(0.,-1.,0.));
#5998=DIRECTION('',(1.,0.,0.));
#5999=DIRECTION('',(0.,-1.,0.));
#6000=DIRECTION('center_axis',(0.,-1.,0.));
#6001=DIRECTION('ref_axis',(0.,0.,-1.));
#6002=DIRECTION('',(0.,0.,-1.));
#6003=DIRECTION('',(1.,0.,0.));
#6004=DIRECTION('',(0.,0.,-1.));
#6005=DIRECTION('center_axis',(0.,0.,-1.));
#6006=DIRECTION('ref_axis',(0.,1.,0.));
#6007=DIRECTION('',(0.,1.,0.));
#6008=DIRECTION('',(1.,0.,0.));
#6009=DIRECTION('',(0.,1.,0.));
#6010=DIRECTION('center_axis',(0.,-1.,0.));
#6011=DIRECTION('ref_axis',(0.,0.,-1.));
#6012=DIRECTION('',(0.,0.,-1.));
#6013=DIRECTION('',(1.,0.,0.));
#6014=DIRECTION('',(0.,0.,-1.));
#6015=DIRECTION('center_axis',(0.,0.,1.));
#6016=DIRECTION('ref_axis',(0.,-1.,0.));
#6017=DIRECTION('',(0.,-1.,0.));
#6018=DIRECTION('',(1.,0.,0.));
#6019=DIRECTION('',(0.,-1.,0.));
#6020=DIRECTION('center_axis',(0.,1.,0.));
#6021=DIRECTION('ref_axis',(0.,0.,1.));
#6022=DIRECTION('',(0.,0.,1.));
#6023=DIRECTION('',(1.,0.,0.));
#6024=DIRECTION('',(0.,0.,1.));
#6025=DIRECTION('center_axis',(0.,0.,-1.));
#6026=DIRECTION('ref_axis',(0.,1.,0.));
#6027=DIRECTION('',(0.,1.,0.));
#6028=DIRECTION('',(1.,0.,0.));
#6029=DIRECTION('',(0.,1.,0.));
#6030=DIRECTION('center_axis',(0.,1.,0.));
#6031=DIRECTION('ref_axis',(0.,0.,1.));
#6032=DIRECTION('',(0.,0.,1.));
#6033=DIRECTION('',(1.,0.,0.));
#6034=DIRECTION('',(0.,0.,1.));
#6035=DIRECTION('center_axis',(0.,0.,1.));
#6036=DIRECTION('ref_axis',(0.,-1.,0.));
#6037=DIRECTION('',(0.,-1.,0.));
#6038=DIRECTION('',(1.,0.,0.));
#6039=DIRECTION('',(0.,-1.,0.));
#6040=DIRECTION('center_axis',(0.,1.,0.));
#6041=DIRECTION('ref_axis',(0.,0.,1.));
#6042=DIRECTION('',(0.,0.,1.));
#6043=DIRECTION('',(1.,0.,0.));
#6044=DIRECTION('',(0.,0.,1.));
#6045=DIRECTION('center_axis',(0.,1.33226890010082E-15,-1.));
#6046=DIRECTION('ref_axis',(0.,1.,1.33226890010082E-15));
#6047=DIRECTION('',(0.,1.,1.33226890010082E-15));
#6048=DIRECTION('',(0.,1.,1.33226890010082E-15));
#6049=DIRECTION('center_axis',(1.,0.,0.));
#6050=DIRECTION('ref_axis',(0.,0.,-1.));
#6051=DIRECTION('center_axis',(0.,-1.,0.));
#6052=DIRECTION('ref_axis',(0.,0.,-1.));
#6053=DIRECTION('',(0.,0.,-1.));
#6054=DIRECTION('',(1.,0.,0.));
#6055=DIRECTION('',(0.,0.,-1.));
#6056=DIRECTION('',(1.,0.,0.));
#6057=DIRECTION('center_axis',(0.,0.,1.));
#6058=DIRECTION('ref_axis',(0.,-1.,0.));
#6059=DIRECTION('',(0.,-1.,0.));
#6060=DIRECTION('',(1.,0.,0.));
#6061=DIRECTION('',(0.,-1.,0.));
#6062=DIRECTION('center_axis',(0.,-1.,0.));
#6063=DIRECTION('ref_axis',(0.,0.,-1.));
#6064=DIRECTION('',(0.,0.,-1.));
#6065=DIRECTION('',(1.,0.,0.));
#6066=DIRECTION('',(0.,0.,-1.));
#6067=DIRECTION('center_axis',(0.,0.,-1.));
#6068=DIRECTION('ref_axis',(0.,1.,0.));
#6069=DIRECTION('',(0.,1.,0.));
#6070=DIRECTION('',(1.,0.,0.));
#6071=DIRECTION('',(0.,1.,0.));
#6072=DIRECTION('center_axis',(0.,-1.,0.));
#6073=DIRECTION('ref_axis',(0.,0.,-1.));
#6074=DIRECTION('',(0.,0.,-1.));
#6075=DIRECTION('',(1.,0.,0.));
#6076=DIRECTION('',(0.,0.,-1.));
#6077=DIRECTION('center_axis',(0.,0.,1.));
#6078=DIRECTION('ref_axis',(0.,-1.,0.));
#6079=DIRECTION('',(0.,-1.,0.));
#6080=DIRECTION('',(1.,0.,0.));
#6081=DIRECTION('',(0.,-1.,0.));
#6082=DIRECTION('center_axis',(0.,1.,0.));
#6083=DIRECTION('ref_axis',(0.,0.,1.));
#6084=DIRECTION('',(0.,0.,1.));
#6085=DIRECTION('',(1.,0.,0.));
#6086=DIRECTION('',(0.,0.,1.));
#6087=DIRECTION('center_axis',(0.,0.,-1.));
#6088=DIRECTION('ref_axis',(0.,1.,0.));
#6089=DIRECTION('',(0.,1.,0.));
#6090=DIRECTION('',(1.,0.,0.));
#6091=DIRECTION('',(0.,1.,0.));
#6092=DIRECTION('center_axis',(0.,1.,0.));
#6093=DIRECTION('ref_axis',(0.,0.,1.));
#6094=DIRECTION('',(0.,0.,1.));
#6095=DIRECTION('',(1.,0.,0.));
#6096=DIRECTION('',(0.,0.,1.));
#6097=DIRECTION('center_axis',(0.,0.,1.));
#6098=DIRECTION('ref_axis',(0.,-1.,0.));
#6099=DIRECTION('',(0.,-1.,0.));
#6100=DIRECTION('',(1.,0.,0.));
#6101=DIRECTION('',(0.,-1.,0.));
#6102=DIRECTION('center_axis',(0.,1.,0.));
#6103=DIRECTION('ref_axis',(0.,0.,1.));
#6104=DIRECTION('',(0.,0.,1.));
#6105=DIRECTION('',(1.,0.,0.));
#6106=DIRECTION('',(0.,0.,1.));
#6107=DIRECTION('center_axis',(0.,1.33226890010082E-15,-1.));
#6108=DIRECTION('ref_axis',(0.,1.,1.33226890010082E-15));
#6109=DIRECTION('',(0.,1.,1.33226890010082E-15));
#6110=DIRECTION('',(0.,1.,1.33226890010082E-15));
#6111=DIRECTION('center_axis',(1.,0.,0.));
#6112=DIRECTION('ref_axis',(0.,0.,-1.));
#6113=DIRECTION('center_axis',(0.,0.,-1.));
#6114=DIRECTION('ref_axis',(0.,1.,0.));
#6115=DIRECTION('',(0.,1.,0.));
#6116=DIRECTION('',(1.,0.,0.));
#6117=DIRECTION('',(0.,1.,0.));
#6118=DIRECTION('',(1.,0.,0.));
#6119=DIRECTION('center_axis',(0.,1.,0.));
#6120=DIRECTION('ref_axis',(0.,0.,1.));
#6121=DIRECTION('',(0.,0.,1.));
#6122=DIRECTION('',(1.,0.,0.));
#6123=DIRECTION('',(0.,0.,1.));
#6124=DIRECTION('center_axis',(0.,1.33226794718762E-15,-1.));
#6125=DIRECTION('ref_axis',(0.,1.,1.33226794718762E-15));
#6126=DIRECTION('',(0.,1.,1.33226794718762E-15));
#6127=DIRECTION('',(1.,0.,0.));
#6128=DIRECTION('',(0.,1.,1.33226794718762E-15));
#6129=DIRECTION('center_axis',(0.,-1.,0.));
#6130=DIRECTION('ref_axis',(0.,0.,-1.));
#6131=DIRECTION('',(0.,0.,-1.));
#6132=DIRECTION('',(1.,0.,0.));
#6133=DIRECTION('',(0.,0.,-1.));
#6134=DIRECTION('center_axis',(0.,0.,1.));
#6135=DIRECTION('ref_axis',(0.,-1.,0.));
#6136=DIRECTION('',(0.,-1.,0.));
#6137=DIRECTION('',(1.,0.,0.));
#6138=DIRECTION('',(0.,-1.,0.));
#6139=DIRECTION('center_axis',(0.,1.,0.));
#6140=DIRECTION('ref_axis',(0.,0.,1.));
#6141=DIRECTION('',(0.,0.,1.));
#6142=DIRECTION('',(1.,0.,0.));
#6143=DIRECTION('',(0.,0.,1.));
#6144=DIRECTION('center_axis',(0.,0.,1.));
#6145=DIRECTION('ref_axis',(0.,-1.,0.));
#6146=DIRECTION('',(0.,-1.,0.));
#6147=DIRECTION('',(1.,0.,0.));
#6148=DIRECTION('',(0.,-1.,0.));
#6149=DIRECTION('center_axis',(0.,1.,0.));
#6150=DIRECTION('ref_axis',(0.,0.,1.));
#6151=DIRECTION('',(0.,0.,1.));
#6152=DIRECTION('',(1.,0.,0.));
#6153=DIRECTION('',(0.,0.,1.));
#6154=DIRECTION('center_axis',(1.,0.,0.));
#6155=DIRECTION('ref_axis',(0.,0.,-1.));
#6156=DIRECTION('center_axis',(0.,0.,1.));
#6157=DIRECTION('ref_axis',(0.,-1.,0.));
#6158=DIRECTION('',(0.,-1.,0.));
#6159=DIRECTION('',(1.,0.,0.));
#6160=DIRECTION('',(0.,-1.,0.));
#6161=DIRECTION('',(1.,0.,0.));
#6162=DIRECTION('center_axis',(0.,-1.,0.));
#6163=DIRECTION('ref_axis',(0.,0.,-1.));
#6164=DIRECTION('',(0.,0.,-1.));
#6165=DIRECTION('',(1.,0.,0.));
#6166=DIRECTION('',(0.,0.,-1.));
#6167=DIRECTION('center_axis',(0.,0.,1.));
#6168=DIRECTION('ref_axis',(0.,-1.,0.));
#6169=DIRECTION('',(0.,-1.,0.));
#6170=DIRECTION('',(1.,0.,0.));
#6171=DIRECTION('',(0.,-1.,0.));
#6172=DIRECTION('center_axis',(0.,1.,0.));
#6173=DIRECTION('ref_axis',(0.,0.,1.));
#6174=DIRECTION('',(0.,0.,1.));
#6175=DIRECTION('',(1.,0.,0.));
#6176=DIRECTION('',(0.,0.,1.));
#6177=DIRECTION('center_axis',(0.,1.33226758984552E-15,-1.));
#6178=DIRECTION('ref_axis',(0.,1.,1.33226758984552E-15));
#6179=DIRECTION('',(0.,1.,1.33226758984552E-15));
#6180=DIRECTION('',(1.,0.,0.));
#6181=DIRECTION('',(0.,1.,1.33226758984552E-15));
#6182=DIRECTION('center_axis',(0.,-1.,0.));
#6183=DIRECTION('ref_axis',(0.,0.,-1.));
#6184=DIRECTION('',(0.,0.,-1.));
#6185=DIRECTION('',(1.,0.,0.));
#6186=DIRECTION('',(0.,0.,-1.));
#6187=DIRECTION('center_axis',(0.,0.,-1.));
#6188=DIRECTION('ref_axis',(0.,1.,0.));
#6189=DIRECTION('',(0.,1.,0.));
#6190=DIRECTION('',(1.,0.,0.));
#6191=DIRECTION('',(0.,1.,0.));
#6192=DIRECTION('center_axis',(0.,-1.,0.));
#6193=DIRECTION('ref_axis',(0.,0.,-1.));
#6194=DIRECTION('',(0.,0.,-1.));
#6195=DIRECTION('',(0.,0.,-1.));
#6196=DIRECTION('',(1.,0.,0.));
#6197=DIRECTION('center_axis',(1.,0.,0.));
#6198=DIRECTION('ref_axis',(0.,0.,-1.));
#6199=DIRECTION('center_axis',(0.,1.,0.));
#6200=DIRECTION('ref_axis',(0.,0.,1.));
#6201=DIRECTION('',(0.,0.,1.));
#6202=DIRECTION('',(1.,0.,0.));
#6203=DIRECTION('',(0.,0.,1.));
#6204=DIRECTION('center_axis',(0.,0.,-1.));
#6205=DIRECTION('ref_axis',(0.,1.,0.));
#6206=DIRECTION('',(0.,1.,0.));
#6207=DIRECTION('',(1.,0.,0.));
#6208=DIRECTION('',(0.,1.,0.));
#6209=DIRECTION('center_axis',(0.,-1.,0.));
#6210=DIRECTION('ref_axis',(0.,0.,-1.));
#6211=DIRECTION('',(0.,0.,-1.));
#6212=DIRECTION('',(0.,0.,-1.));
#6213=DIRECTION('center_axis',(0.,0.,1.));
#6214=DIRECTION('ref_axis',(0.,-1.,0.));
#6215=DIRECTION('',(0.,-1.,0.));
#6216=DIRECTION('',(0.,-1.,0.));
#6217=DIRECTION('center_axis',(1.,0.,0.));
#6218=DIRECTION('ref_axis',(0.,0.,-1.));
#6219=DIRECTION('center_axis',(0.,0.,1.));
#6220=DIRECTION('ref_axis',(1.,0.,0.));
#6221=DIRECTION('',(1.,0.,0.));
#6222=DIRECTION('',(0.,1.,0.));
#6223=DIRECTION('',(-1.,0.,0.));
#6224=DIRECTION('center_axis',(0.,0.,-1.));
#6225=DIRECTION('ref_axis',(1.,0.,0.));
#6226=DIRECTION('',(0.,-1.,0.));
#6227=DIRECTION('center_axis',(0.,0.,1.));
#6228=DIRECTION('ref_axis',(1.,0.,0.));
#6229=DIRECTION('center_axis',(0.,0.,1.));
#6230=DIRECTION('ref_axis',(1.,0.,0.));
#6231=DIRECTION('center_axis',(0.,0.,-1.));
#6232=DIRECTION('ref_axis',(0.707106781186548,0.707106781186548,0.));
#6233=DIRECTION('',(1.,2.22044600670961E-15,0.));
#6234=DIRECTION('',(0.,1.,0.));
#6235=DIRECTION('',(-1.,0.,0.));
#6236=DIRECTION('',(0.,-1.,0.));
#6237=DIRECTION('center_axis',(0.,0.,1.));
#6238=DIRECTION('ref_axis',(1.,0.,0.));
#6239=DIRECTION('center_axis',(0.,0.,1.));
#6240=DIRECTION('ref_axis',(1.,0.,0.));
#6241=DIRECTION('',(0.,1.,0.));
#6242=DIRECTION('center_axis',(0.,0.,-1.));
#6243=DIRECTION('ref_axis',(-1.,-2.53765262771464E-15,0.));
#6244=DIRECTION('',(-1.,0.,0.));
#6245=DIRECTION('',(0.,-1.,0.));
#6246=DIRECTION('',(1.,0.,0.));
#6247=DIRECTION('center_axis',(0.,0.,1.));
#6248=DIRECTION('ref_axis',(1.,0.,0.));
#6249=DIRECTION('center_axis',(1.,0.,0.));
#6250=DIRECTION('ref_axis',(0.,1.,0.));
#6251=DIRECTION('',(0.,0.,1.));
#6252=DIRECTION('',(0.,-1.,0.));
#6253=DIRECTION('',(0.,0.,1.));
#6254=DIRECTION('center_axis',(-2.22044600670961E-15,1.,0.));
#6255=DIRECTION('ref_axis',(1.,2.22044600670961E-15,0.));
#6256=DIRECTION('',(0.,0.,1.));
#6257=DIRECTION('',(1.,2.22044600670961E-15,0.));
#6258=DIRECTION('',(0.,0.,-1.));
#6259=DIRECTION('center_axis',(0.,0.,1.));
#6260=DIRECTION('ref_axis',(0.707106781186548,0.707106781186548,0.));
#6261=DIRECTION('',(0.,0.,-1.));
#6262=DIRECTION('center_axis',(0.,0.,-1.));
#6263=DIRECTION('ref_axis',(0.707106781186548,0.707106781186548,0.));
#6264=DIRECTION('center_axis',(0.,-1.,0.));
#6265=DIRECTION('ref_axis',(1.,0.,0.));
#6266=DIRECTION('',(0.,0.,1.));
#6267=DIRECTION('',(-1.,0.,0.));
#6268=DIRECTION('',(0.,0.,1.));
#6269=DIRECTION('center_axis',(0.,0.,1.));
#6270=DIRECTION('ref_axis',(1.,0.,0.));
#6271=DIRECTION('center_axis',(0.,0.,1.));
#6272=DIRECTION('ref_axis',(1.,0.,0.));
#6273=DIRECTION('',(0.,0.,1.));
#6274=DIRECTION('center_axis',(0.,0.,1.));
#6275=DIRECTION('ref_axis',(1.,0.,0.));
#6276=DIRECTION('center_axis',(0.,0.,1.));
#6277=DIRECTION('ref_axis',(1.,0.,0.));
#6278=DIRECTION('center_axis',(0.,0.,1.));
#6279=DIRECTION('ref_axis',(1.,0.,0.));
#6280=DIRECTION('',(0.,0.,1.));
#6281=DIRECTION('center_axis',(0.,0.,1.));
#6282=DIRECTION('ref_axis',(1.,0.,0.));
#6283=DIRECTION('center_axis',(0.,0.,1.));
#6284=DIRECTION('ref_axis',(1.,0.,0.));
#6285=DIRECTION('center_axis',(0.,0.,1.));
#6286=DIRECTION('ref_axis',(1.,0.,0.));
#6287=DIRECTION('',(0.,0.,1.));
#6288=DIRECTION('center_axis',(0.,0.,-1.));
#6289=DIRECTION('ref_axis',(1.,0.,0.));
#6290=DIRECTION('center_axis',(0.,0.,1.));
#6291=DIRECTION('ref_axis',(1.,0.,0.));
#6292=DIRECTION('center_axis',(0.,0.,1.));
#6293=DIRECTION('ref_axis',(1.,0.,0.));
#6294=DIRECTION('center_axis',(0.,0.,1.));
#6295=DIRECTION('ref_axis',(1.,0.,0.));
#6296=DIRECTION('',(0.,0.,1.));
#6297=DIRECTION('center_axis',(0.,0.,1.));
#6298=DIRECTION('ref_axis',(1.,0.,0.));
#6299=DIRECTION('center_axis',(0.,0.,-1.));
#6300=DIRECTION('ref_axis',(0.,1.,0.));
#6301=DIRECTION('center_axis',(0.,0.,1.));
#6302=DIRECTION('ref_axis',(0.,1.,0.));
#6303=DIRECTION('',(0.,0.,1.));
#6304=DIRECTION('center_axis',(0.,0.,-1.));
#6305=DIRECTION('ref_axis',(0.,1.,0.));
#6306=DIRECTION('',(0.,0.,1.));
#6307=DIRECTION('center_axis',(0.,0.,-1.));
#6308=DIRECTION('ref_axis',(-8.88178419700126E-16,-1.,0.));
#6309=DIRECTION('center_axis',(0.,0.,1.));
#6310=DIRECTION('ref_axis',(-8.88178419700126E-16,-1.,0.));
#6311=DIRECTION('',(0.,0.,1.));
#6312=DIRECTION('center_axis',(0.,0.,-1.));
#6313=DIRECTION('ref_axis',(-8.88178419700126E-16,-1.,0.));
#6314=DIRECTION('',(0.,0.,1.));
#6315=DIRECTION('center_axis',(0.,0.,1.));
#6316=DIRECTION('ref_axis',(-8.88178419700126E-16,-1.,0.));
#6317=DIRECTION('',(0.,0.,1.));
#6318=DIRECTION('center_axis',(0.,0.,-1.));
#6319=DIRECTION('ref_axis',(-8.88178419700126E-16,-1.,0.));
#6320=DIRECTION('',(0.,0.,1.));
#6321=DIRECTION('center_axis',(0.,0.,-1.));
#6322=DIRECTION('ref_axis',(-1.,0.,0.));
#6323=DIRECTION('center_axis',(0.,0.,1.));
#6324=DIRECTION('ref_axis',(-1.,0.,0.));
#6325=DIRECTION('',(0.,0.,1.));
#6326=DIRECTION('center_axis',(0.,0.,-1.));
#6327=DIRECTION('ref_axis',(-1.,0.,0.));
#6328=DIRECTION('',(0.,0.,-1.));
#6329=DIRECTION('center_axis',(0.,0.,1.));
#6330=DIRECTION('ref_axis',(-1.,0.,0.));
#6331=DIRECTION('',(0.,0.,-1.));
#6332=DIRECTION('center_axis',(0.,0.,-1.));
#6333=DIRECTION('ref_axis',(-1.,0.,0.));
#6334=DIRECTION('',(0.,0.,1.));
#6335=DIRECTION('center_axis',(0.,0.,-1.));
#6336=DIRECTION('ref_axis',(1.,0.,0.));
#6337=DIRECTION('center_axis',(0.,0.,-1.));
#6338=DIRECTION('ref_axis',(1.,0.,0.));
#6339=DIRECTION('',(0.,0.,1.));
#6340=DIRECTION('center_axis',(0.,0.,1.));
#6341=DIRECTION('ref_axis',(1.,0.,0.));
#6342=DIRECTION('',(0.,0.,1.));
#6343=DIRECTION('center_axis',(1.,0.,0.));
#6344=DIRECTION('ref_axis',(0.,0.,-1.));
#6345=DIRECTION('',(0.,1.,0.));
#6346=DIRECTION('',(0.,0.,-1.));
#6347=DIRECTION('',(0.,1.,0.));
#6348=DIRECTION('center_axis',(-1.,7.04903507698512E-17,0.));
#6349=DIRECTION('ref_axis',(-7.04903507698512E-17,-1.,0.));
#6350=DIRECTION('',(-7.04903507698512E-17,-1.,0.));
#6351=DIRECTION('',(0.,0.,1.));
#6352=DIRECTION('',(-7.04903507698512E-17,-1.,0.));
#6353=DIRECTION('center_axis',(-1.,0.,0.));
#6354=DIRECTION('ref_axis',(0.,-1.,0.));
#6355=DIRECTION('',(0.,1.,0.));
#6356=DIRECTION('',(0.,-1.,0.));
#6357=DIRECTION('center_axis',(1.,0.,0.));
#6358=DIRECTION('ref_axis',(0.,-1.,0.));
#6359=DIRECTION('center_axis',(0.,0.,1.));
#6360=DIRECTION('ref_axis',(1.,0.,0.));
#6361=DIRECTION('',(1.,0.,0.));
#6362=DIRECTION('',(0.,1.,0.));
#6363=DIRECTION('',(1.,0.,0.));
#6364=DIRECTION('',(0.,-1.,0.));
#6365=DIRECTION('',(-1.,0.,0.));
#6366=DIRECTION('',(0.,1.,0.));
#6367=DIRECTION('',(1.,0.,0.));
#6368=DIRECTION('center_axis',(0.,0.,1.));
#6369=DIRECTION('ref_axis',(1.,0.,0.));
#6370=DIRECTION('center_axis',(0.,0.,-1.));
#6371=DIRECTION('ref_axis',(-1.,0.,0.));
#6372=DIRECTION('',(1.,0.,0.));
#6373=DIRECTION('',(0.,-1.,0.));
#6374=DIRECTION('',(6.34413156928661E-16,1.,0.));
#6375=DIRECTION('',(-1.,0.,0.));
#6376=DIRECTION('center_axis',(1.,0.,0.));
#6377=DIRECTION('ref_axis',(0.,1.,0.));
#6378=DIRECTION('',(0.,1.,0.));
#6379=DIRECTION('center_axis',(1.,0.,0.));
#6380=DIRECTION('ref_axis',(0.,-1.,0.));
#6381=DIRECTION('',(1.,0.,0.));
#6382=DIRECTION('center_axis',(-1.,0.,0.));
#6383=DIRECTION('ref_axis',(0.,-1.,0.));
#6384=DIRECTION('center_axis',(-1.,0.,0.));
#6385=DIRECTION('ref_axis',(0.,0.,-1.));
#6386=DIRECTION('',(0.,0.,1.));
#6387=DIRECTION('',(0.,-1.,0.));
#6388=DIRECTION('',(0.,0.,-1.));
#6389=DIRECTION('',(0.,-1.,0.));
#6390=DIRECTION('center_axis',(0.,0.,1.));
#6391=DIRECTION('ref_axis',(-1.,0.,0.));
#6392=DIRECTION('',(1.,0.,0.));
#6393=DIRECTION('',(-1.,0.,0.));
#6394=DIRECTION('',(0.,-1.,0.));
#6395=DIRECTION('center_axis',(1.,0.,0.));
#6396=DIRECTION('ref_axis',(0.,0.,1.));
#6397=DIRECTION('',(0.,0.,-1.));
#6398=DIRECTION('',(0.,0.,1.));
#6399=DIRECTION('',(0.,-1.,0.));
#6400=DIRECTION('center_axis',(0.,0.,1.));
#6401=DIRECTION('ref_axis',(1.,0.,0.));
#6402=DIRECTION('',(-1.,0.,0.));
#6403=DIRECTION('',(0.,-1.,0.));
#6404=DIRECTION('',(-1.,0.,0.));
#6405=DIRECTION('',(0.,1.,0.));
#6406=DIRECTION('',(-1.,0.,0.));
#6407=DIRECTION('center_axis',(0.,0.,-1.));
#6408=DIRECTION('ref_axis',(1.,0.,0.));
#6409=DIRECTION('',(-1.,0.,0.));
#6410=DIRECTION('',(0.,-1.,0.));
#6411=DIRECTION('',(1.,0.,0.));
#6412=DIRECTION('',(0.,1.,0.));
#6413=DIRECTION('center_axis',(0.,0.,-1.));
#6414=DIRECTION('ref_axis',(-1.,-2.53765262771464E-15,0.));
#6415=DIRECTION('',(0.,1.,0.));
#6416=DIRECTION('',(-1.,0.,0.));
#6417=DIRECTION('',(0.,-1.,0.));
#6418=DIRECTION('',(1.7164974508721E-7,-0.999999999999985,0.));
#6419=DIRECTION('',(-1.,0.,0.));
#6420=DIRECTION('',(0.,1.,0.));
#6421=DIRECTION('',(-1.,0.,0.));
#6422=DIRECTION('',(1.,0.,0.));
#6423=DIRECTION('',(1.,0.,0.));
#6424=DIRECTION('',(0.,-1.,0.));
#6425=DIRECTION('',(-1.,0.,0.));
#6426=DIRECTION('',(0.,1.,0.));
#6427=DIRECTION('center_axis',(0.,0.,-1.));
#6428=DIRECTION('ref_axis',(1.,0.,0.));
#6429=DIRECTION('center_axis',(0.,0.,1.));
#6430=DIRECTION('ref_axis',(1.,0.,0.));
#6431=DIRECTION('center_axis',(0.,0.,1.));
#6432=DIRECTION('ref_axis',(-1.,0.,0.));
#6433=DIRECTION('',(-1.,0.,0.));
#6434=DIRECTION('',(0.,1.,0.));
#6435=DIRECTION('',(1.,0.,0.));
#6436=DIRECTION('',(0.,-1.,0.));
#6437=DIRECTION('center_axis',(0.,0.,-1.));
#6438=DIRECTION('ref_axis',(-1.,0.,0.));
#6439=DIRECTION('',(-1.,0.,0.));
#6440=DIRECTION('',(0.,-1.,0.));
#6441=DIRECTION('',(-1.,0.,0.));
#6442=DIRECTION('',(0.,1.,0.));
#6443=DIRECTION('center_axis',(0.,0.,-1.));
#6444=DIRECTION('ref_axis',(-1.,0.,0.));
#6445=DIRECTION('',(-1.,0.,0.));
#6446=DIRECTION('',(0.,-1.,0.));
#6447=DIRECTION('',(-1.,0.,0.));
#6448=DIRECTION('',(0.,1.,0.));
#6449=DIRECTION('center_axis',(-1.,0.,0.));
#6450=DIRECTION('ref_axis',(0.,-1.,0.));
#6451=DIRECTION('',(0.,0.,1.));
#6452=DIRECTION('',(0.,0.,1.));
#6453=DIRECTION('center_axis',(1.,0.,0.));
#6454=DIRECTION('ref_axis',(0.,1.,0.));
#6455=DIRECTION('',(0.,0.,1.));
#6456=DIRECTION('',(0.,0.,1.));
#6457=DIRECTION('center_axis',(0.,1.,0.));
#6458=DIRECTION('ref_axis',(-1.,0.,0.));
#6459=DIRECTION('',(0.,0.,-1.));
#6460=DIRECTION('',(0.,0.,1.));
#6461=DIRECTION('center_axis',(1.,0.,0.));
#6462=DIRECTION('ref_axis',(0.,1.,0.));
#6463=DIRECTION('',(0.,0.,1.));
#6464=DIRECTION('',(0.,0.,1.));
#6465=DIRECTION('center_axis',(0.,-1.,0.));
#6466=DIRECTION('ref_axis',(1.,0.,0.));
#6467=DIRECTION('',(0.,0.,1.));
#6468=DIRECTION('center_axis',(-1.,0.,0.));
#6469=DIRECTION('ref_axis',(0.,-1.,0.));
#6470=DIRECTION('',(0.,0.,1.));
#6471=DIRECTION('center_axis',(0.,-1.,0.));
#6472=DIRECTION('ref_axis',(1.,0.,0.));
#6473=DIRECTION('center_axis',(0.,1.,0.));
#6474=DIRECTION('ref_axis',(0.707106781186547,0.,0.707106781186547));
#6475=DIRECTION('',(1.,0.,0.));
#6476=DIRECTION('center_axis',(0.,1.,0.));
#6477=DIRECTION('ref_axis',(-0.707106781186547,0.,0.707106781186547));
#6478=DIRECTION('',(0.,0.,1.));
#6479=DIRECTION('',(0.,0.,1.));
#6480=DIRECTION('center_axis',(0.999999999999985,1.7164974508721E-7,0.));
#6481=DIRECTION('ref_axis',(-1.7164974508721E-7,0.999999999999985,0.));
#6482=DIRECTION('',(-1.7164974508721E-7,0.999999999999985,0.));
#6483=DIRECTION('',(0.,0.,1.));
#6484=DIRECTION('center_axis',(0.,0.,1.));
#6485=DIRECTION('ref_axis',(-1.,-2.53765262771464E-15,0.));
#6486=DIRECTION('',(0.,0.,1.));
#6487=DIRECTION('center_axis',(0.,0.,1.));
#6488=DIRECTION('ref_axis',(1.,0.,0.));
#6489=DIRECTION('',(0.,0.,1.));
#6490=DIRECTION('center_axis',(0.,0.,-1.));
#6491=DIRECTION('ref_axis',(-0.997434071336994,-0.0715910143531153,0.));
#6492=DIRECTION('center_axis',(0.,0.,-1.));
#6493=DIRECTION('ref_axis',(-0.997434071336994,-0.0715910143531153,0.));
#6494=DIRECTION('',(0.,0.,1.));
#6495=DIRECTION('center_axis',(0.,0.,1.));
#6496=DIRECTION('ref_axis',(-0.997434071336994,-0.0715910143531153,0.));
#6497=DIRECTION('',(0.,0.,-1.));
#6498=DIRECTION('center_axis',(0.,1.,0.));
#6499=DIRECTION('ref_axis',(1.,0.,0.));
#6500=DIRECTION('',(1.,0.,0.));
#6501=DIRECTION('',(-1.,0.,0.));
#6502=DIRECTION('',(0.,0.,1.));
#6503=DIRECTION('center_axis',(1.,0.,0.));
#6504=DIRECTION('ref_axis',(0.,1.,0.));
#6505=DIRECTION('',(0.,1.,0.));
#6506=DIRECTION('',(0.,0.,1.));
#6507=DIRECTION('center_axis',(0.,1.,0.));
#6508=DIRECTION('ref_axis',(0.707106781186547,0.,0.707106781186547));
#6509=DIRECTION('center_axis',(0.,1.,0.));
#6510=DIRECTION('ref_axis',(0.707106781186547,0.,0.707106781186547));
#6511=DIRECTION('',(0.,-1.,0.));
#6512=DIRECTION('center_axis',(0.,0.,1.));
#6513=DIRECTION('ref_axis',(1.,0.,0.));
#6514=DIRECTION('',(-1.,0.,0.));
#6515=DIRECTION('',(0.,1.,0.));
#6516=DIRECTION('center_axis',(0.,-1.,0.));
#6517=DIRECTION('ref_axis',(-0.707106781186547,0.,0.707106781186547));
#6518=DIRECTION('center_axis',(0.,1.,0.));
#6519=DIRECTION('ref_axis',(-0.707106781186547,0.,0.707106781186547));
#6520=DIRECTION('',(0.,-1.,0.));
#6521=DIRECTION('center_axis',(-1.,0.,0.));
#6522=DIRECTION('ref_axis',(0.,-1.,0.));
#6523=DIRECTION('',(0.,0.,1.));
#6524=DIRECTION('center_axis',(-1.,0.,0.));
#6525=DIRECTION('ref_axis',(0.,-1.,0.));
#6526=DIRECTION('',(0.,0.,1.));
#6527=DIRECTION('center_axis',(0.,1.,0.));
#6528=DIRECTION('ref_axis',(-1.,0.,0.));
#6529=DIRECTION('',(-1.,0.,0.));
#6530=DIRECTION('',(0.,0.,1.));
#6531=DIRECTION('',(0.,0.,1.));
#6532=DIRECTION('center_axis',(0.,-1.,0.));
#6533=DIRECTION('ref_axis',(1.,0.,0.));
#6534=DIRECTION('',(1.,0.,0.));
#6535=DIRECTION('',(0.,0.,1.));
#6536=DIRECTION('',(1.,0.,0.));
#6537=DIRECTION('',(0.,0.,1.));
#6538=DIRECTION('center_axis',(0.,-1.,0.));
#6539=DIRECTION('ref_axis',(1.,0.,0.));
#6540=DIRECTION('',(0.,0.,1.));
#6541=DIRECTION('center_axis',(0.,0.,1.));
#6542=DIRECTION('ref_axis',(1.,0.,0.));
#6543=DIRECTION('',(0.,-1.,0.));
#6544=DIRECTION('',(-1.,0.,0.));
#6545=DIRECTION('',(0.,-1.,0.));
#6546=DIRECTION('center_axis',(1.,0.,0.));
#6547=DIRECTION('ref_axis',(0.,-1.,0.));
#6548=DIRECTION('',(0.,0.,1.));
#6549=DIRECTION('',(0.,-1.,0.));
#6550=DIRECTION('center_axis',(0.,0.,1.));
#6551=DIRECTION('ref_axis',(1.,0.,0.));
#6552=DIRECTION('',(1.,0.,0.));
#6553=DIRECTION('',(0.,1.,0.));
#6554=DIRECTION('',(0.,-1.,0.));
#6555=DIRECTION('',(0.,1.,0.));
#6556=DIRECTION('center_axis',(-1.,0.,0.));
#6557=DIRECTION('ref_axis',(0.,1.,0.));
#6558=DIRECTION('',(0.,0.,-1.));
#6559=DIRECTION('center_axis',(1.,0.,0.));
#6560=DIRECTION('ref_axis',(0.,-1.,0.));
#6561=DIRECTION('',(0.,1.,0.));
#6562=DIRECTION('',(0.,0.,1.));
#6563=DIRECTION('',(0.,1.,0.));
#6564=DIRECTION('',(0.,0.,1.));
#6565=DIRECTION('center_axis',(-1.,0.,0.));
#6566=DIRECTION('ref_axis',(0.,1.,0.));
#6567=DIRECTION('',(0.,-1.,0.));
#6568=DIRECTION('',(0.,0.,1.));
#6569=DIRECTION('',(0.,-1.,0.));
#6570=DIRECTION('',(0.,0.,-1.));
#6571=DIRECTION('center_axis',(1.,0.,0.));
#6572=DIRECTION('ref_axis',(0.,-0.707106781186547,0.707106781186547));
#6573=DIRECTION('center_axis',(-1.,0.,0.));
#6574=DIRECTION('ref_axis',(0.,-0.707106781186547,0.707106781186547));
#6575=DIRECTION('center_axis',(1.,0.,0.));
#6576=DIRECTION('ref_axis',(0.,-0.707106781186547,0.707106781186547));
#6577=DIRECTION('',(-1.,0.,0.));
#6578=DIRECTION('center_axis',(-1.,0.,0.));
#6579=DIRECTION('ref_axis',(0.,0.707106781186547,0.707106781186547));
#6580=DIRECTION('center_axis',(1.,0.,0.));
#6581=DIRECTION('ref_axis',(0.,0.707106781186547,0.707106781186547));
#6582=DIRECTION('center_axis',(-1.,0.,0.));
#6583=DIRECTION('ref_axis',(0.,0.707106781186547,0.707106781186547));
#6584=DIRECTION('',(1.,0.,0.));
#6585=DIRECTION('center_axis',(-1.,0.,0.));
#6586=DIRECTION('ref_axis',(0.,1.,0.));
#6587=DIRECTION('',(0.,-1.,0.));
#6588=DIRECTION('',(0.,0.,1.));
#6589=DIRECTION('',(0.,-1.,0.));
#6590=DIRECTION('',(0.,0.,1.));
#6591=DIRECTION('center_axis',(1.,0.,0.));
#6592=DIRECTION('ref_axis',(0.,-1.,0.));
#6593=DIRECTION('',(0.,1.,0.));
#6594=DIRECTION('',(0.,0.,1.));
#6595=DIRECTION('',(0.,1.,0.));
#6596=DIRECTION('',(0.,0.,1.));
#6597=DIRECTION('center_axis',(0.,1.,0.));
#6598=DIRECTION('ref_axis',(-1.,0.,0.));
#6599=DIRECTION('',(-1.,0.,0.));
#6600=DIRECTION('',(0.,0.,-1.));
#6601=DIRECTION('center_axis',(0.,1.,0.));
#6602=DIRECTION('ref_axis',(-1.,0.,0.));
#6603=DIRECTION('',(-1.,0.,0.));
#6604=DIRECTION('center_axis',(-1.,0.,0.));
#6605=DIRECTION('ref_axis',(0.,-1.,0.));
#6606=DIRECTION('',(1.03276560430247E-16,1.,0.));
#6607=DIRECTION('',(0.,0.,1.));
#6608=DIRECTION('',(0.,-1.,0.));
#6609=DIRECTION('',(0.,0.,1.));
#6610=DIRECTION('center_axis',(0.,-1.,0.));
#6611=DIRECTION('ref_axis',(1.,0.,0.));
#6612=DIRECTION('',(1.,0.,0.));
#6613=DIRECTION('',(0.,0.,1.));
#6614=DIRECTION('center_axis',(1.,0.,0.));
#6615=DIRECTION('ref_axis',(0.,1.,0.));
#6616=DIRECTION('',(0.,1.,0.));
#6617=DIRECTION('',(0.,0.,-1.));
#6618=DIRECTION('',(0.,-1.,0.));
#6619=DIRECTION('center_axis',(0.,1.,0.));
#6620=DIRECTION('ref_axis',(0.,0.,1.));
#6621=DIRECTION('',(-1.,0.,0.));
#6622=DIRECTION('center_axis',(0.,-1.,0.));
#6623=DIRECTION('ref_axis',(-1.,0.,0.));
#6624=DIRECTION('',(1.,0.,0.));
#6625=DIRECTION('',(0.,0.,-1.));
#6626=DIRECTION('',(1.,0.,0.));
#6627=DIRECTION('center_axis',(0.,1.,0.));
#6628=DIRECTION('ref_axis',(1.,0.,0.));
#6629=DIRECTION('',(-1.,0.,0.));
#6630=DIRECTION('',(-1.,0.,0.));
#6631=DIRECTION('',(0.,0.,1.));
#6632=DIRECTION('center_axis',(0.,-1.,0.));
#6633=DIRECTION('ref_axis',(-1.,0.,0.));
#6634=DIRECTION('',(1.,0.,0.));
#6635=DIRECTION('',(0.,0.,-1.));
#6636=DIRECTION('',(1.,0.,0.));
#6637=DIRECTION('center_axis',(0.,1.,0.));
#6638=DIRECTION('ref_axis',(1.,0.,0.));
#6639=DIRECTION('',(-1.,0.,0.));
#6640=DIRECTION('',(-1.,0.,0.));
#6641=DIRECTION('',(0.,0.,1.));
#6642=DIRECTION('center_axis',(0.,1.,0.));
#6643=DIRECTION('ref_axis',(1.,0.,0.));
#6644=DIRECTION('',(-1.,0.,0.));
#6645=DIRECTION('',(0.,0.,-1.));
#6646=DIRECTION('',(-1.,0.,0.));
#6647=DIRECTION('center_axis',(0.,-1.,0.));
#6648=DIRECTION('ref_axis',(-1.,0.,0.));
#6649=DIRECTION('',(1.,0.,0.));
#6650=DIRECTION('',(1.,0.,0.));
#6651=DIRECTION('',(0.,0.,1.));
#6652=DIRECTION('center_axis',(0.,0.,1.));
#6653=DIRECTION('ref_axis',(1.,0.,0.));
#6654=DIRECTION('',(1.,0.,0.));
#6655=DIRECTION('',(0.,-1.,0.));
#6656=DIRECTION('',(0.,-1.,0.));
#6657=DIRECTION('',(-1.,0.,0.));
#6658=DIRECTION('',(0.,1.,0.));
#6659=DIRECTION('',(0.,1.,0.));
#6660=DIRECTION('center_axis',(-1.,0.,0.));
#6661=DIRECTION('ref_axis',(0.,0.707106781186549,0.707106781186546));
#6662=DIRECTION('center_axis',(1.,0.,0.));
#6663=DIRECTION('ref_axis',(0.,0.707106781186549,0.707106781186546));
#6664=DIRECTION('',(1.,0.,0.));
#6665=DIRECTION('center_axis',(-1.,0.,0.));
#6666=DIRECTION('ref_axis',(0.,0.707106781186549,0.707106781186546));
#6667=DIRECTION('center_axis',(0.,1.,0.));
#6668=DIRECTION('ref_axis',(1.,0.,0.));
#6669=DIRECTION('',(0.,0.,-1.));
#6670=DIRECTION('',(1.,0.,0.));
#6671=DIRECTION('',(0.,0.,-1.));
#6672=DIRECTION('center_axis',(0.,0.,1.));
#6673=DIRECTION('ref_axis',(1.,0.,0.));
#6674=DIRECTION('',(0.,-1.,0.));
#6675=DIRECTION('',(-1.,-5.06077159214774E-9,0.));
#6676=DIRECTION('',(0.,1.,0.));
#6677=DIRECTION('center_axis',(5.06077159214774E-9,-1.,0.));
#6678=DIRECTION('ref_axis',(-1.,-5.06077159214774E-9,0.));
#6679=DIRECTION('',(-1.,-5.06077159214774E-9,0.));
#6680=DIRECTION('',(0.,0.,-1.));
#6681=DIRECTION('',(0.,0.,-1.));
#6682=DIRECTION('center_axis',(1.,5.06077159214774E-9,0.));
#6683=DIRECTION('ref_axis',(3.57850448887339E-9,-0.707106781186546,0.707106781186549));
#6684=DIRECTION('center_axis',(-1.,0.,0.));
#6685=DIRECTION('ref_axis',(0.,-0.707106781186546,0.707106781186549));
#6686=DIRECTION('center_axis',(1.,0.,0.));
#6687=DIRECTION('ref_axis',(0.,-0.707106781186546,0.707106781186549));
#6688=DIRECTION('',(1.,5.06077159214774E-9,0.));
#6689=DIRECTION('center_axis',(0.,1.,0.));
#6690=DIRECTION('ref_axis',(1.,0.,0.));
#6691=DIRECTION('',(-1.,0.,0.));
#6692=DIRECTION('',(0.,0.,-1.));
#6693=DIRECTION('',(-1.,0.,0.));
#6694=DIRECTION('center_axis',(0.,0.,1.));
#6695=DIRECTION('ref_axis',(1.,0.,0.));
#6696=DIRECTION('',(0.,1.,0.));
#6697=DIRECTION('',(0.,1.,0.));
#6698=DIRECTION('',(1.,0.,0.));
#6699=DIRECTION('',(0.,-1.,0.));
#6700=DIRECTION('',(0.,-1.,0.));
#6701=DIRECTION('center_axis',(0.,-1.,0.));
#6702=DIRECTION('ref_axis',(-1.,0.,0.));
#6703=DIRECTION('',(1.,0.,0.));
#6704=DIRECTION('',(0.,0.,1.));
#6705=DIRECTION('center_axis',(0.,0.,1.));
#6706=DIRECTION('ref_axis',(1.,0.,0.));
#6707=DIRECTION('',(-1.,0.,0.));
#6708=DIRECTION('',(0.,1.,0.));
#6709=DIRECTION('',(0.,1.,0.));
#6710=DIRECTION('',(0.,-1.,0.));
#6711=DIRECTION('',(0.,-1.,0.));
#6712=DIRECTION('center_axis',(-1.,0.,0.));
#6713=DIRECTION('ref_axis',(0.,0.707106781186548,0.707106781186548));
#6714=DIRECTION('center_axis',(1.,0.,0.));
#6715=DIRECTION('ref_axis',(0.,0.707106781186548,0.707106781186548));
#6716=DIRECTION('',(1.,0.,0.));
#6717=DIRECTION('center_axis',(-1.,0.,0.));
#6718=DIRECTION('ref_axis',(0.,0.707106781186548,0.707106781186548));
#6719=DIRECTION('center_axis',(1.,0.,0.));
#6720=DIRECTION('ref_axis',(0.,-0.707106781186546,0.707106781186549));
#6721=DIRECTION('center_axis',(-1.,0.,0.));
#6722=DIRECTION('ref_axis',(0.,-0.707106781186546,0.707106781186549));
#6723=DIRECTION('',(-1.,0.,0.));
#6724=DIRECTION('center_axis',(1.,0.,0.));
#6725=DIRECTION('ref_axis',(0.,-0.707106781186546,0.707106781186549));
#6726=DIRECTION('center_axis',(1.,-6.34413156928661E-16,0.));
#6727=DIRECTION('ref_axis',(-6.34413156928661E-16,-1.,0.));
#6728=DIRECTION('',(6.34413156928661E-16,1.,0.));
#6729=DIRECTION('center_axis',(0.,0.,-1.));
#6730=DIRECTION('ref_axis',(-1.,0.,0.));
#6731=DIRECTION('',(-1.,0.,0.));
#6732=DIRECTION('',(0.,1.,0.));
#6733=DIRECTION('center_axis',(0.,0.,1.));
#6734=DIRECTION('ref_axis',(1.,0.,0.));
#6735=DIRECTION('',(1.,0.,0.));
#6736=DIRECTION('center_axis',(0.,1.,0.));
#6737=DIRECTION('ref_axis',(1.,0.,0.));
#6738=DIRECTION('',(0.,0.,-1.));
#6739=DIRECTION('',(0.,0.,-1.));
#6740=DIRECTION('center_axis',(-1.,0.,0.));
#6741=DIRECTION('ref_axis',(0.,-1.,0.));
#6742=DIRECTION('',(0.,0.,-1.));
#6743=DIRECTION('center_axis',(0.,-1.,0.));
#6744=DIRECTION('ref_axis',(-1.,0.,0.));
#6745=DIRECTION('',(0.,0.,-1.));
#6746=DIRECTION('center_axis',(1.,0.,0.));
#6747=DIRECTION('ref_axis',(0.,1.,0.));
#6748=DIRECTION('center_axis',(0.,1.,0.));
#6749=DIRECTION('ref_axis',(0.,0.,1.));
#6750=DIRECTION('',(0.,0.,1.));
#6751=DIRECTION('center_axis',(-1.,0.,0.));
#6752=DIRECTION('ref_axis',(0.,0.,1.));
#6753=DIRECTION('center_axis',(0.,-1.,0.));
#6754=DIRECTION('ref_axis',(1.,0.,0.));
#6755=DIRECTION('center_axis',(0.,0.,1.));
#6756=DIRECTION('ref_axis',(1.,0.,0.));
#6757=DIRECTION('',(0.,0.,1.));
#6758=DIRECTION('center_axis',(0.,0.,-1.));
#6759=DIRECTION('ref_axis',(-8.88178419700126E-16,-1.,0.));
#6760=DIRECTION('center_axis',(0.,0.,-1.));
#6761=DIRECTION('ref_axis',(-8.88178419700126E-16,-1.,0.));
#6762=DIRECTION('',(0.,0.,-1.));
#6763=DIRECTION('center_axis',(0.,0.,-1.));
#6764=DIRECTION('ref_axis',(-8.88178419700126E-16,-1.,0.));
#6765=DIRECTION('',(0.,0.,-1.));
#6766=DIRECTION('center_axis',(0.,0.,1.));
#6767=DIRECTION('ref_axis',(-8.88178419700126E-16,-1.,0.));
#6768=DIRECTION('',(0.,0.,1.));
#6769=DIRECTION('center_axis',(0.,0.,-1.));
#6770=DIRECTION('ref_axis',(-1.,0.,0.));
#6771=DIRECTION('center_axis',(0.,0.,1.));
#6772=DIRECTION('ref_axis',(-1.,0.,0.));
#6773=DIRECTION('',(0.,0.,1.));
#6774=DIRECTION('center_axis',(0.,0.,-1.));
#6775=DIRECTION('ref_axis',(-1.,0.,0.));
#6776=DIRECTION('',(0.,0.,1.));
#6777=DIRECTION('center_axis',(0.,0.,-1.));
#6778=DIRECTION('ref_axis',(-1.,0.,0.));
#6779=DIRECTION('',(0.,0.,1.));
#6780=DIRECTION('center_axis',(1.,0.,0.));
#6781=DIRECTION('ref_axis',(0.,-1.,0.));
#6782=DIRECTION('',(0.,-1.,0.));
#6783=DIRECTION('',(0.,0.,-1.));
#6784=DIRECTION('',(0.,1.,0.));
#6785=DIRECTION('center_axis',(-1.,0.,0.));
#6786=DIRECTION('ref_axis',(0.,0.,-1.));
#6787=DIRECTION('',(0.,-1.,0.));
#6788=DIRECTION('',(0.,0.,1.));
#6789=DIRECTION('',(0.,-1.,0.));
#6790=DIRECTION('center_axis',(0.,-1.,0.));
#6791=DIRECTION('ref_axis',(0.,0.,-1.));
#6792=DIRECTION('',(-1.,0.,0.));
#6793=DIRECTION('',(-1.,0.,0.));
#6794=DIRECTION('center_axis',(0.,0.,-1.));
#6795=DIRECTION('ref_axis',(-1.,0.,0.));
#6796=DIRECTION('',(0.,1.,0.));
#6797=DIRECTION('',(1.,-7.40148683083438E-17,0.));
#6798=DIRECTION('center_axis',(0.,0.,1.));
#6799=DIRECTION('ref_axis',(1.,0.,0.));
#6800=DIRECTION('',(0.,1.,0.));
#6801=DIRECTION('',(-1.,0.,0.));
#6802=DIRECTION('',(0.,-1.,0.));
#6803=DIRECTION('',(-1.,0.,0.));
#6804=DIRECTION('',(0.,-1.,0.));
#6805=DIRECTION('',(-1.,0.,0.));
#6806=DIRECTION('',(0.,-1.,0.));
#6807=DIRECTION('',(-1.,0.,0.));
#6808=DIRECTION('',(0.,-1.,0.));
#6809=DIRECTION('',(-1.,0.,0.));
#6810=DIRECTION('',(0.,-1.,0.));
#6811=DIRECTION('',(-1.,0.,0.));
#6812=DIRECTION('',(0.,-1.,0.));
#6813=DIRECTION('',(-1.,0.,0.));
#6814=DIRECTION('',(0.,-1.,0.));
#6815=DIRECTION('',(-1.,0.,0.));
#6816=DIRECTION('',(0.,-1.,0.));
#6817=DIRECTION('',(1.,0.,0.));
#6818=DIRECTION('',(0.,1.,0.));
#6819=DIRECTION('',(-1.,0.,0.));
#6820=DIRECTION('',(0.,1.,0.));
#6821=DIRECTION('',(-1.,0.,0.));
#6822=DIRECTION('',(0.,1.,0.));
#6823=DIRECTION('',(-1.,0.,0.));
#6824=DIRECTION('',(0.,1.,0.));
#6825=DIRECTION('',(-1.,0.,0.));
#6826=DIRECTION('',(0.,1.,0.));
#6827=DIRECTION('',(-1.,0.,0.));
#6828=DIRECTION('',(0.,1.,0.));
#6829=DIRECTION('',(-1.,0.,0.));
#6830=DIRECTION('',(0.,1.,0.));
#6831=DIRECTION('',(-1.,0.,0.));
#6832=DIRECTION('',(-1.,0.,0.));
#6833=DIRECTION('',(0.,-1.,0.));
#6834=DIRECTION('',(1.,0.,0.));
#6835=DIRECTION('',(0.,1.,0.));
#6836=DIRECTION('center_axis',(0.,1.,0.));
#6837=DIRECTION('ref_axis',(-1.,0.,0.));
#6838=DIRECTION('',(0.,0.,1.));
#6839=DIRECTION('',(-1.,0.,0.));
#6840=DIRECTION('',(0.,0.,1.));
#6841=DIRECTION('center_axis',(1.,0.,0.));
#6842=DIRECTION('ref_axis',(0.,1.,0.));
#6843=DIRECTION('',(0.,0.,1.));
#6844=DIRECTION('',(0.,1.,0.));
#6845=DIRECTION('center_axis',(0.,-1.,0.));
#6846=DIRECTION('ref_axis',(1.,0.,0.));
#6847=DIRECTION('',(0.,0.,1.));
#6848=DIRECTION('',(1.,0.,0.));
#6849=DIRECTION('center_axis',(-1.,0.,0.));
#6850=DIRECTION('ref_axis',(0.,-1.,0.));
#6851=DIRECTION('',(0.,-1.,0.));
#6852=DIRECTION('center_axis',(0.,0.,1.));
#6853=DIRECTION('ref_axis',(1.,0.,0.));
#6854=DIRECTION('center_axis',(1.,0.,0.));
#6855=DIRECTION('ref_axis',(0.,1.,0.));
#6856=DIRECTION('',(0.,0.,1.));
#6857=DIRECTION('',(0.,1.,0.));
#6858=DIRECTION('',(0.,0.,1.));
#6859=DIRECTION('center_axis',(0.,1.,0.));
#6860=DIRECTION('ref_axis',(-1.,0.,0.));
#6861=DIRECTION('',(0.,0.,1.));
#6862=DIRECTION('',(-1.,0.,0.));
#6863=DIRECTION('center_axis',(1.,0.,0.));
#6864=DIRECTION('ref_axis',(0.,1.,0.));
#6865=DIRECTION('',(0.,0.,1.));
#6866=DIRECTION('',(0.,1.,0.));
#6867=DIRECTION('center_axis',(0.,1.,0.));
#6868=DIRECTION('ref_axis',(-1.,0.,0.));
#6869=DIRECTION('',(0.,0.,1.));
#6870=DIRECTION('',(-1.,0.,0.));
#6871=DIRECTION('center_axis',(1.,0.,0.));
#6872=DIRECTION('ref_axis',(0.,1.,0.));
#6873=DIRECTION('',(0.,0.,1.));
#6874=DIRECTION('',(0.,1.,0.));
#6875=DIRECTION('center_axis',(0.,1.,0.));
#6876=DIRECTION('ref_axis',(-1.,0.,0.));
#6877=DIRECTION('',(0.,0.,1.));
#6878=DIRECTION('',(-1.,0.,0.));
#6879=DIRECTION('center_axis',(1.,0.,0.));
#6880=DIRECTION('ref_axis',(0.,1.,0.));
#6881=DIRECTION('',(0.,0.,1.));
#6882=DIRECTION('',(0.,1.,0.));
#6883=DIRECTION('center_axis',(0.,1.,0.));
#6884=DIRECTION('ref_axis',(-1.,0.,0.));
#6885=DIRECTION('',(0.,0.,1.));
#6886=DIRECTION('',(-1.,0.,0.));
#6887=DIRECTION('center_axis',(1.,0.,0.));
#6888=DIRECTION('ref_axis',(0.,1.,0.));
#6889=DIRECTION('',(0.,0.,1.));
#6890=DIRECTION('',(0.,1.,0.));
#6891=DIRECTION('center_axis',(0.,1.,0.));
#6892=DIRECTION('ref_axis',(-1.,0.,0.));
#6893=DIRECTION('',(0.,0.,1.));
#6894=DIRECTION('',(-1.,0.,0.));
#6895=DIRECTION('center_axis',(1.,0.,0.));
#6896=DIRECTION('ref_axis',(0.,1.,0.));
#6897=DIRECTION('',(0.,0.,1.));
#6898=DIRECTION('',(0.,1.,0.));
#6899=DIRECTION('center_axis',(0.,1.,0.));
#6900=DIRECTION('ref_axis',(-1.,0.,0.));
#6901=DIRECTION('',(0.,0.,1.));
#6902=DIRECTION('',(-1.,0.,0.));
#6903=DIRECTION('center_axis',(1.,0.,0.));
#6904=DIRECTION('ref_axis',(0.,1.,0.));
#6905=DIRECTION('',(0.,0.,1.));
#6906=DIRECTION('',(0.,1.,0.));
#6907=DIRECTION('center_axis',(0.,1.,0.));
#6908=DIRECTION('ref_axis',(-1.,0.,0.));
#6909=DIRECTION('',(0.,0.,1.));
#6910=DIRECTION('',(-1.,0.,0.));
#6911=DIRECTION('center_axis',(1.,0.,0.));
#6912=DIRECTION('ref_axis',(0.,1.,0.));
#6913=DIRECTION('',(0.,0.,1.));
#6914=DIRECTION('',(0.,1.,0.));
#6915=DIRECTION('center_axis',(0.,-1.,0.));
#6916=DIRECTION('ref_axis',(1.,0.,0.));
#6917=DIRECTION('',(0.,0.,1.));
#6918=DIRECTION('',(1.,0.,0.));
#6919=DIRECTION('center_axis',(-1.,0.,0.));
#6920=DIRECTION('ref_axis',(0.,-1.,0.));
#6921=DIRECTION('',(0.,0.,1.));
#6922=DIRECTION('',(0.,-1.,0.));
#6923=DIRECTION('center_axis',(0.,1.,0.));
#6924=DIRECTION('ref_axis',(-1.,0.,0.));
#6925=DIRECTION('',(0.,0.,1.));
#6926=DIRECTION('',(-1.,0.,0.));
#6927=DIRECTION('center_axis',(-1.,0.,0.));
#6928=DIRECTION('ref_axis',(0.,-1.,0.));
#6929=DIRECTION('',(0.,0.,1.));
#6930=DIRECTION('',(0.,-1.,0.));
#6931=DIRECTION('center_axis',(0.,1.,0.));
#6932=DIRECTION('ref_axis',(-1.,0.,0.));
#6933=DIRECTION('',(0.,0.,1.));
#6934=DIRECTION('',(-1.,0.,0.));
#6935=DIRECTION('center_axis',(-1.,0.,0.));
#6936=DIRECTION('ref_axis',(0.,-1.,0.));
#6937=DIRECTION('',(0.,0.,1.));
#6938=DIRECTION('',(0.,-1.,0.));
#6939=DIRECTION('center_axis',(0.,1.,0.));
#6940=DIRECTION('ref_axis',(-1.,0.,0.));
#6941=DIRECTION('',(0.,0.,1.));
#6942=DIRECTION('',(-1.,0.,0.));
#6943=DIRECTION('center_axis',(-1.,0.,0.));
#6944=DIRECTION('ref_axis',(0.,-1.,0.));
#6945=DIRECTION('',(0.,0.,1.));
#6946=DIRECTION('',(0.,-1.,0.));
#6947=DIRECTION('center_axis',(0.,1.,0.));
#6948=DIRECTION('ref_axis',(-1.,0.,0.));
#6949=DIRECTION('',(0.,0.,1.));
#6950=DIRECTION('',(-1.,0.,0.));
#6951=DIRECTION('center_axis',(-1.,0.,0.));
#6952=DIRECTION('ref_axis',(0.,-1.,0.));
#6953=DIRECTION('',(0.,0.,1.));
#6954=DIRECTION('',(0.,-1.,0.));
#6955=DIRECTION('center_axis',(0.,1.,0.));
#6956=DIRECTION('ref_axis',(-1.,0.,0.));
#6957=DIRECTION('',(0.,0.,1.));
#6958=DIRECTION('',(-1.,0.,0.));
#6959=DIRECTION('center_axis',(-1.,0.,0.));
#6960=DIRECTION('ref_axis',(0.,-1.,0.));
#6961=DIRECTION('',(0.,0.,1.));
#6962=DIRECTION('',(0.,-1.,0.));
#6963=DIRECTION('center_axis',(0.,1.,0.));
#6964=DIRECTION('ref_axis',(-1.,0.,0.));
#6965=DIRECTION('',(0.,0.,1.));
#6966=DIRECTION('',(-1.,0.,0.));
#6967=DIRECTION('center_axis',(-1.,0.,0.));
#6968=DIRECTION('ref_axis',(0.,-1.,0.));
#6969=DIRECTION('',(0.,0.,1.));
#6970=DIRECTION('',(0.,-1.,0.));
#6971=DIRECTION('center_axis',(0.,1.,0.));
#6972=DIRECTION('ref_axis',(-1.,0.,0.));
#6973=DIRECTION('',(0.,0.,1.));
#6974=DIRECTION('',(-1.,0.,0.));
#6975=DIRECTION('center_axis',(-1.,0.,0.));
#6976=DIRECTION('ref_axis',(0.,-1.,0.));
#6977=DIRECTION('',(0.,0.,1.));
#6978=DIRECTION('',(0.,-1.,0.));
#6979=DIRECTION('center_axis',(0.,1.,0.));
#6980=DIRECTION('ref_axis',(-1.,0.,0.));
#6981=DIRECTION('',(-1.,0.,0.));
#6982=DIRECTION('center_axis',(0.,0.,1.));
#6983=DIRECTION('ref_axis',(1.,0.,0.));
#6984=DIRECTION('center_axis',(0.,0.,1.));
#6985=DIRECTION('ref_axis',(1.,0.,0.));
#6986=DIRECTION('center_axis',(0.,0.,-1.));
#6987=DIRECTION('ref_axis',(1.,0.,0.));
#6988=DIRECTION('',(0.,0.,1.));
#6989=DIRECTION('center_axis',(0.,0.,-1.));
#6990=DIRECTION('ref_axis',(1.,0.,0.));
#6991=DIRECTION('center_axis',(0.,0.,1.));
#6992=DIRECTION('ref_axis',(1.,0.,0.));
#6993=DIRECTION('',(0.,0.,1.));
#6994=DIRECTION('center_axis',(0.,0.,1.));
#6995=DIRECTION('ref_axis',(1.,0.,0.));
#6996=DIRECTION('center_axis',(0.,0.,-1.));
#6997=DIRECTION('ref_axis',(1.,0.,0.));
#6998=DIRECTION('center_axis',(-1.,0.,0.));
#6999=DIRECTION('ref_axis',(0.,1.,0.));
#7000=DIRECTION('',(0.,-1.,0.));
#7001=DIRECTION('',(0.,0.,-1.));
#7002=DIRECTION('center_axis',(7.40148683083438E-17,1.,0.));
#7003=DIRECTION('ref_axis',(1.,-7.40148683083438E-17,0.));
#7004=DIRECTION('',(-1.,7.40148683083438E-17,0.));
#7005=DIRECTION('center_axis',(0.,0.,-1.));
#7006=DIRECTION('ref_axis',(1.,0.,0.));
#7007=DIRECTION('',(-1.,0.,0.));
#7008=DIRECTION('',(0.,-1.,0.));
#7009=DIRECTION('center_axis',(0.,0.,1.));
#7010=DIRECTION('ref_axis',(-1.,0.,0.));
#7011=DIRECTION('',(0.,-1.,0.));
#7012=DIRECTION('',(1.,0.,0.));
#7013=DIRECTION('center_axis',(1.,0.,0.));
#7014=DIRECTION('ref_axis',(0.,0.,1.));
#7015=DIRECTION('',(0.,0.,-1.));
#7016=DIRECTION('center_axis',(0.,1.,0.));
#7017=DIRECTION('ref_axis',(0.,0.,1.));
#7018=DIRECTION('center_axis',(0.,0.,-1.));
#7019=DIRECTION('ref_axis',(1.,0.,0.));
#7020=DIRECTION('center_axis',(0.,0.,-1.));
#7021=DIRECTION('ref_axis',(1.,0.,0.));
#7022=DIRECTION('',(0.,0.,1.));
#7023=DIRECTION('center_axis',(0.,0.,1.));
#7024=DIRECTION('ref_axis',(1.,0.,0.));
#7025=DIRECTION('center_axis',(0.,0.,-1.));
#7026=DIRECTION('ref_axis',(1.,0.,0.));
#7027=DIRECTION('center_axis',(0.,0.,1.));
#7028=DIRECTION('ref_axis',(1.,0.,0.));
#7029=DIRECTION('center_axis',(0.,0.,-1.));
#7030=DIRECTION('ref_axis',(1.,0.,0.));
#7031=DIRECTION('center_axis',(0.,0.,-1.));
#7032=DIRECTION('ref_axis',(1.,0.,0.));
#7033=DIRECTION('',(0.,0.,1.));
#7034=DIRECTION('center_axis',(0.,0.,1.));
#7035=DIRECTION('ref_axis',(1.,0.,0.));
#7036=DIRECTION('center_axis',(0.,0.,-1.));
#7037=DIRECTION('ref_axis',(1.,0.,0.));
#7038=DIRECTION('center_axis',(0.,0.,1.));
#7039=DIRECTION('ref_axis',(1.,0.,0.));
#7040=DIRECTION('center_axis',(0.,0.,-1.));
#7041=DIRECTION('ref_axis',(1.,0.,0.));
#7042=DIRECTION('center_axis',(0.,0.,-1.));
#7043=DIRECTION('ref_axis',(1.,0.,0.));
#7044=DIRECTION('',(0.,0.,1.));
#7045=DIRECTION('center_axis',(0.,0.,1.));
#7046=DIRECTION('ref_axis',(1.,0.,0.));
#7047=DIRECTION('center_axis',(0.,0.,-1.));
#7048=DIRECTION('ref_axis',(1.,0.,0.));
#7049=DIRECTION('center_axis',(0.,0.,1.));
#7050=DIRECTION('ref_axis',(1.,0.,0.));
#7051=DIRECTION('center_axis',(0.,0.,-1.));
#7052=DIRECTION('ref_axis',(1.,0.,0.));
#7053=DIRECTION('center_axis',(0.,0.,-1.));
#7054=DIRECTION('ref_axis',(1.,0.,0.));
#7055=DIRECTION('',(0.,0.,1.));
#7056=DIRECTION('center_axis',(0.,0.,1.));
#7057=DIRECTION('ref_axis',(1.,0.,0.));
#7058=DIRECTION('center_axis',(0.,0.,-1.));
#7059=DIRECTION('ref_axis',(1.,0.,0.));
#7060=DIRECTION('center_axis',(0.,0.,1.));
#7061=DIRECTION('ref_axis',(1.,0.,0.));
#7062=DIRECTION('center_axis',(0.,0.,-1.));
#7063=DIRECTION('ref_axis',(0.,1.,0.));
#7064=DIRECTION('center_axis',(0.,0.,-1.));
#7065=DIRECTION('ref_axis',(0.,1.,0.));
#7066=DIRECTION('',(0.,0.,1.));
#7067=DIRECTION('center_axis',(0.,0.,1.));
#7068=DIRECTION('ref_axis',(0.,1.,0.));
#7069=DIRECTION('',(0.,0.,1.));
#7070=DIRECTION('center_axis',(0.,0.,-1.));
#7071=DIRECTION('ref_axis',(-8.88178419700126E-16,-1.,0.));
#7072=DIRECTION('center_axis',(0.,0.,-1.));
#7073=DIRECTION('ref_axis',(-8.88178419700126E-16,-1.,0.));
#7074=DIRECTION('',(0.,0.,1.));
#7075=DIRECTION('center_axis',(0.,0.,1.));
#7076=DIRECTION('ref_axis',(-8.88178419700126E-16,-1.,0.));
#7077=DIRECTION('',(0.,0.,1.));
#7078=DIRECTION('center_axis',(0.,0.,-1.));
#7079=DIRECTION('ref_axis',(-1.,0.,0.));
#7080=DIRECTION('center_axis',(0.,0.,-1.));
#7081=DIRECTION('ref_axis',(-1.,0.,0.));
#7082=DIRECTION('',(0.,0.,1.));
#7083=DIRECTION('center_axis',(0.,0.,1.));
#7084=DIRECTION('ref_axis',(-1.,0.,0.));
#7085=DIRECTION('',(0.,0.,1.));
#7086=DIRECTION('center_axis',(0.,0.,-1.));
#7087=DIRECTION('ref_axis',(1.,0.,0.));
#7088=DIRECTION('center_axis',(0.,0.,-1.));
#7089=DIRECTION('ref_axis',(1.,0.,0.));
#7090=DIRECTION('',(0.,0.,1.));
#7091=DIRECTION('center_axis',(0.,0.,1.));
#7092=DIRECTION('ref_axis',(1.,0.,0.));
#7093=DIRECTION('',(0.,0.,1.));
#7094=DIRECTION('center_axis',(0.,0.,1.));
#7095=DIRECTION('ref_axis',(-1.,0.,0.));
#7096=DIRECTION('',(4.55476112666731E-17,-1.,0.));
#7097=DIRECTION('',(1.,0.,0.));
#7098=DIRECTION('',(0.,1.,0.));
#7099=DIRECTION('',(-1.,-1.34572487833352E-16,0.));
#7100=DIRECTION('center_axis',(0.,0.,-1.));
#7101=DIRECTION('ref_axis',(-1.,0.,0.));
#7102=DIRECTION('',(-1.,0.,0.));
#7103=DIRECTION('',(0.,1.,0.));
#7104=DIRECTION('',(1.,0.,0.));
#7105=DIRECTION('',(0.,-1.,0.));
#7106=DIRECTION('center_axis',(0.,0.,-1.));
#7107=DIRECTION('ref_axis',(-1.,0.,0.));
#7108=DIRECTION('center_axis',(0.,0.,-1.));
#7109=DIRECTION('ref_axis',(-1.,0.,0.));
#7110=DIRECTION('center_axis',(0.,0.,-1.));
#7111=DIRECTION('ref_axis',(-1.,0.,0.));
#7112=DIRECTION('center_axis',(0.,0.,-1.));
#7113=DIRECTION('ref_axis',(-1.,0.,0.));
#7114=DIRECTION('',(-1.,0.,0.));
#7115=DIRECTION('',(0.,1.,0.));
#7116=DIRECTION('',(1.,0.,0.));
#7117=DIRECTION('',(0.,-1.,0.));
#7118=DIRECTION('center_axis',(0.,0.,-1.));
#7119=DIRECTION('ref_axis',(-1.,0.,0.));
#7120=DIRECTION('',(-1.,-5.82794238648376E-17,0.));
#7121=DIRECTION('',(0.,1.,0.));
#7122=DIRECTION('',(1.,0.,0.));
#7123=DIRECTION('',(0.,-1.,0.));
#7124=DIRECTION('',(-1.,0.,0.));
#7125=DIRECTION('',(0.,1.,0.));
#7126=DIRECTION('',(1.,0.,0.));
#7127=DIRECTION('',(0.,-1.,0.));
#7128=DIRECTION('center_axis',(0.,0.,-1.));
#7129=DIRECTION('ref_axis',(-1.,0.,0.));
#7130=DIRECTION('center_axis',(0.,0.,-1.));
#7131=DIRECTION('ref_axis',(-1.,0.,0.));
#7132=DIRECTION('',(-1.,0.,0.));
#7133=DIRECTION('',(0.,1.,0.));
#7134=DIRECTION('',(1.,0.,0.));
#7135=DIRECTION('',(0.,-1.,0.));
#7136=DIRECTION('center_axis',(0.,0.,-1.));
#7137=DIRECTION('ref_axis',(-1.,0.,0.));
#7138=DIRECTION('center_axis',(0.,0.,-1.));
#7139=DIRECTION('ref_axis',(-1.,0.,0.));
#7140=DIRECTION('center_axis',(0.,0.,1.));
#7141=DIRECTION('ref_axis',(-1.,0.,0.));
#7142=DIRECTION('',(1.,1.34572487833352E-16,0.));
#7143=DIRECTION('',(0.,-1.,0.));
#7144=DIRECTION('',(-1.,0.,0.));
#7145=DIRECTION('',(-4.55476112666731E-17,1.,0.));
#7146=DIRECTION('center_axis',(0.,0.,-1.));
#7147=DIRECTION('ref_axis',(-1.,0.,0.));
#7148=DIRECTION('',(-1.,0.,0.));
#7149=DIRECTION('',(0.,-1.,0.));
#7150=DIRECTION('',(1.,0.,0.));
#7151=DIRECTION('',(0.,1.,0.));
#7152=DIRECTION('center_axis',(0.,0.,-1.));
#7153=DIRECTION('ref_axis',(-1.,0.,0.));
#7154=DIRECTION('center_axis',(0.,0.,-1.));
#7155=DIRECTION('ref_axis',(-1.,0.,0.));
#7156=DIRECTION('',(-1.,0.,0.));
#7157=DIRECTION('',(0.,-1.,0.));
#7158=DIRECTION('',(1.,0.,0.));
#7159=DIRECTION('',(0.,1.,0.));
#7160=DIRECTION('center_axis',(0.,0.,-1.));
#7161=DIRECTION('ref_axis',(-1.,0.,0.));
#7162=DIRECTION('',(-1.,-5.82794238648376E-17,0.));
#7163=DIRECTION('',(0.,-1.,0.));
#7164=DIRECTION('',(1.,0.,0.));
#7165=DIRECTION('',(0.,1.,0.));
#7166=DIRECTION('',(-1.,0.,0.));
#7167=DIRECTION('',(0.,-1.,0.));
#7168=DIRECTION('',(1.,0.,0.));
#7169=DIRECTION('',(0.,1.,0.));
#7170=DIRECTION('center_axis',(0.,0.,-1.));
#7171=DIRECTION('ref_axis',(-1.,0.,0.));
#7172=DIRECTION('',(-1.,0.,0.));
#7173=DIRECTION('',(0.,-1.,0.));
#7174=DIRECTION('',(1.,0.,0.));
#7175=DIRECTION('',(0.,1.,0.));
#7176=DIRECTION('center_axis',(0.,0.,-1.));
#7177=DIRECTION('ref_axis',(-1.,0.,0.));
#7178=DIRECTION('center_axis',(1.,0.,0.));
#7179=DIRECTION('ref_axis',(0.,1.,0.));
#7180=DIRECTION('center_axis',(0.,-1.,0.));
#7181=DIRECTION('ref_axis',(1.,0.,0.));
#7182=DIRECTION('center_axis',(-1.,-4.55476112666731E-17,0.));
#7183=DIRECTION('ref_axis',(4.55476112666731E-17,-1.,0.));
#7184=DIRECTION('center_axis',(-1.34572487833352E-16,1.,0.));
#7185=DIRECTION('ref_axis',(-1.,-1.34572487833352E-16,0.));
#7186=DIRECTION('center_axis',(0.,0.,1.));
#7187=DIRECTION('ref_axis',(-1.,0.,0.));
#7188=DIRECTION('',(0.,0.,-1.));
#7189=DIRECTION('center_axis',(-1.,0.,0.));
#7190=DIRECTION('ref_axis',(0.,-1.,0.));
#7191=DIRECTION('',(0.,0.,1.));
#7192=DIRECTION('',(0.,0.,1.));
#7193=DIRECTION('center_axis',(0.,-1.,0.));
#7194=DIRECTION('ref_axis',(1.,0.,0.));
#7195=DIRECTION('',(0.,0.,1.));
#7196=DIRECTION('center_axis',(1.,0.,0.));
#7197=DIRECTION('ref_axis',(0.,1.,0.));
#7198=DIRECTION('',(0.,0.,1.));
#7199=DIRECTION('center_axis',(0.,1.,0.));
#7200=DIRECTION('ref_axis',(-1.,0.,0.));
#7201=DIRECTION('center_axis',(0.,0.,1.));
#7202=DIRECTION('ref_axis',(-1.,0.,0.));
#7203=DIRECTION('',(0.,0.,-1.));
#7204=DIRECTION('center_axis',(0.,0.,1.));
#7205=DIRECTION('ref_axis',(-1.,0.,0.));
#7206=DIRECTION('',(0.,0.,-1.));
#7207=DIRECTION('center_axis',(0.,0.,1.));
#7208=DIRECTION('ref_axis',(-1.,0.,0.));
#7209=DIRECTION('',(0.,0.,-1.));
#7210=DIRECTION('center_axis',(0.,0.,1.));
#7211=DIRECTION('ref_axis',(-1.,0.,0.));
#7212=DIRECTION('',(0.,0.,-1.));
#7213=DIRECTION('center_axis',(-1.,0.,0.));
#7214=DIRECTION('ref_axis',(0.,-1.,0.));
#7215=DIRECTION('',(0.,0.,1.));
#7216=DIRECTION('',(0.,0.,1.));
#7217=DIRECTION('center_axis',(0.,-1.,0.));
#7218=DIRECTION('ref_axis',(1.,0.,0.));
#7219=DIRECTION('',(0.,0.,1.));
#7220=DIRECTION('center_axis',(1.,0.,0.));
#7221=DIRECTION('ref_axis',(0.,1.,0.));
#7222=DIRECTION('',(0.,0.,1.));
#7223=DIRECTION('center_axis',(0.,1.,0.));
#7224=DIRECTION('ref_axis',(-1.,0.,0.));
#7225=DIRECTION('center_axis',(0.,0.,1.));
#7226=DIRECTION('ref_axis',(-1.,0.,0.));
#7227=DIRECTION('',(0.,0.,-1.));
#7228=DIRECTION('center_axis',(-1.,0.,0.));
#7229=DIRECTION('ref_axis',(0.,-1.,0.));
#7230=DIRECTION('',(0.,0.,1.));
#7231=DIRECTION('',(0.,0.,1.));
#7232=DIRECTION('center_axis',(0.,-1.,0.));
#7233=DIRECTION('ref_axis',(1.,0.,0.));
#7234=DIRECTION('',(0.,0.,1.));
#7235=DIRECTION('center_axis',(1.,0.,0.));
#7236=DIRECTION('ref_axis',(0.,1.,0.));
#7237=DIRECTION('',(0.,0.,1.));
#7238=DIRECTION('center_axis',(-5.82794238648376E-17,1.,0.));
#7239=DIRECTION('ref_axis',(-1.,-5.82794238648376E-17,0.));
#7240=DIRECTION('center_axis',(-1.,0.,0.));
#7241=DIRECTION('ref_axis',(0.,-1.,0.));
#7242=DIRECTION('',(0.,0.,1.));
#7243=DIRECTION('',(0.,0.,1.));
#7244=DIRECTION('center_axis',(0.,-1.,0.));
#7245=DIRECTION('ref_axis',(1.,0.,0.));
#7246=DIRECTION('',(0.,0.,1.));
#7247=DIRECTION('center_axis',(1.,0.,0.));
#7248=DIRECTION('ref_axis',(0.,1.,0.));
#7249=DIRECTION('',(0.,0.,1.));
#7250=DIRECTION('center_axis',(0.,1.,0.));
#7251=DIRECTION('ref_axis',(-1.,0.,0.));
#7252=DIRECTION('center_axis',(0.,0.,1.));
#7253=DIRECTION('ref_axis',(-1.,0.,0.));
#7254=DIRECTION('',(0.,0.,-1.));
#7255=DIRECTION('center_axis',(0.,0.,1.));
#7256=DIRECTION('ref_axis',(-1.,0.,0.));
#7257=DIRECTION('',(0.,0.,-1.));
#7258=DIRECTION('center_axis',(-1.,0.,0.));
#7259=DIRECTION('ref_axis',(0.,-1.,0.));
#7260=DIRECTION('',(0.,0.,1.));
#7261=DIRECTION('',(0.,0.,1.));
#7262=DIRECTION('center_axis',(0.,-1.,0.));
#7263=DIRECTION('ref_axis',(1.,0.,0.));
#7264=DIRECTION('',(0.,0.,1.));
#7265=DIRECTION('center_axis',(1.,0.,0.));
#7266=DIRECTION('ref_axis',(0.,1.,0.));
#7267=DIRECTION('',(0.,0.,1.));
#7268=DIRECTION('center_axis',(0.,1.,0.));
#7269=DIRECTION('ref_axis',(-1.,0.,0.));
#7270=DIRECTION('center_axis',(0.,0.,1.));
#7271=DIRECTION('ref_axis',(-1.,0.,0.));
#7272=DIRECTION('',(0.,0.,-1.));
#7273=DIRECTION('center_axis',(0.,0.,1.));
#7274=DIRECTION('ref_axis',(-1.,0.,0.));
#7275=DIRECTION('',(0.,0.,-1.));
#7276=CARTESIAN_POINT('',(0.,0.,0.));
#7277=CARTESIAN_POINT('Origin',(-26.4999999967044,-34.7882767267603,17.6367594582017));
#7278=CARTESIAN_POINT('',(-26.4999999967044,-34.7882767267603,17.6367594582017));
#7279=CARTESIAN_POINT('',(-26.4999999967044,-34.7882767267603,15.9700925928529));
#7280=CARTESIAN_POINT('',(-26.4999999967044,-34.7882767267603,8.81837972910087));
#7281=CARTESIAN_POINT('',(-25.9999999967044,-34.7882767267603,17.6367594582017));
#7282=CARTESIAN_POINT('',(-26.4999999967044,-34.7882767267603,17.6367594582017));
#7283=CARTESIAN_POINT('',(-25.9999999967044,-34.7882767267603,15.9700925928529));
#7284=CARTESIAN_POINT('',(-25.9999999967044,-34.7882767267603,16.8034257275041));
#7285=CARTESIAN_POINT('',(-26.4999999967044,-34.7882767267603,15.9700925928529));
#7286=CARTESIAN_POINT('Origin',(-26.4999999967044,-33.1216104574579,17.6367594582017));
#7287=CARTESIAN_POINT('',(-26.4999999967044,-33.1216104574579,17.6367594582017));
#7288=CARTESIAN_POINT('',(-26.4999999967044,-2.56080509461852,17.6367594582017));
#7289=CARTESIAN_POINT('',(-25.9999999967044,-33.1216104574579,17.6367594582017));
#7290=CARTESIAN_POINT('',(-26.4999999967044,-33.1216104574579,17.6367594582017));
#7291=CARTESIAN_POINT('',(-25.9999999967044,-33.9549429960627,17.6367594582017));
#7292=CARTESIAN_POINT('Origin',(-26.4999999967044,-33.1216104574579,15.9700925928529));
#7293=CARTESIAN_POINT('',(-26.4999999967044,-33.1216104574579,15.9700925928529));
#7294=CARTESIAN_POINT('',(-26.4999999967044,-33.1216104574579,7.98504629642646));
#7295=CARTESIAN_POINT('',(-25.9999999967044,-33.1216104574579,15.9700925928529));
#7296=CARTESIAN_POINT('',(-26.4999999967044,-33.1216104574579,15.9700925928529));
#7297=CARTESIAN_POINT('',(-25.9999999967044,-33.1216104574579,16.8034257275041));
#7298=CARTESIAN_POINT('Origin',(-26.4999999967044,-34.7882767267603,15.9700925928529));
#7299=CARTESIAN_POINT('',(-26.4999999967044,-3.3941382292697,15.9700925928529));
#7300=CARTESIAN_POINT('',(-25.9999999967044,-34.7882767267603,15.9700925928529));
#7301=CARTESIAN_POINT('',(-26.4999999967044,-33.1216104574579,15.9700925928529));
#7302=CARTESIAN_POINT('Origin',(-25.9999999967044,-33.9549429960627,14.3034257275041));
#7303=CARTESIAN_POINT('Origin',(-26.4999999967044,-34.7882767267603,9.30342572750411));
#7304=CARTESIAN_POINT('',(-26.4999999967044,-34.7882767267603,9.30342572750411));
#7305=CARTESIAN_POINT('',(-26.4999999967044,-33.1216104574579,9.30342572750411));
#7306=CARTESIAN_POINT('',(-26.4999999967044,-3.3941382292697,9.30342572750415));
#7307=CARTESIAN_POINT('',(-25.9999999967044,-34.7882767267603,9.30342572750411));
#7308=CARTESIAN_POINT('',(-26.4999999967044,-34.7882767267603,9.30342572750411));
#7309=CARTESIAN_POINT('',(-25.9999999967044,-33.1216104574579,9.30342572750411));
#7310=CARTESIAN_POINT('',(-25.9999999967044,-33.9549429960627,9.30342572750411));
#7311=CARTESIAN_POINT('',(-26.4999999967044,-33.1216104574579,9.30342572750411));
#7312=CARTESIAN_POINT('Origin',(-26.4999999967044,-34.7882767267603,10.9700925928529));
#7313=CARTESIAN_POINT('',(-26.4999999967044,-34.7882767267603,10.9700925928529));
#7314=CARTESIAN_POINT('',(-26.4999999967044,-34.7882767267603,5.48504629642646));
#7315=CARTESIAN_POINT('',(-25.9999999967044,-34.7882767267603,10.9700925928529));
#7316=CARTESIAN_POINT('',(-26.4999999967044,-34.7882767267603,10.9700925928529));
#7317=CARTESIAN_POINT('',(-25.9999999967044,-34.7882767267603,10.1367588621553));
#7318=CARTESIAN_POINT('Origin',(-26.4999999967044,-33.1216104574579,10.9700925928529));
#7319=CARTESIAN_POINT('',(-26.4999999967044,-33.1216104574579,10.9700925928529));
#7320=CARTESIAN_POINT('',(-26.4999999967044,-2.56080509461852,10.9700925928529));
#7321=CARTESIAN_POINT('',(-25.9999999967044,-33.1216104574579,10.9700925928529));
#7322=CARTESIAN_POINT('',(-26.4999999967044,-33.1216104574579,10.9700925928529));
#7323=CARTESIAN_POINT('',(-25.9999999967044,-33.9549429960627,10.9700925928529));
#7324=CARTESIAN_POINT('Origin',(-26.4999999967044,-33.1216104574579,9.30342572750411));
#7325=CARTESIAN_POINT('',(-26.4999999967044,-33.1216104574579,4.65171286375206));
#7326=CARTESIAN_POINT('',(-25.9999999967044,-33.1216104574579,10.1367588621553));
#7327=CARTESIAN_POINT('',(-26.4999999967044,-33.1216104574579,10.9700925928529));
#7328=CARTESIAN_POINT('Origin',(-25.9999999967044,-33.9549429960627,14.3034257275041));
#7329=CARTESIAN_POINT('Origin',(-26.4999999967044,-33.1216104574579,10.9700925928529));
#7330=CARTESIAN_POINT('',(-26.4999999967044,-31.4549429960627,10.9700925928529));
#7331=CARTESIAN_POINT('',(-26.4999999967044,-2.56080509461851,10.9700925928529));
#7332=CARTESIAN_POINT('',(-25.9999999967044,-31.4549429960627,10.9700925928529));
#7333=CARTESIAN_POINT('',(-25.9999999967044,-32.2882767267603,10.9700925928529));
#7334=CARTESIAN_POINT('',(-26.4999999967044,-31.4549429960627,10.9700925928529));
#7335=CARTESIAN_POINT('Origin',(-26.4999999967044,-33.1216104574579,12.6367594582017));
#7336=CARTESIAN_POINT('',(-26.4999999967044,-33.1216104574579,12.6367594582017));
#7337=CARTESIAN_POINT('',(-26.4999999967044,-33.1216104574579,6.31837972910087));
#7338=CARTESIAN_POINT('',(-25.9999999967044,-33.1216104574579,12.6367594582017));
#7339=CARTESIAN_POINT('',(-26.4999999967044,-33.1216104574579,12.6367594582017));
#7340=CARTESIAN_POINT('',(-25.9999999967044,-33.1216104574579,11.8034257275041));
#7341=CARTESIAN_POINT('Origin',(-26.4999999967044,-31.4549429960627,12.6367594582017));
#7342=CARTESIAN_POINT('',(-26.4999999967044,-31.4549429960627,12.6367594582017));
#7343=CARTESIAN_POINT('',(-26.4999999967044,-1.72747136392088,12.6367594582017));
#7344=CARTESIAN_POINT('',(-25.9999999967044,-31.4549429960627,12.6367594582017));
#7345=CARTESIAN_POINT('',(-26.4999999967044,-31.4549429960627,12.6367594582017));
#7346=CARTESIAN_POINT('',(-25.9999999967044,-32.2882767267603,12.6367594582017));
#7347=CARTESIAN_POINT('Origin',(-26.4999999967044,-31.4549429960627,10.9700925928529));
#7348=CARTESIAN_POINT('',(-26.4999999967044,-31.4549429960627,5.48504629642647));
#7349=CARTESIAN_POINT('',(-25.9999999967044,-31.4549429960627,11.8034257275041));
#7350=CARTESIAN_POINT('',(-26.4999999967044,-31.4549429960627,12.6367594582017));
#7351=CARTESIAN_POINT('Origin',(-25.9999999967044,-33.9549429960627,14.3034257275041));
#7352=CARTESIAN_POINT('Origin',(-26.4999999967044,-29.7882767267603,19.3034257275041));
#7353=CARTESIAN_POINT('',(-26.4999999967044,-29.7882767267603,19.3034257275041));
#7354=CARTESIAN_POINT('',(-26.4999999967044,-29.7882767267603,14.3034257275041));
#7355=CARTESIAN_POINT('',(-26.4999999967044,-29.7882767267603,9.65171286375206));
#7356=CARTESIAN_POINT('',(-25.9999999967044,-29.7882767267603,19.3034257275041));
#7357=CARTESIAN_POINT('',(-26.4999999967044,-29.7882767267603,19.3034257275041));
#7358=CARTESIAN_POINT('',(-25.9999999967044,-29.7882767267603,14.3034257275041));
#7359=CARTESIAN_POINT('',(-25.9999999967044,-29.7882767267603,15.1367594582017));
#7360=CARTESIAN_POINT('',(-26.4999999967044,-29.7882767267603,14.3034257275041));
#7361=CARTESIAN_POINT('Origin',(-26.4999999967044,-28.1216098614115,19.3034257275041));
#7362=CARTESIAN_POINT('',(-26.4999999967044,-28.1216098614115,19.3034257275041));
#7363=CARTESIAN_POINT('',(-26.4999999967044,-0.0608047965952929,19.3034257275041));
#7364=CARTESIAN_POINT('',(-25.9999999967044,-28.1216098614115,19.3034257275041));
#7365=CARTESIAN_POINT('',(-26.4999999967044,-28.1216098614115,19.3034257275041));
#7366=CARTESIAN_POINT('',(-25.9999999967044,-28.9549429960627,19.3034257275041));
#7367=CARTESIAN_POINT('Origin',(-26.4999999967044,-28.1216098614115,9.30342572750412));
#7368=CARTESIAN_POINT('',(-26.4999999967044,-28.1216098614115,9.30342572750412));
#7369=CARTESIAN_POINT('',(-26.4999999967044,-28.1216098614115,4.65171286375206));
#7370=CARTESIAN_POINT('',(-25.9999999967044,-28.1216098614115,9.30342572750412));
#7371=CARTESIAN_POINT('',(-26.4999999967044,-28.1216098614115,9.30342572750412));
#7372=CARTESIAN_POINT('',(-25.9999999967044,-28.1216098614115,18.4700925928529));
#7373=CARTESIAN_POINT('Origin',(-26.4999999967044,-29.7882767267603,9.30342572750412));
#7374=CARTESIAN_POINT('',(-26.4999999967044,-29.7882767267603,9.30342572750412));
#7375=CARTESIAN_POINT('',(-26.4999999967044,-0.894138229269705,9.30342572750416));
#7376=CARTESIAN_POINT('',(-25.9999999967044,-29.7882767267603,9.30342572750412));
#7377=CARTESIAN_POINT('',(-26.4999999967044,-29.7882767267603,9.30342572750412));
#7378=CARTESIAN_POINT('',(-25.9999999967044,-28.9549429960627,9.30342572750412));
#7379=CARTESIAN_POINT('Origin',(-26.4999999967044,-29.7882767267603,12.6367594582017));
#7380=CARTESIAN_POINT('',(-26.4999999967044,-29.7882767267603,12.6367594582017));
#7381=CARTESIAN_POINT('',(-26.4999999967044,-29.7882767267603,6.31837972910087));
#7382=CARTESIAN_POINT('',(-25.9999999967044,-29.7882767267603,12.6367594582017));
#7383=CARTESIAN_POINT('',(-26.4999999967044,-29.7882767267603,12.6367594582017));
#7384=CARTESIAN_POINT('',(-25.9999999967044,-29.7882767267603,10.1367588621553));
#7385=CARTESIAN_POINT('Origin',(-26.4999999967044,-31.4549429960627,12.6367594582017));
#7386=CARTESIAN_POINT('',(-26.4999999967044,-1.72747136392088,12.6367594582017));
#7387=CARTESIAN_POINT('',(-25.9999999967044,-30.6216104574579,12.6367594582017));
#7388=CARTESIAN_POINT('Origin',(-26.4999999967044,-31.4549429960627,14.3034257275041));
#7389=CARTESIAN_POINT('',(-26.4999999967044,-31.4549429960627,14.3034257275041));
#7390=CARTESIAN_POINT('',(-26.4999999967044,-31.4549429960627,7.15171286375206));
#7391=CARTESIAN_POINT('',(-25.9999999967044,-31.4549429960627,14.3034257275041));
#7392=CARTESIAN_POINT('',(-26.4999999967044,-31.4549429960627,14.3034257275041));
#7393=CARTESIAN_POINT('',(-25.9999999967044,-31.4549429960627,13.4700925928529));
#7394=CARTESIAN_POINT('Origin',(-26.4999999967044,-29.7882767267603,14.3034257275041));
#7395=CARTESIAN_POINT('',(-26.4999999967044,-0.894138229269701,14.3034257275041));
#7396=CARTESIAN_POINT('',(-25.9999999967044,-30.6216104574579,14.3034257275041));
#7397=CARTESIAN_POINT('',(-26.4999999967044,-31.4549429960627,14.3034257275041));
#7398=CARTESIAN_POINT('Origin',(-25.9999999967044,-33.9549429960627,14.3034257275041));
#7399=CARTESIAN_POINT('Origin',(-26.4999999967044,-31.4549429960627,14.3034257275041));
#7400=CARTESIAN_POINT('',(-26.4999999967044,-31.4549429960627,15.9700925928529));
#7401=CARTESIAN_POINT('',(-26.4999999967044,-31.4549429960627,7.15171286375206));
#7402=CARTESIAN_POINT('',(-25.9999999967044,-31.4549429960627,15.9700925928529));
#7403=CARTESIAN_POINT('',(-25.9999999967044,-31.4549429960627,15.1367594582017));
#7404=CARTESIAN_POINT('',(-26.4999999967044,-31.4549429960627,15.9700925928529));
#7405=CARTESIAN_POINT('Origin',(-26.4999999967044,-33.1216104574579,14.3034257275041));
#7406=CARTESIAN_POINT('',(-26.4999999967044,-33.1216104574579,14.3034257275041));
#7407=CARTESIAN_POINT('',(-26.4999999967044,-2.56080509461852,14.3034257275041));
#7408=CARTESIAN_POINT('',(-25.9999999967044,-33.1216104574579,14.3034257275041));
#7409=CARTESIAN_POINT('',(-26.4999999967044,-33.1216104574579,14.3034257275041));
#7410=CARTESIAN_POINT('',(-25.9999999967044,-32.2882767267603,14.3034257275041));
#7411=CARTESIAN_POINT('Origin',(-26.4999999967044,-33.1216104574579,15.9700925928529));
#7412=CARTESIAN_POINT('',(-26.4999999967044,-33.1216104574579,7.98504629642646));
#7413=CARTESIAN_POINT('',(-25.9999999967044,-33.1216104574579,15.1367594582017));
#7414=CARTESIAN_POINT('Origin',(-26.4999999967044,-31.4549429960627,15.9700925928529));
#7415=CARTESIAN_POINT('',(-26.4999999967044,-1.72747136392088,15.9700925928529));
#7416=CARTESIAN_POINT('',(-25.9999999967044,-32.2882767267603,15.9700925928529));
#7417=CARTESIAN_POINT('Origin',(-25.9999999967044,-33.9549429960627,14.3034257275041));
#7418=CARTESIAN_POINT('Origin',(-26.4999999967044,-43.9549429960627,10.9700925928529));
#7419=CARTESIAN_POINT('',(-26.4999999967044,-43.9549429960627,10.9700925928529));
#7420=CARTESIAN_POINT('',(-26.4999999967044,-43.9549429960627,9.3034257275041));
#7421=CARTESIAN_POINT('',(-26.4999999967044,-43.9549429960627,5.48504629642646));
#7422=CARTESIAN_POINT('',(-25.9999999967044,-43.9549429960627,10.9700925928529));
#7423=CARTESIAN_POINT('',(-26.4999999967044,-43.9549429960627,10.9700925928529));
#7424=CARTESIAN_POINT('',(-25.9999999967044,-43.9549429960627,9.3034257275041));
#7425=CARTESIAN_POINT('',(-25.9999999967044,-43.9549429960627,10.1367588621553));
#7426=CARTESIAN_POINT('',(-26.4999999967044,-43.9549429960627,9.3034257275041));
#7427=CARTESIAN_POINT('Origin',(-26.4999999967044,-43.1216104574579,10.9700925928529));
#7428=CARTESIAN_POINT('',(-26.4999999967044,-43.1216104574579,10.9700925928529));
#7429=CARTESIAN_POINT('',(-26.4999999967044,-7.56080509461852,10.9700925928529));
#7430=CARTESIAN_POINT('',(-25.9999999967044,-43.1216104574579,10.9700925928529));
#7431=CARTESIAN_POINT('',(-26.4999999967044,-43.1216104574579,10.9700925928529));
#7432=CARTESIAN_POINT('',(-25.9999999967044,-43.1216104574579,10.9700925928529));
#7433=CARTESIAN_POINT('Origin',(-26.4999999967044,-43.1216104574579,17.6367594582017));
#7434=CARTESIAN_POINT('',(-26.4999999967044,-43.1216104574579,17.6367594582017));
#7435=CARTESIAN_POINT('',(-26.4999999967044,-43.1216104574579,8.81837972910087));
#7436=CARTESIAN_POINT('',(-25.9999999967044,-43.1216104574579,17.6367594582017));
#7437=CARTESIAN_POINT('',(-26.4999999967044,-43.1216104574579,17.6367594582017));
#7438=CARTESIAN_POINT('',(-25.9999999967044,-43.1216104574579,11.8034257275041));
#7439=CARTESIAN_POINT('Origin',(-26.4999999967044,-43.9549429960627,17.6367594582017));
#7440=CARTESIAN_POINT('',(-26.4999999967044,-43.9549429960627,17.6367594582017));
#7441=CARTESIAN_POINT('',(-26.4999999967044,-7.97747136392088,17.6367594582017));
#7442=CARTESIAN_POINT('',(-25.9999999967044,-43.9549429960627,17.6367594582017));
#7443=CARTESIAN_POINT('',(-26.4999999967044,-43.9549429960627,17.6367594582017));
#7444=CARTESIAN_POINT('',(-25.9999999967044,-43.9549429960627,17.6367594582017));
#7445=CARTESIAN_POINT('Origin',(-26.4999999967044,-43.9549429960627,19.3034257275041));
#7446=CARTESIAN_POINT('',(-26.4999999967044,-43.9549429960627,19.3034257275041));
#7447=CARTESIAN_POINT('',(-26.4999999967044,-43.9549429960627,9.65171286375205));
#7448=CARTESIAN_POINT('',(-25.9999999967044,-43.9549429960627,19.3034257275041));
#7449=CARTESIAN_POINT('',(-26.4999999967044,-43.9549429960627,19.3034257275041));
#7450=CARTESIAN_POINT('',(-25.9999999967044,-43.9549429960627,18.4700925928529));
#7451=CARTESIAN_POINT('Origin',(-26.4999999967044,-40.6216104574579,19.3034257275041));
#7452=CARTESIAN_POINT('',(-26.4999999967044,-40.6216104574579,19.3034257275041));
#7453=CARTESIAN_POINT('',(-26.4999999967044,-6.31080509461852,19.3034257275041));
#7454=CARTESIAN_POINT('',(-25.9999999967044,-40.6216104574579,19.3034257275041));
#7455=CARTESIAN_POINT('',(-26.4999999967044,-40.6216104574579,19.3034257275041));
#7456=CARTESIAN_POINT('',(-25.9999999967044,-43.1216104574579,19.3034257275041));
#7457=CARTESIAN_POINT('Origin',(-26.4999999967044,-40.6216104574579,17.6367594582017));
#7458=CARTESIAN_POINT('',(-26.4999999967044,-40.6216104574579,17.6367594582017));
#7459=CARTESIAN_POINT('',(-26.4999999967044,-40.6216104574579,8.81837972910087));
#7460=CARTESIAN_POINT('',(-25.9999999967044,-40.6216104574579,17.6367594582017));
#7461=CARTESIAN_POINT('',(-26.4999999967044,-40.6216104574579,17.6367594582017));
#7462=CARTESIAN_POINT('',(-25.9999999967044,-40.6216104574579,18.4700925928529));
#7463=CARTESIAN_POINT('Origin',(-26.4999999967044,-41.4549429960627,17.6367594582017));
#7464=CARTESIAN_POINT('',(-26.4999999967044,-41.4549429960627,17.6367594582017));
#7465=CARTESIAN_POINT('',(-26.4999999967044,-6.72747136392088,17.6367594582017));
#7466=CARTESIAN_POINT('',(-25.9999999967044,-41.4549429960627,17.6367594582017));
#7467=CARTESIAN_POINT('',(-26.4999999967044,-41.4549429960627,17.6367594582017));
#7468=CARTESIAN_POINT('',(-25.9999999967044,-41.4549429960627,17.6367594582017));
#7469=CARTESIAN_POINT('Origin',(-26.4999999967044,-41.4549429960627,10.9700925928529));
#7470=CARTESIAN_POINT('',(-26.4999999967044,-41.4549429960627,10.9700925928529));
#7471=CARTESIAN_POINT('',(-26.4999999967044,-41.4549429960627,5.48504629642646));
#7472=CARTESIAN_POINT('',(-25.9999999967044,-41.4549429960627,10.9700925928529));
#7473=CARTESIAN_POINT('',(-26.4999999967044,-41.4549429960627,10.9700925928529));
#7474=CARTESIAN_POINT('',(-25.9999999967044,-41.4549429960627,16.8034257275041));
#7475=CARTESIAN_POINT('Origin',(-26.4999999967044,-40.6216104574579,10.9700925928529));
#7476=CARTESIAN_POINT('',(-26.4999999967044,-40.6216104574579,10.9700925928529));
#7477=CARTESIAN_POINT('',(-26.4999999967044,-6.31080509461852,10.9700925928529));
#7478=CARTESIAN_POINT('',(-25.9999999967044,-40.6216104574579,10.9700925928529));
#7479=CARTESIAN_POINT('',(-26.4999999967044,-40.6216104574579,10.9700925928529));
#7480=CARTESIAN_POINT('',(-25.9999999967044,-40.6216104574579,10.9700925928529));
#7481=CARTESIAN_POINT('Origin',(-26.4999999967044,-40.6216104574579,9.30342572750411));
#7482=CARTESIAN_POINT('',(-26.4999999967044,-40.6216104574579,9.30342572750411));
#7483=CARTESIAN_POINT('',(-26.4999999967044,-40.6216104574579,4.65171286375205));
#7484=CARTESIAN_POINT('',(-25.9999999967044,-40.6216104574579,9.30342572750411));
#7485=CARTESIAN_POINT('',(-26.4999999967044,-40.6216104574579,9.30342572750411));
#7486=CARTESIAN_POINT('',(-25.9999999967044,-40.6216104574579,10.1367588621553));
#7487=CARTESIAN_POINT('Origin',(-26.4999999967044,-43.9549429960627,9.3034257275041));
#7488=CARTESIAN_POINT('',(-26.4999999967044,-7.97747136392089,9.30342572750415));
#7489=CARTESIAN_POINT('',(-25.9999999967044,-41.4549429960627,9.3034257275041));
#7490=CARTESIAN_POINT('Origin',(-25.9999999967044,-33.9549429960627,14.3034257275041));
#7491=CARTESIAN_POINT('Origin',(-26.4999999967044,-48.9549429960627,10.9700925928529));
#7492=CARTESIAN_POINT('',(-26.4999999967044,-48.9549429960627,10.9700925928529));
#7493=CARTESIAN_POINT('',(-26.4999999967044,-48.9549429960627,9.3034257275041));
#7494=CARTESIAN_POINT('',(-26.4999999967044,-48.9549429960627,5.48504629642646));
#7495=CARTESIAN_POINT('',(-25.9999999967044,-48.9549429960627,10.9700925928529));
#7496=CARTESIAN_POINT('',(-26.4999999967044,-48.9549429960627,10.9700925928529));
#7497=CARTESIAN_POINT('',(-25.9999999967044,-48.9549429960627,9.3034257275041));
#7498=CARTESIAN_POINT('',(-25.9999999967044,-48.9549429960627,10.1367588621553));
#7499=CARTESIAN_POINT('',(-26.4999999967044,-48.9549429960627,9.3034257275041));
#7500=CARTESIAN_POINT('Origin',(-26.4999999967044,-48.1216104574579,10.9700925928529));
#7501=CARTESIAN_POINT('',(-26.4999999967044,-48.1216104574579,10.9700925928529));
#7502=CARTESIAN_POINT('',(-26.4999999967044,-10.0608050946185,10.9700925928529));
#7503=CARTESIAN_POINT('',(-25.9999999967044,-48.1216104574579,10.9700925928529));
#7504=CARTESIAN_POINT('',(-26.4999999967044,-48.1216104574579,10.9700925928529));
#7505=CARTESIAN_POINT('',(-25.9999999967044,-48.1216104574579,10.9700925928529));
#7506=CARTESIAN_POINT('Origin',(-26.4999999967044,-48.1216104574579,17.6367594582017));
#7507=CARTESIAN_POINT('',(-26.4999999967044,-48.1216104574579,17.6367594582017));
#7508=CARTESIAN_POINT('',(-26.4999999967044,-48.1216104574579,8.81837972910086));
#7509=CARTESIAN_POINT('',(-25.9999999967044,-48.1216104574579,17.6367594582017));
#7510=CARTESIAN_POINT('',(-26.4999999967044,-48.1216104574579,17.6367594582017));
#7511=CARTESIAN_POINT('',(-25.9999999967044,-48.1216104574579,11.8034257275041));
#7512=CARTESIAN_POINT('Origin',(-26.4999999967044,-48.9549429960627,17.6367594582017));
#7513=CARTESIAN_POINT('',(-26.4999999967044,-48.9549429960627,17.6367594582017));
#7514=CARTESIAN_POINT('',(-26.4999999967044,-10.4774713639209,17.6367594582017));
#7515=CARTESIAN_POINT('',(-25.9999999967044,-48.9549429960627,17.6367594582017));
#7516=CARTESIAN_POINT('',(-26.4999999967044,-48.9549429960627,17.6367594582017));
#7517=CARTESIAN_POINT('',(-25.9999999967044,-48.9549429960627,17.6367594582017));
#7518=CARTESIAN_POINT('Origin',(-26.4999999967044,-48.9549429960627,19.3034257275041));
#7519=CARTESIAN_POINT('',(-26.4999999967044,-48.9549429960627,19.3034257275041));
#7520=CARTESIAN_POINT('',(-26.4999999967044,-48.9549429960627,9.65171286375205));
#7521=CARTESIAN_POINT('',(-25.9999999967044,-48.9549429960627,19.3034257275041));
#7522=CARTESIAN_POINT('',(-26.4999999967044,-48.9549429960627,19.3034257275041));
#7523=CARTESIAN_POINT('',(-25.9999999967044,-48.9549429960627,18.4700925928529));
#7524=CARTESIAN_POINT('Origin',(-26.4999999967044,-45.6216104574579,19.3034257275041));
#7525=CARTESIAN_POINT('',(-26.4999999967044,-45.6216104574579,19.3034257275041));
#7526=CARTESIAN_POINT('',(-26.4999999967044,-8.81080509461852,19.3034257275041));
#7527=CARTESIAN_POINT('',(-25.9999999967044,-45.6216104574579,19.3034257275041));
#7528=CARTESIAN_POINT('',(-26.4999999967044,-45.6216104574579,19.3034257275041));
#7529=CARTESIAN_POINT('',(-25.9999999967044,-48.1216104574579,19.3034257275041));
#7530=CARTESIAN_POINT('Origin',(-26.4999999967044,-45.6216104574579,17.6367594582017));
#7531=CARTESIAN_POINT('',(-26.4999999967044,-45.6216104574579,17.6367594582017));
#7532=CARTESIAN_POINT('',(-26.4999999967044,-45.6216104574579,8.81837972910087));
#7533=CARTESIAN_POINT('',(-25.9999999967044,-45.6216104574579,17.6367594582017));
#7534=CARTESIAN_POINT('',(-26.4999999967044,-45.6216104574579,17.6367594582017));
#7535=CARTESIAN_POINT('',(-25.9999999967044,-45.6216104574579,18.4700925928529));
#7536=CARTESIAN_POINT('Origin',(-26.4999999967044,-46.4549429960627,17.6367594582017));
#7537=CARTESIAN_POINT('',(-26.4999999967044,-46.4549429960627,17.6367594582017));
#7538=CARTESIAN_POINT('',(-26.4999999967044,-9.22747136392088,17.6367594582017));
#7539=CARTESIAN_POINT('',(-25.9999999967044,-46.4549429960627,17.6367594582017));
#7540=CARTESIAN_POINT('',(-26.4999999967044,-46.4549429960627,17.6367594582017));
#7541=CARTESIAN_POINT('',(-25.9999999967044,-46.4549429960627,17.6367594582017));
#7542=CARTESIAN_POINT('Origin',(-26.4999999967044,-46.4549429960627,10.9700925928529));
#7543=CARTESIAN_POINT('',(-26.4999999967044,-46.4549429960627,10.9700925928529));
#7544=CARTESIAN_POINT('',(-26.4999999967044,-46.4549429960627,5.48504629642646));
#7545=CARTESIAN_POINT('',(-25.9999999967044,-46.4549429960627,10.9700925928529));
#7546=CARTESIAN_POINT('',(-26.4999999967044,-46.4549429960627,10.9700925928529));
#7547=CARTESIAN_POINT('',(-25.9999999967044,-46.4549429960627,16.8034257275041));
#7548=CARTESIAN_POINT('Origin',(-26.4999999967044,-45.6216104574579,10.9700925928529));
#7549=CARTESIAN_POINT('',(-26.4999999967044,-45.6216104574579,10.9700925928529));
#7550=CARTESIAN_POINT('',(-26.4999999967044,-8.81080509461852,10.9700925928529));
#7551=CARTESIAN_POINT('',(-25.9999999967044,-45.6216104574579,10.9700925928529));
#7552=CARTESIAN_POINT('',(-26.4999999967044,-45.6216104574579,10.9700925928529));
#7553=CARTESIAN_POINT('',(-25.9999999967044,-45.6216104574579,10.9700925928529));
#7554=CARTESIAN_POINT('Origin',(-26.4999999967044,-45.6216104574579,9.3034257275041));
#7555=CARTESIAN_POINT('',(-26.4999999967044,-45.6216104574579,9.3034257275041));
#7556=CARTESIAN_POINT('',(-26.4999999967044,-45.6216104574579,4.65171286375205));
#7557=CARTESIAN_POINT('',(-25.9999999967044,-45.6216104574579,9.3034257275041));
#7558=CARTESIAN_POINT('',(-26.4999999967044,-45.6216104574579,9.3034257275041));
#7559=CARTESIAN_POINT('',(-25.9999999967044,-45.6216104574579,10.1367588621553));
#7560=CARTESIAN_POINT('Origin',(-26.4999999967044,-48.9549429960627,9.3034257275041));
#7561=CARTESIAN_POINT('',(-26.4999999967044,-10.4774713639209,9.30342572750414));
#7562=CARTESIAN_POINT('',(-25.9999999967044,-46.4549429960627,9.3034257275041));
#7563=CARTESIAN_POINT('Origin',(-25.9999999967044,-33.9549429960627,14.3034257275041));
#7564=CARTESIAN_POINT('Origin',(-26.4999999967044,-25.6216098614115,15.9700925928529));
#7565=CARTESIAN_POINT('',(-26.4999999967044,-25.6216098614115,15.9700925928529));
#7566=CARTESIAN_POINT('',(-26.4999999967044,-23.9549429960627,15.9700925928529));
#7567=CARTESIAN_POINT('',(-26.4999999967044,1.18919520340471,15.9700925928529));
#7568=CARTESIAN_POINT('',(-25.9999999967044,-25.6216098614115,15.9700925928529));
#7569=CARTESIAN_POINT('',(-26.4999999967044,-25.6216098614115,15.9700925928529));
#7570=CARTESIAN_POINT('',(-25.9999999967044,-23.9549429960627,15.9700925928529));
#7571=CARTESIAN_POINT('',(-25.9999999967044,-24.7882767267603,15.9700925928529));
#7572=CARTESIAN_POINT('',(-26.4999999967044,-23.9549429960627,15.9700925928529));
#7573=CARTESIAN_POINT('Origin',(-26.4999999967044,-25.6216098614115,9.30342572750412));
#7574=CARTESIAN_POINT('',(-26.4999999967044,-25.6216098614115,9.30342572750412));
#7575=CARTESIAN_POINT('',(-26.4999999967044,-25.6216098614115,4.65171286375206));
#7576=CARTESIAN_POINT('',(-25.9999999967044,-25.6216098614115,9.30342572750412));
#7577=CARTESIAN_POINT('',(-26.4999999967044,-25.6216098614115,9.30342572750412));
#7578=CARTESIAN_POINT('',(-25.9999999967044,-25.6216098614115,15.1367594582018));
#7579=CARTESIAN_POINT('Origin',(-26.4999999967044,-27.2882767267603,9.30342572750412));
#7580=CARTESIAN_POINT('',(-26.4999999967044,-27.2882767267603,9.30342572750412));
#7581=CARTESIAN_POINT('',(-26.4999999967044,0.355861770730295,9.30342572750416));
#7582=CARTESIAN_POINT('',(-25.9999999967044,-27.2882767267603,9.30342572750412));
#7583=CARTESIAN_POINT('',(-26.4999999967044,-27.2882767267603,9.30342572750412));
#7584=CARTESIAN_POINT('',(-25.9999999967044,-26.4549429960627,9.30342572750412));
#7585=CARTESIAN_POINT('Origin',(-26.4999999967044,-27.2882767267603,19.3034257275041));
#7586=CARTESIAN_POINT('',(-26.4999999967044,-27.2882767267603,19.3034257275041));
#7587=CARTESIAN_POINT('',(-26.4999999967044,-27.2882767267603,9.65171286375206));
#7588=CARTESIAN_POINT('',(-25.9999999967044,-27.2882767267603,19.3034257275041));
#7589=CARTESIAN_POINT('',(-26.4999999967044,-27.2882767267603,19.3034257275041));
#7590=CARTESIAN_POINT('',(-25.9999999967044,-27.2882767267603,10.1367588621553));
#7591=CARTESIAN_POINT('Origin',(-26.4999999967044,-25.6216098614115,19.3034257275041));
#7592=CARTESIAN_POINT('',(-26.4999999967044,-25.6216098614115,19.3034257275041));
#7593=CARTESIAN_POINT('',(-26.4999999967044,1.18919520340471,19.3034257275041));
#7594=CARTESIAN_POINT('',(-25.9999999967044,-25.6216098614115,19.3034257275041));
#7595=CARTESIAN_POINT('',(-26.4999999967044,-25.6216098614115,19.3034257275041));
#7596=CARTESIAN_POINT('',(-25.9999999967044,-26.4549429960627,19.3034257275041));
#7597=CARTESIAN_POINT('Origin',(-26.4999999967044,-25.6216098614115,17.6367594582018));
#7598=CARTESIAN_POINT('',(-26.4999999967044,-25.6216098614115,17.6367594582018));
#7599=CARTESIAN_POINT('',(-26.4999999967044,-25.6216098614115,8.81837972910088));
#7600=CARTESIAN_POINT('',(-25.9999999967044,-25.6216098614115,17.6367594582018));
#7601=CARTESIAN_POINT('',(-26.4999999967044,-25.6216098614115,17.6367594582018));
#7602=CARTESIAN_POINT('',(-25.9999999967044,-25.6216098614115,18.4700925928529));
#7603=CARTESIAN_POINT('Origin',(-26.4999999967044,-23.9549429960627,17.6367594582018));
#7604=CARTESIAN_POINT('',(-26.4999999967044,-23.9549429960627,17.6367594582018));
#7605=CARTESIAN_POINT('',(-26.4999999967044,2.02252863607912,17.6367594582018));
#7606=CARTESIAN_POINT('',(-25.9999999967044,-23.9549429960627,17.6367594582018));
#7607=CARTESIAN_POINT('',(-26.4999999967044,-23.9549429960627,17.6367594582018));
#7608=CARTESIAN_POINT('',(-25.9999999967044,-24.7882767267603,17.6367594582018));
#7609=CARTESIAN_POINT('Origin',(-26.4999999967044,-23.9549429960627,15.9700925928529));
#7610=CARTESIAN_POINT('',(-26.4999999967044,-23.9549429960627,7.98504629642647));
#7611=CARTESIAN_POINT('',(-26.4999999967044,-23.9549429960627,15.9700925928529));
#7612=CARTESIAN_POINT('',(-25.9999999967044,-23.9549429960627,15.9700925928529));
#7613=CARTESIAN_POINT('Origin',(-25.9999999967044,-33.9549429960627,14.3034257275041));
#7614=CARTESIAN_POINT('Origin',(-26.4999999967044,-20.6216097123999,17.6367594582018));
#7615=CARTESIAN_POINT('',(-26.4999999967044,-20.6216097123999,17.6367594582018));
#7616=CARTESIAN_POINT('',(-26.4999999967044,-22.2882764287371,17.6367594582018));
#7617=CARTESIAN_POINT('',(-26.4999999967044,3.68919527791051,17.6367594582018));
#7618=CARTESIAN_POINT('',(-25.9999999967044,-20.6216097123999,17.6367594582018));
#7619=CARTESIAN_POINT('',(-26.4999999967044,-20.6216097123999,17.6367594582018));
#7620=CARTESIAN_POINT('',(-25.9999999967044,-22.2882764287371,17.6367594582018));
#7621=CARTESIAN_POINT('',(-25.9999999967044,-21.4549429960627,17.6367594582018));
#7622=CARTESIAN_POINT('',(-26.4999999967044,-22.2882764287371,17.6367594582018));
#7623=CARTESIAN_POINT('Origin',(-26.4999999967044,-20.6216097123999,19.3034257275041));
#7624=CARTESIAN_POINT('',(-26.4999999967044,-20.6216097123999,19.3034257275041));
#7625=CARTESIAN_POINT('',(-26.4999999967044,-20.6216097123999,9.65171286375206));
#7626=CARTESIAN_POINT('',(-25.9999999967044,-20.6216097123999,19.3034257275041));
#7627=CARTESIAN_POINT('',(-26.4999999967044,-20.6216097123999,19.3034257275041));
#7628=CARTESIAN_POINT('',(-25.9999999967044,-20.6216097123999,18.4700925928529));
#7629=CARTESIAN_POINT('Origin',(-26.4999999967044,-18.9549429960627,19.3034257275041));
#7630=CARTESIAN_POINT('',(-26.4999999967044,-18.9549429960627,19.3034257275041));
#7631=CARTESIAN_POINT('',(-26.4999999967044,4.52252863607911,19.3034257275041));
#7632=CARTESIAN_POINT('',(-25.9999999967044,-18.9549429960627,19.3034257275041));
#7633=CARTESIAN_POINT('',(-26.4999999967044,-18.9549429960627,19.3034257275041));
#7634=CARTESIAN_POINT('',(-25.9999999967044,-19.7882763542313,19.3034257275041));
#7635=CARTESIAN_POINT('Origin',(-26.4999999967044,-18.9549429960627,9.30342572750413));
#7636=CARTESIAN_POINT('',(-26.4999999967044,-18.9549429960627,9.30342572750413));
#7637=CARTESIAN_POINT('',(-26.4999999967044,-18.9549429960627,4.65171286375207));
#7638=CARTESIAN_POINT('',(-25.9999999967044,-18.9549429960627,9.30342572750413));
#7639=CARTESIAN_POINT('',(-26.4999999967044,-18.9549429960627,9.30342572750413));
#7640=CARTESIAN_POINT('',(-25.9999999967044,-18.9549429960627,18.4700925928529));
#7641=CARTESIAN_POINT('Origin',(-26.4999999967044,-20.6216097123999,9.30342572750413));
#7642=CARTESIAN_POINT('',(-26.4999999967044,-20.6216097123999,9.30342572750413));
#7643=CARTESIAN_POINT('',(-26.4999999967044,3.68919527791051,9.30342572750416));
#7644=CARTESIAN_POINT('',(-25.9999999967044,-20.6216097123999,9.30342572750413));
#7645=CARTESIAN_POINT('',(-26.4999999967044,-20.6216097123999,9.30342572750413));
#7646=CARTESIAN_POINT('',(-25.9999999967044,-19.7882763542313,9.30342572750413));
#7647=CARTESIAN_POINT('Origin',(-26.4999999967044,-20.6216097123999,15.9700925928529));
#7648=CARTESIAN_POINT('',(-26.4999999967044,-20.6216097123999,15.9700925928529));
#7649=CARTESIAN_POINT('',(-26.4999999967044,-20.6216097123999,7.98504629642647));
#7650=CARTESIAN_POINT('',(-25.9999999967044,-20.6216097123999,15.9700925928529));
#7651=CARTESIAN_POINT('',(-26.4999999967044,-20.6216097123999,15.9700925928529));
#7652=CARTESIAN_POINT('',(-25.9999999967044,-20.6216097123999,10.1367588621553));
#7653=CARTESIAN_POINT('Origin',(-26.4999999967044,-22.2882764287371,15.9700925928529));
#7654=CARTESIAN_POINT('',(-26.4999999967044,-22.2882764287371,15.9700925928529));
#7655=CARTESIAN_POINT('',(-26.4999999967044,2.85586191974191,15.9700925928529));
#7656=CARTESIAN_POINT('',(-25.9999999967044,-22.2882764287371,15.9700925928529));
#7657=CARTESIAN_POINT('',(-26.4999999967044,-22.2882764287371,15.9700925928529));
#7658=CARTESIAN_POINT('',(-25.9999999967044,-21.4549429960627,15.9700925928529));
#7659=CARTESIAN_POINT('Origin',(-26.4999999967044,-22.2882764287371,17.6367594582018));
#7660=CARTESIAN_POINT('',(-26.4999999967044,-22.2882764287371,8.81837972910088));
#7661=CARTESIAN_POINT('',(-25.9999999967044,-22.2882764287371,16.8034257275041));
#7662=CARTESIAN_POINT('',(-26.4999999967044,-22.2882764287371,15.9700925928529));
#7663=CARTESIAN_POINT('Origin',(-25.9999999967044,-33.9549429960627,14.3034257275041));
#7664=CARTESIAN_POINT('Origin',(-26.4999999967044,-22.2882764287371,14.3034257275041));
#7665=CARTESIAN_POINT('',(-26.4999999967044,-22.2882764287371,14.3034257275041));
#7666=CARTESIAN_POINT('',(-26.4999999967044,-22.2882764287371,7.15171286375206));
#7667=CARTESIAN_POINT('',(-25.9999999967044,-22.2882764287371,14.3034257275041));
#7668=CARTESIAN_POINT('',(-26.4999999967044,-22.2882764287371,14.3034257275041));
#7669=CARTESIAN_POINT('',(-25.9999999967044,-22.2882764287371,15.1367594582018));
#7670=CARTESIAN_POINT('Origin',(-26.4999999967044,-23.9549429960627,14.3034257275041));
#7671=CARTESIAN_POINT('',(-26.4999999967044,-23.9549429960627,14.3034257275041));
#7672=CARTESIAN_POINT('',(-26.4999999967044,2.02252863607912,14.3034257275041));
#7673=CARTESIAN_POINT('',(-25.9999999967044,-23.9549429960627,14.3034257275041));
#7674=CARTESIAN_POINT('',(-26.4999999967044,-23.9549429960627,14.3034257275041));
#7675=CARTESIAN_POINT('',(-25.9999999967044,-23.1216098614115,14.3034257275041));
#7676=CARTESIAN_POINT('Origin',(-26.4999999967044,-23.9549429960627,15.9700925928529));
#7677=CARTESIAN_POINT('',(-26.4999999967044,-23.9549429960627,7.98504629642647));
#7678=CARTESIAN_POINT('',(-25.9999999967044,-23.9549429960627,15.1367594582018));
#7679=CARTESIAN_POINT('Origin',(-26.4999999967044,-22.2882764287371,15.9700925928529));
#7680=CARTESIAN_POINT('',(-26.4999999967044,2.85586191974191,15.9700925928529));
#7681=CARTESIAN_POINT('',(-25.9999999967044,-23.1216098614115,15.9700925928529));
#7682=CARTESIAN_POINT('Origin',(-25.9999999967044,-33.9549429960627,14.3034257275041));
#7683=CARTESIAN_POINT('Origin',(-19.7499999967044,21.2500002682209,25.5));
#7684=CARTESIAN_POINT('',(-23.4999999967044,25.0000002682209,25.5));
#7685=CARTESIAN_POINT('',(-15.9999999967044,25.0000002682209,25.5));
#7686=CARTESIAN_POINT('',(-21.6249999967044,25.0000002682209,25.5));
#7687=CARTESIAN_POINT('',(-23.4999999967044,17.5000002682209,25.5));
#7688=CARTESIAN_POINT('',(-23.4999999967044,4.87500026822089,25.5));
#7689=CARTESIAN_POINT('',(-19.4999999967044,17.5000002682209,25.5));
#7690=CARTESIAN_POINT('',(-21.6249999967044,17.5000002682209,25.5));
#7691=CARTESIAN_POINT('',(-15.9999999967044,21.0000002682209,25.5));
#7692=CARTESIAN_POINT('Origin',(-19.4999999967044,21.0000002682209,25.5));
#7693=CARTESIAN_POINT('',(-15.9999999967044,21.1250002682209,25.5));
#7694=CARTESIAN_POINT('',(-21.1249999967044,21.5000002682209,25.5));
#7695=CARTESIAN_POINT('Origin',(-19.9999999967044,21.5000002682209,25.5));
#7696=CARTESIAN_POINT('Origin',(-19.7499999967044,-62.2499997317791,25.5));
#7697=CARTESIAN_POINT('',(-19.4999999967044,-58.4999997317791,25.5));
#7698=CARTESIAN_POINT('',(-15.9999999967044,-61.9999997317791,25.5));
#7699=CARTESIAN_POINT('Origin',(-19.4999999967044,-61.9999997317791,25.5));
#7700=CARTESIAN_POINT('',(-23.4999999967044,-58.4999997317791,25.5));
#7701=CARTESIAN_POINT('',(-21.6249999967044,-58.4999997317791,25.5));
#7702=CARTESIAN_POINT('',(-23.4999999967044,-65.9999997317791,25.5));
#7703=CARTESIAN_POINT('',(-23.4999999967044,-36.8749997317791,25.5));
#7704=CARTESIAN_POINT('',(-15.9999999967044,-65.9999997317791,25.5));
#7705=CARTESIAN_POINT('',(8.37500000329565,-65.9999997317791,25.5));
#7706=CARTESIAN_POINT('',(-15.9999999967044,-62.1249996934618,25.5));
#7707=CARTESIAN_POINT('',(-21.1249999967044,-62.4999997317791,25.5));
#7708=CARTESIAN_POINT('Origin',(-19.9999999967044,-62.4999997317791,25.5));
#7709=CARTESIAN_POINT('Origin',(32.7500000032956,21.2500002682209,25.5));
#7710=CARTESIAN_POINT('',(29.0000000032956,21.0000002682209,25.5));
#7711=CARTESIAN_POINT('',(29.0000000032956,25.0000002682209,25.5));
#7712=CARTESIAN_POINT('',(29.0000000032956,23.1250002682209,25.5));
#7713=CARTESIAN_POINT('',(32.5000000032957,17.5000002682209,25.5));
#7714=CARTESIAN_POINT('Origin',(32.5000000032957,21.0000002682209,25.5));
#7715=CARTESIAN_POINT('',(36.5000000032956,17.5000002682209,25.5));
#7716=CARTESIAN_POINT('',(32.6250000032957,17.5000002682209,25.5));
#7717=CARTESIAN_POINT('',(36.5000000032956,25.0000002682209,25.5));
#7718=CARTESIAN_POINT('',(36.5000000032956,23.1250002682209,25.5));
#7719=CARTESIAN_POINT('',(4.62500000329563,25.0000002682209,25.5));
#7720=CARTESIAN_POINT('',(31.8750000032956,21.5000002682209,25.5));
#7721=CARTESIAN_POINT('Origin',(33.0000000032956,21.5000002682209,25.5));
#7722=CARTESIAN_POINT('Origin',(-15.9999999967044,21.0000002682209,3.));
#7723=CARTESIAN_POINT('',(-15.9999999967044,21.0000002682209,3.));
#7724=CARTESIAN_POINT('',(-15.9999999967044,21.0000002682209,18.));
#7725=CARTESIAN_POINT('',(-15.9999999967044,25.0000002682209,3.));
#7726=CARTESIAN_POINT('',(-15.9999999967044,0.125000268220903,3.));
#7727=CARTESIAN_POINT('',(-15.9999999967044,25.0000002682209,3.));
#7728=CARTESIAN_POINT('Origin',(-23.4999999967044,-58.4999997317791,18.));
#7729=CARTESIAN_POINT('',(-19.4999999967044,-58.4999997317791,5.5));
#7730=CARTESIAN_POINT('',(-19.4999999967044,-58.4999997317791,18.));
#7731=CARTESIAN_POINT('',(-23.4999999967044,-58.4999997317791,5.5));
#7732=CARTESIAN_POINT('',(-21.6249999967044,-58.4999997317791,5.5));
#7733=CARTESIAN_POINT('',(-23.4999999967044,-58.4999997317791,10.5));
#7734=CARTESIAN_POINT('Origin',(-19.4999999967044,-61.9999997317791,18.));
#7735=CARTESIAN_POINT('',(-15.9999999967044,-61.9999997317791,5.5));
#7736=CARTESIAN_POINT('',(-15.9999999967044,-61.9999997317791,18.));
#7737=CARTESIAN_POINT('Origin',(-19.4999999967044,-61.9999997317791,5.5));
#7738=CARTESIAN_POINT('Origin',(32.5000000032957,17.5000002682209,3.));
#7739=CARTESIAN_POINT('',(32.5000000032957,17.5000002682209,3.));
#7740=CARTESIAN_POINT('',(32.5000000032957,17.5000002682209,18.));
#7741=CARTESIAN_POINT('',(36.5000000032956,17.5000002682209,3.));
#7742=CARTESIAN_POINT('',(19.5000000032956,17.5000002682209,3.));
#7743=CARTESIAN_POINT('',(36.5000000032956,17.5000002682209,3.));
#7744=CARTESIAN_POINT('Origin',(-19.9999999967044,-62.4999997317791,18.));
#7745=CARTESIAN_POINT('',(-21.1249999967044,-62.4999997317791,18.));
#7746=CARTESIAN_POINT('Origin',(-19.9999999967044,-62.4999997317791,18.));
#7747=CARTESIAN_POINT('',(-21.1249999967044,-62.4999997317791,18.));
#7748=CARTESIAN_POINT('Origin',(-19.9999999967044,-62.4999997317791,18.));
#7749=CARTESIAN_POINT('Origin',(33.0000000032956,21.5000002682209,18.));
#7750=CARTESIAN_POINT('',(31.8750000032956,21.5000002682209,18.));
#7751=CARTESIAN_POINT('Origin',(33.0000000032956,21.5000002682209,18.));
#7752=CARTESIAN_POINT('',(31.8750000032956,21.5000002682209,18.));
#7753=CARTESIAN_POINT('Origin',(33.0000000032956,21.5000002682209,18.));
#7754=CARTESIAN_POINT('Origin',(33.0000000032956,-62.4999997317791,18.));
#7755=CARTESIAN_POINT('',(31.8750000032956,-62.4999997317791,18.));
#7756=CARTESIAN_POINT('Origin',(33.0000000032956,-62.4999997317791,18.));
#7757=CARTESIAN_POINT('',(31.8750000032956,-62.4999997317791,25.5));
#7758=CARTESIAN_POINT('',(31.8750000032956,-62.4999997317791,18.));
#7759=CARTESIAN_POINT('Origin',(33.0000000032956,-62.4999997317791,25.5));
#7760=CARTESIAN_POINT('Origin',(33.0000000032956,-62.4999997317791,18.));
#7761=CARTESIAN_POINT('Origin',(-19.9999999967044,21.5000002682209,18.));
#7762=CARTESIAN_POINT('',(-21.1249999967044,21.5000002682209,18.));
#7763=CARTESIAN_POINT('Origin',(-19.9999999967044,21.5000002682209,18.));
#7764=CARTESIAN_POINT('',(-21.1249999967044,21.5000002682209,18.));
#7765=CARTESIAN_POINT('Origin',(-19.9999999967044,21.5000002682209,18.));
#7766=CARTESIAN_POINT('Origin',(-16.4999999967044,18.0000002682209,30.7));
#7767=CARTESIAN_POINT('',(-16.4999999967044,28.0000002682209,28.7));
#7768=CARTESIAN_POINT('',(-26.4999999967044,18.0000002682209,28.7));
#7769=CARTESIAN_POINT('Origin',(-16.4999999967044,18.0000002682209,28.7));
#7770=CARTESIAN_POINT('',(-16.4999999967044,28.0000002682209,-1.5));
#7771=CARTESIAN_POINT('',(-16.4999999967044,28.0000002682209,30.7));
#7772=CARTESIAN_POINT('',(-26.4999999967044,18.0000002682209,-1.5));
#7773=CARTESIAN_POINT('Origin',(-16.4999999967044,18.0000002682209,-1.5));
#7774=CARTESIAN_POINT('',(-26.4999999967044,18.0000002682209,30.7));
#7775=CARTESIAN_POINT('Origin',(29.5000000032957,-59.4999997317791,30.7));
#7776=CARTESIAN_POINT('',(29.5000000032956,-69.4999997317791,28.7));
#7777=CARTESIAN_POINT('',(39.5000000032956,-59.4999997317791,28.7));
#7778=CARTESIAN_POINT('Origin',(29.5000000032957,-59.4999997317791,28.7));
#7779=CARTESIAN_POINT('',(29.5000000032957,-69.4999997317791,2.));
#7780=CARTESIAN_POINT('',(29.5000000032957,-69.4999997317791,30.7));
#7781=CARTESIAN_POINT('',(38.0000005662441,-64.7678256998494,2.));
#7782=CARTESIAN_POINT('Origin',(29.5000000032957,-59.4999997317791,2.));
#7783=CARTESIAN_POINT('',(38.0000005662441,-64.7678256998494,0.));
#7784=CARTESIAN_POINT('',(38.0000005662441,-64.7678256998494,30.7));
#7785=CARTESIAN_POINT('',(36.5000000032956,-66.641428160322,0.));
#7786=CARTESIAN_POINT('Origin',(29.5000000032957,-59.4999997317791,0.));
#7787=CARTESIAN_POINT('',(36.5000000032956,-66.641428160322,-1.5));
#7788=CARTESIAN_POINT('',(36.5000000032956,-66.641428160322,30.7));
#7789=CARTESIAN_POINT('',(39.5000000032956,-59.4999997317791,-1.5));
#7790=CARTESIAN_POINT('Origin',(29.5000000032957,-59.4999997317791,-1.5));
#7791=CARTESIAN_POINT('',(39.5000000032956,-59.4999997317791,30.7));
#7792=CARTESIAN_POINT('Origin',(-16.4999999967044,-59.4999997317791,30.7));
#7793=CARTESIAN_POINT('',(-26.4999999967044,-59.4999997317791,28.7));
#7794=CARTESIAN_POINT('',(-16.4999999967044,-69.4999997317791,28.7));
#7795=CARTESIAN_POINT('Origin',(-16.4999999967044,-59.4999997317791,28.7));
#7796=CARTESIAN_POINT('',(-26.4999999967044,-59.4999997317791,-1.5));
#7797=CARTESIAN_POINT('',(-26.4999999967044,-59.4999997317791,30.7));
#7798=CARTESIAN_POINT('',(-23.4999999967044,-66.641428160322,-1.5));
#7799=CARTESIAN_POINT('Origin',(-16.4999999967044,-59.4999997317791,-1.5));
#7800=CARTESIAN_POINT('',(-23.4999999967044,-66.641428160322,0.));
#7801=CARTESIAN_POINT('',(-23.4999999967044,-66.641428160322,30.7));
#7802=CARTESIAN_POINT('',(-25.000000372529,-64.7678260017865,0.));
#7803=CARTESIAN_POINT('Origin',(-16.4999999967044,-59.4999997317791,0.));
#7804=CARTESIAN_POINT('',(-25.000000372529,-64.7678260017865,2.));
#7805=CARTESIAN_POINT('',(-25.000000372529,-64.7678260017865,30.7));
#7806=CARTESIAN_POINT('',(-16.4999999967044,-69.4999997317791,2.));
#7807=CARTESIAN_POINT('Origin',(-16.4999999967044,-59.4999997317791,2.));
#7808=CARTESIAN_POINT('',(-16.4999999967044,-69.4999997317791,30.7));
#7809=CARTESIAN_POINT('Origin',(29.5000000032956,18.0000002682209,30.7));
#7810=CARTESIAN_POINT('',(29.5000000032956,28.0000002682209,-1.5));
#7811=CARTESIAN_POINT('',(39.5000000032956,18.0000002682209,-1.5));
#7812=CARTESIAN_POINT('Origin',(29.5000000032956,18.0000002682209,-1.5));
#7813=CARTESIAN_POINT('',(29.5000000032956,28.0000002682209,28.7));
#7814=CARTESIAN_POINT('',(29.5000000032956,28.0000002682209,30.7));
#7815=CARTESIAN_POINT('',(39.5000000032956,18.0000002682209,28.7));
#7816=CARTESIAN_POINT('Origin',(29.5000000032956,18.0000002682209,28.7));
#7817=CARTESIAN_POINT('',(39.5000000032956,18.0000002682209,30.7));
#7818=CARTESIAN_POINT('Origin',(38.0000005662441,-69.4999997317791,2.));
#7819=CARTESIAN_POINT('',(38.0000005662441,-1.49999973177909,2.));
#7820=CARTESIAN_POINT('',(38.0000005662441,-69.4999997317791,2.));
#7821=CARTESIAN_POINT('',(38.0000005662441,-1.49999973177909,-5.55111512312578E-16));
#7822=CARTESIAN_POINT('',(38.0000005662441,-1.49999973177909,2.));
#7823=CARTESIAN_POINT('',(38.0000005662441,-69.4999997317791,-5.55111512312578E-16));
#7824=CARTESIAN_POINT('Origin',(-23.4999999967044,-6.4999997317791,0.));
#7825=CARTESIAN_POINT('',(-23.4999999967044,-6.4999997317791,-1.5));
#7826=CARTESIAN_POINT('',(-23.4999999967044,-13.6249997317791,-1.5));
#7827=CARTESIAN_POINT('',(-23.4999999967044,-6.49999973177909,0.));
#7828=CARTESIAN_POINT('',(-23.4999999967044,-6.4999997317791,0.));
#7829=CARTESIAN_POINT('',(-23.4999999967044,-37.9999997317791,0.));
#7830=CARTESIAN_POINT('Origin',(-26.4999999967044,28.0000002682209,0.));
#7831=CARTESIAN_POINT('',(-26.4999999967044,28.0000002682209,-1.5));
#7832=CARTESIAN_POINT('',(-26.4999999967044,28.0000002682209,28.7));
#7833=CARTESIAN_POINT('',(-26.4999999967044,10.7500002533197,13.6));
#7834=CARTESIAN_POINT('Origin',(-26.4999999967044,2.75000025331974,13.6));
#7835=CARTESIAN_POINT('Origin',(6.00000000329564,-37.9999997317791,2.));
#7836=CARTESIAN_POINT('',(5.00000000329561,-69.4999997317791,2.));
#7837=CARTESIAN_POINT('',(-25.000000372529,-1.49999973177909,2.));
#7838=CARTESIAN_POINT('',(-25.000000372529,-69.4999997317791,2.));
#7839=CARTESIAN_POINT('',(-25.000000372529,-1.49999973177909,2.));
#7840=CARTESIAN_POINT('',(-20.4999999967044,-17.4999997317791,2.));
#7841=CARTESIAN_POINT('',(-20.4999999967044,-48.4999997317791,2.));
#7842=CARTESIAN_POINT('',(-20.4999999967044,-35.2499998658895,2.));
#7843=CARTESIAN_POINT('',(32.5000000032957,-48.4999997317791,2.));
#7844=CARTESIAN_POINT('',(19.2500000032956,-48.4999997317791,2.));
#7845=CARTESIAN_POINT('',(32.5000000032957,-17.4999997317791,2.));
#7846=CARTESIAN_POINT('',(32.5000000032957,-35.7499997317791,2.));
#7847=CARTESIAN_POINT('',(-7.24999999670436,-17.4999997317791,2.));
#7848=CARTESIAN_POINT('',(5.43750000329563,-58.9999997317791,2.));
#7849=CARTESIAN_POINT('Origin',(6.50000000329563,-58.9999997317791,2.));
#7850=CARTESIAN_POINT('Origin',(6.50000000329564,-20.7499997317791,-1.5));
#7851=CARTESIAN_POINT('',(39.5000000032956,28.0000002682209,-1.5));
#7852=CARTESIAN_POINT('',(39.5000000032956,-69.4999997317791,-1.5));
#7853=CARTESIAN_POINT('',(36.5000000032956,-6.4999997317791,-1.5));
#7854=CARTESIAN_POINT('',(36.5000000032956,-13.6249997317791,-1.5));
#7855=CARTESIAN_POINT('',(21.0000000032957,-6.4999997317791,-1.5));
#7856=CARTESIAN_POINT('Origin',(39.5000000032956,-69.4999997317791,0.));
#7857=CARTESIAN_POINT('',(39.5000000032956,-69.4999997317791,28.7));
#7858=CARTESIAN_POINT('Origin',(-26.4999999967044,2.75000025331974,13.6));
#7859=CARTESIAN_POINT('',(-23.4999999967044,10.7500002533197,13.6));
#7860=CARTESIAN_POINT('',(-26.4999999967044,10.7500002533197,13.6));
#7861=CARTESIAN_POINT('Origin',(-23.4999999967044,2.75000025331974,13.6));
#7862=CARTESIAN_POINT('Origin',(1.49999985428403,28.0000002682209,9.));
#7863=CARTESIAN_POINT('',(1.49999985428403,25.0000002682209,3.));
#7864=CARTESIAN_POINT('',(1.49999985428403,25.0000002682209,9.));
#7865=CARTESIAN_POINT('',(1.49999985428403,25.0000002682209,6.));
#7866=CARTESIAN_POINT('',(1.49999985428403,28.0000002682209,3.));
#7867=CARTESIAN_POINT('',(1.49999985428403,28.0000002682209,3.));
#7868=CARTESIAN_POINT('',(1.49999985428403,28.0000002682209,9.));
#7869=CARTESIAN_POINT('',(1.49999985428402,28.0000002682209,4.5));
#7870=CARTESIAN_POINT('',(1.49999985428403,28.0000002682209,9.));
#7871=CARTESIAN_POINT('Origin',(11.5000000032956,28.0000002682209,9.));
#7872=CARTESIAN_POINT('',(11.5000000032956,25.0000002682209,9.));
#7873=CARTESIAN_POINT('',(-5.99999999670437,25.0000002682209,9.));
#7874=CARTESIAN_POINT('',(11.5000000032956,28.0000002682209,9.));
#7875=CARTESIAN_POINT('',(25.5000000032956,28.0000002682209,9.));
#7876=CARTESIAN_POINT('',(11.5000000032956,28.0000002682209,9.));
#7877=CARTESIAN_POINT('Origin',(11.5000000032956,28.0000002682209,3.));
#7878=CARTESIAN_POINT('',(11.5000000032956,25.0000002682209,3.));
#7879=CARTESIAN_POINT('',(11.5000000032956,25.0000002682209,3.));
#7880=CARTESIAN_POINT('',(11.5000000032956,28.0000002682209,3.));
#7881=CARTESIAN_POINT('',(11.5000000032956,28.0000002682209,1.5));
#7882=CARTESIAN_POINT('',(11.5000000032956,28.0000002682209,3.));
#7883=CARTESIAN_POINT('Origin',(6.50000000329564,-20.7499997317791,3.));
#7884=CARTESIAN_POINT('',(-3.49999999670436,25.0000002682209,3.));
#7885=CARTESIAN_POINT('',(-8.49999999670437,25.0000002682209,3.));
#7886=CARTESIAN_POINT('',(-3.49999999670436,-7.00000010430813,3.));
#7887=CARTESIAN_POINT('',(-3.49999999670436,-13.8749999180436,3.));
#7888=CARTESIAN_POINT('',(-5.00000007450581,-7.00000010430813,3.));
#7889=CARTESIAN_POINT('',(0.749999964394916,-7.00000010430813,3.));
#7890=CARTESIAN_POINT('',(-5.00000007450581,25.0000002682209,3.));
#7891=CARTESIAN_POINT('',(-5.00000007450581,2.1250002682209,3.));
#7892=CARTESIAN_POINT('',(-8.49999999670437,25.0000002682209,3.));
#7893=CARTESIAN_POINT('',(-19.4999999967044,17.5000002682209,3.));
#7894=CARTESIAN_POINT('Origin',(-19.4999999967044,21.0000002682209,3.));
#7895=CARTESIAN_POINT('',(-23.4999999967044,17.5000002682209,3.));
#7896=CARTESIAN_POINT('',(-8.49999999670436,17.5000002682209,3.));
#7897=CARTESIAN_POINT('',(-23.4999999967044,-11.4999997317791,3.));
#7898=CARTESIAN_POINT('',(-23.4999999967044,-16.1249997317791,3.));
#7899=CARTESIAN_POINT('',(36.5000000032956,-11.4999997317791,3.));
#7900=CARTESIAN_POINT('',(21.5000000032956,-11.4999997317791,3.));
#7901=CARTESIAN_POINT('',(36.5000000032956,2.1250002682209,3.));
#7902=CARTESIAN_POINT('',(29.0000000032956,21.0000002682209,3.));
#7903=CARTESIAN_POINT('Origin',(32.5000000032957,21.0000002682209,3.));
#7904=CARTESIAN_POINT('',(29.0000000032956,25.0000002682209,3.));
#7905=CARTESIAN_POINT('',(29.0000000032956,2.1250002682209,3.));
#7906=CARTESIAN_POINT('',(17.5000000032956,25.0000002682209,3.));
#7907=CARTESIAN_POINT('',(-8.49999999670437,25.0000002682209,3.));
#7908=CARTESIAN_POINT('',(17.5000000032956,-5.4999997317791,3.));
#7909=CARTESIAN_POINT('',(17.5000000032956,-13.1249997317791,3.));
#7910=CARTESIAN_POINT('',(17.5000002607703,-7.00000010430813,3.));
#7911=CARTESIAN_POINT('',(17.5000014408621,-13.8749989739698,3.));
#7912=CARTESIAN_POINT('',(16.0000000032956,-7.00000010430813,3.));
#7913=CARTESIAN_POINT('',(11.2500000032956,-7.00000010430813,3.));
#7914=CARTESIAN_POINT('',(16.0000000032956,25.0000002682209,3.));
#7915=CARTESIAN_POINT('',(16.0000000032956,2.1250002682209,3.));
#7916=CARTESIAN_POINT('',(-8.49999999670437,25.0000002682209,3.));
#7917=CARTESIAN_POINT('',(20.4999999287898,28.0000002682209,3.));
#7918=CARTESIAN_POINT('',(4.00000005960464,-5.4999997317791,3.));
#7919=CARTESIAN_POINT('',(8.50000012665987,-5.4999997317791,3.));
#7920=CARTESIAN_POINT('',(7.50000006497775,-5.4999997317791,3.));
#7921=CARTESIAN_POINT('',(8.50000012665987,-7.00000010430813,3.));
#7922=CARTESIAN_POINT('',(8.50000012665987,-13.8749999180436,3.));
#7923=CARTESIAN_POINT('',(4.00000005960464,-7.00000010430813,3.));
#7924=CARTESIAN_POINT('',(5.25000003145014,-7.00000010430813,3.));
#7925=CARTESIAN_POINT('',(4.00000005960464,-13.1249997317791,3.));
#7926=CARTESIAN_POINT('Origin',(6.50000000329563,-58.9999997317791,4.));
#7927=CARTESIAN_POINT('',(5.43750000329563,-58.9999997317791,4.));
#7928=CARTESIAN_POINT('Origin',(6.50000000329563,-58.9999997317791,4.));
#7929=CARTESIAN_POINT('Origin',(6.25000009313226,9.00000013411045,9.5));
#7930=CARTESIAN_POINT('',(16.0000002384186,-5.50000010430813,9.5));
#7931=CARTESIAN_POINT('',(-3.49999999670436,-5.50000010430813,9.5));
#7932=CARTESIAN_POINT('',(9.25000013783574,-5.50000010430813,9.5));
#7933=CARTESIAN_POINT('',(-3.49999999670436,25.0000002682209,9.5));
#7934=CARTESIAN_POINT('',(-3.49999999670436,-7.00000010430813,9.5));
#7935=CARTESIAN_POINT('',(16.0000000032956,25.0000002682209,9.5));
#7936=CARTESIAN_POINT('',(-5.00000007450581,25.000000372529,9.5));
#7937=CARTESIAN_POINT('',(16.0000000032956,-5.4999997317791,9.5));
#7938=CARTESIAN_POINT('Origin',(16.0000002384186,-7.00000010430813,7.50000011175871));
#7939=CARTESIAN_POINT('',(16.0000002384186,-7.00000010430813,7.50000011175871));
#7940=CARTESIAN_POINT('',(8.50000012665987,-7.00000010430813,7.50000011175871));
#7941=CARTESIAN_POINT('',(16.0000002384186,-7.00000010430813,7.50000011175871));
#7942=CARTESIAN_POINT('',(8.50000012665987,-5.50000010430813,7.50000011175871));
#7943=CARTESIAN_POINT('',(8.50000012665987,-7.00000010430813,7.50000011175871));
#7944=CARTESIAN_POINT('',(16.0000002384186,-5.50000010430813,7.50000011175871));
#7945=CARTESIAN_POINT('',(16.0000002384186,-5.50000010430813,7.50000011175871));
#7946=CARTESIAN_POINT('',(16.0000000032956,9.00000008195638,7.50000011175871));
#7947=CARTESIAN_POINT('Origin',(4.00000005960464,-7.00000010430813,7.50000011175871));
#7948=CARTESIAN_POINT('',(4.00000005960464,-7.00000010430813,7.50000011175871));
#7949=CARTESIAN_POINT('',(-3.49999999670436,-7.00000010430813,7.50000011175871));
#7950=CARTESIAN_POINT('',(16.0000002384186,-7.00000010430813,7.50000011175871));
#7951=CARTESIAN_POINT('',(-3.49999999670436,-5.50000010430813,7.50000011175871));
#7952=CARTESIAN_POINT('',(-3.49999999670436,-7.00000010430813,7.50000011175871));
#7953=CARTESIAN_POINT('',(4.00000005960464,-5.50000010430813,7.50000011175871));
#7954=CARTESIAN_POINT('',(16.0000002384186,-5.50000010430813,7.50000011175871));
#7955=CARTESIAN_POINT('',(4.00000005960464,-6.24999991804361,7.50000011175871));
#7956=CARTESIAN_POINT('Origin',(4.00000005960464,-5.4999997317791,3.));
#7957=CARTESIAN_POINT('',(4.00000005960464,-5.4999997317791,3.));
#7958=CARTESIAN_POINT('',(4.00000005960464,-7.00000010430813,3.));
#7959=CARTESIAN_POINT('Origin',(8.50000012665987,-7.00000010430813,3.));
#7960=CARTESIAN_POINT('',(8.50000012665987,-7.00000010430813,3.));
#7961=CARTESIAN_POINT('',(8.50000012665987,-5.4999997317791,3.));
#7962=CARTESIAN_POINT('Origin',(8.50000012665987,-5.4999997317791,3.));
#7963=CARTESIAN_POINT('',(-3.49999999670436,-5.50000010430813,5.75000002793968));
#7964=CARTESIAN_POINT('',(16.0000000032956,-5.50000010430813,5.75000002793968));
#7965=CARTESIAN_POINT('Origin',(-3.49999999670436,-7.00000010430813,3.));
#7966=CARTESIAN_POINT('',(-3.49999999670436,-7.00000010430813,3.));
#7967=CARTESIAN_POINT('',(-3.49999999670436,25.0000002682209,3.));
#7968=CARTESIAN_POINT('Origin',(-23.4999999967044,25.0000002682209,3.));
#7969=CARTESIAN_POINT('',(16.0000000032956,25.0000002682209,3.));
#7970=CARTESIAN_POINT('Origin',(16.0000000032956,25.0000002682209,3.));
#7971=CARTESIAN_POINT('',(16.0000000032956,-7.00000010430813,3.));
#7972=CARTESIAN_POINT('Origin',(16.0000000032956,-7.00000010430813,3.));
#7973=CARTESIAN_POINT('',(15.0000000032956,-7.00000010430813,10.5));
#7974=CARTESIAN_POINT('',(17.5000002607703,-7.00000010430813,8.));
#7975=CARTESIAN_POINT('Origin',(15.0000000032956,-7.00000010430813,8.));
#7976=CARTESIAN_POINT('',(-2.50000007450581,-7.00000010430813,10.5));
#7977=CARTESIAN_POINT('',(17.5000002607703,-7.00000010430813,10.5));
#7978=CARTESIAN_POINT('',(-5.00000007450581,-7.00000010430813,8.));
#7979=CARTESIAN_POINT('Origin',(-2.50000007450581,-7.00000010430813,8.));
#7980=CARTESIAN_POINT('',(-5.00000007450581,-7.00000010430813,3.));
#7981=CARTESIAN_POINT('',(17.5000002607703,-7.00000010430813,3.));
#7982=CARTESIAN_POINT('Origin',(17.5000002607703,-7.00000010430813,3.));
#7983=CARTESIAN_POINT('',(17.5000000032956,-5.4999997317791,8.));
#7984=CARTESIAN_POINT('',(17.4999987588349,1.75000063028982,8.));
#7985=CARTESIAN_POINT('',(17.5000000032956,-5.4999997317791,3.));
#7986=CARTESIAN_POINT('Origin',(32.5000000032957,21.0000002682209,3.));
#7987=CARTESIAN_POINT('',(29.0000000032956,21.0000002682209,18.));
#7988=CARTESIAN_POINT('Origin',(-19.4999999967044,21.0000002682209,3.));
#7989=CARTESIAN_POINT('',(-19.4999999967044,17.5000002682209,18.));
#7990=CARTESIAN_POINT('Origin',(32.6504599703534,-62.2322181572618,18.));
#7991=CARTESIAN_POINT('',(28.9247903715549,-62.4996287795649,5.5));
#7992=CARTESIAN_POINT('',(32.4999009293782,-58.499999731779,5.5));
#7993=CARTESIAN_POINT('Origin',(32.6504599703534,-62.2322181572618,5.5));
#7994=CARTESIAN_POINT('',(28.9247903715549,-62.4996287795649,25.5));
#7995=CARTESIAN_POINT('',(28.9247903715549,-62.4996287795649,18.));
#7996=CARTESIAN_POINT('',(32.4999009293782,-58.499999731779,25.5));
#7997=CARTESIAN_POINT('Origin',(32.6504599703534,-62.2322181572618,25.5));
#7998=CARTESIAN_POINT('',(32.4999009293782,-58.499999731779,18.));
#7999=CARTESIAN_POINT('Origin',(32.4999009293782,-58.4999997317791,18.));
#8000=CARTESIAN_POINT('',(36.5000000032956,-58.4999997317791,5.5));
#8001=CARTESIAN_POINT('',(6.37495046633694,-58.4999997317791,5.5));
#8002=CARTESIAN_POINT('',(36.5000000032956,-58.4999997317791,25.5));
#8003=CARTESIAN_POINT('',(32.4999009293782,-58.4999997317791,25.5));
#8004=CARTESIAN_POINT('',(36.5000000032956,-58.4999997317791,10.5));
#8005=CARTESIAN_POINT('Origin',(17.5000000032956,-5.4999997317791,3.));
#8006=CARTESIAN_POINT('',(17.5000000032956,25.0000002682209,8.));
#8007=CARTESIAN_POINT('',(17.5000000032956,1.75000020116567,8.));
#8008=CARTESIAN_POINT('',(17.5000000032956,25.0000002682209,3.));
#8009=CARTESIAN_POINT('Origin',(15.0000000032956,1.75000020116567,8.));
#8010=CARTESIAN_POINT('',(15.0000000032956,25.000000372529,10.5));
#8011=CARTESIAN_POINT('Origin',(15.0000000032956,25.0000002682209,8.));
#8012=CARTESIAN_POINT('',(15.0000000032956,1.75000020116567,10.5));
#8013=CARTESIAN_POINT('Origin',(6.25000009313226,9.00000013411045,10.5));
#8014=CARTESIAN_POINT('',(-2.50000007450581,25.000000372529,10.5));
#8015=CARTESIAN_POINT('',(-5.00000007450581,25.000000372529,10.5));
#8016=CARTESIAN_POINT('',(-2.50000007450581,17.0000002011657,10.5));
#8017=CARTESIAN_POINT('Origin',(-2.50000007450581,17.0000002011657,8.));
#8018=CARTESIAN_POINT('',(-5.00000007450581,25.0000002682209,8.));
#8019=CARTESIAN_POINT('Origin',(-2.50000007450581,25.0000002682209,8.));
#8020=CARTESIAN_POINT('',(-5.00000007450581,17.0000002011657,8.));
#8021=CARTESIAN_POINT('Origin',(-5.00000007450581,25.0000002682209,3.));
#8022=CARTESIAN_POINT('',(-5.00000007450581,25.0000002682209,3.));
#8023=CARTESIAN_POINT('Origin',(29.0000000032956,25.0000002682209,3.));
#8024=CARTESIAN_POINT('',(29.0000000032956,25.0000002682209,18.));
#8025=CARTESIAN_POINT('Origin',(36.5000000032956,-11.4999997317791,3.));
#8026=CARTESIAN_POINT('',(36.5000000032956,-11.4999997317791,14.));
#8027=CARTESIAN_POINT('',(-23.4999999967044,-11.4999997317791,14.));
#8028=CARTESIAN_POINT('',(21.5000000032956,-11.4999997317791,14.));
#8029=CARTESIAN_POINT('',(36.5000000032956,-11.4999997317791,3.));
#8030=CARTESIAN_POINT('',(-23.4999999967044,-11.4999997317791,3.));
#8031=CARTESIAN_POINT('Origin',(-23.4999999967044,-54.4999997317791,3.));
#8032=CARTESIAN_POINT('',(-23.4999999967044,-54.4999997317791,5.5));
#8033=CARTESIAN_POINT('',(36.5000000032956,-54.4999997317791,5.5));
#8034=CARTESIAN_POINT('',(-8.49999999670436,-54.4999997317791,5.5));
#8035=CARTESIAN_POINT('',(36.5000000032956,-54.4999997317791,14.));
#8036=CARTESIAN_POINT('',(36.5000000032956,-54.4999997317791,3.));
#8037=CARTESIAN_POINT('',(-23.4999999967044,-54.4999997317791,14.));
#8038=CARTESIAN_POINT('',(-8.49999999670436,-54.4999997317791,14.));
#8039=CARTESIAN_POINT('',(-23.4999999967044,-54.4999997317791,3.));
#8040=CARTESIAN_POINT('Origin',(-23.4999999967044,17.5000002682209,3.));
#8041=CARTESIAN_POINT('',(-23.4999999967044,17.5000002682209,18.));
#8042=CARTESIAN_POINT('Origin',(32.7076029897817,-62.2499997317791,25.5));
#8043=CARTESIAN_POINT('',(28.9247903715549,-65.9999997317791,25.5));
#8044=CARTESIAN_POINT('',(28.9247903715549,-65.9999997317791,25.5));
#8045=CARTESIAN_POINT('',(36.5000000032956,-65.9999997317791,25.5));
#8046=CARTESIAN_POINT('',(34.6038014965387,-65.9999997317791,25.5));
#8047=CARTESIAN_POINT('',(36.5000000032956,-18.6249997317791,25.5));
#8048=CARTESIAN_POINT('Origin',(-15.9999999967044,-61.9999996551446,18.));
#8049=CARTESIAN_POINT('',(-15.9999999967044,-65.9999997317791,5.5));
#8050=CARTESIAN_POINT('',(-15.9999999967044,-65.9999997317791,18.));
#8051=CARTESIAN_POINT('',(-15.9999999967044,-62.3749996934618,5.5));
#8052=CARTESIAN_POINT('Origin',(-19.7499999967044,-62.7499997317791,5.5));
#8053=CARTESIAN_POINT('',(28.9247903715549,-65.9999997317791,5.5));
#8054=CARTESIAN_POINT('',(-21.6249999967044,-65.9999997317791,5.5));
#8055=CARTESIAN_POINT('',(28.9247903715549,-64.3749997317791,5.5));
#8056=CARTESIAN_POINT('',(36.5000000032956,2.1250002682209,5.5));
#8057=CARTESIAN_POINT('',(-23.4999999967044,-16.1249997317791,5.5));
#8058=CARTESIAN_POINT('Origin',(28.9247903715549,-65.9999997317791,18.));
#8059=CARTESIAN_POINT('',(28.9247903715549,-65.9999997317791,10.5));
#8060=CARTESIAN_POINT('Origin',(30.5000000032956,-38.9999997317791,18.));
#8061=CARTESIAN_POINT('',(30.5000000032956,-42.9999997317791,17.));
#8062=CARTESIAN_POINT('',(30.5000000032956,-38.9999997317791,17.));
#8063=CARTESIAN_POINT('',(30.5000000032956,-39.9999997317791,17.));
#8064=CARTESIAN_POINT('',(30.5000000032956,-38.9999997317791,19.));
#8065=CARTESIAN_POINT('',(30.5000000032956,-38.9999997317791,18.));
#8066=CARTESIAN_POINT('',(30.5000000032956,-42.9999997317791,19.));
#8067=CARTESIAN_POINT('',(30.5000000032956,-38.9999997317791,19.));
#8068=CARTESIAN_POINT('',(30.5000000032956,-42.9999997317791,18.));
#8069=CARTESIAN_POINT('Origin',(-18.4999999967044,-42.9999997317791,18.));
#8070=CARTESIAN_POINT('',(-18.4999999967044,-38.9999997317791,17.));
#8071=CARTESIAN_POINT('',(-18.4999999967044,-42.9999997317791,17.));
#8072=CARTESIAN_POINT('',(-18.4999999967044,-41.9999997317791,17.));
#8073=CARTESIAN_POINT('',(-18.4999999967044,-42.9999997317791,19.));
#8074=CARTESIAN_POINT('',(-18.4999999967044,-42.9999997317791,18.));
#8075=CARTESIAN_POINT('',(-18.4999999967044,-38.9999997317791,19.));
#8076=CARTESIAN_POINT('',(-18.4999999967044,-38.9999997317791,19.));
#8077=CARTESIAN_POINT('',(-18.4999999967044,-38.9999997317791,18.));
#8078=CARTESIAN_POINT('Origin',(-8.49999999670436,-49.4999997317791,14.));
#8079=CARTESIAN_POINT('',(-23.4999999967044,-49.4999997317791,19.));
#8080=CARTESIAN_POINT('Origin',(-23.4999999967044,-49.4999997317791,14.));
#8081=CARTESIAN_POINT('',(36.5000000032956,-49.4999997317791,19.));
#8082=CARTESIAN_POINT('Origin',(36.5000000032956,-49.4999997317791,14.));
#8083=CARTESIAN_POINT('',(-8.49999999670436,-49.4999997317791,19.));
#8084=CARTESIAN_POINT('Origin',(21.5000000032956,-16.4999997317791,14.));
#8085=CARTESIAN_POINT('',(36.5000000032956,-16.4999997317791,19.));
#8086=CARTESIAN_POINT('Origin',(36.5000000032956,-16.4999997317791,14.));
#8087=CARTESIAN_POINT('',(-23.4999999967044,-16.4999997317791,19.));
#8088=CARTESIAN_POINT('Origin',(-23.4999999967044,-16.4999997317791,14.));
#8089=CARTESIAN_POINT('',(21.5000000032956,-16.4999997317791,19.));
#8090=CARTESIAN_POINT('Origin',(-18.4999999967044,-26.9999997317791,18.));
#8091=CARTESIAN_POINT('',(-18.4999999967044,-22.9999997317791,17.));
#8092=CARTESIAN_POINT('',(-18.4999999967044,-26.9999997317791,17.));
#8093=CARTESIAN_POINT('',(-18.4999999967044,-25.9999997988343,17.));
#8094=CARTESIAN_POINT('',(-18.4999999967044,-26.9999997317791,19.));
#8095=CARTESIAN_POINT('',(-18.4999999967044,-26.9999997317791,18.));
#8096=CARTESIAN_POINT('',(-18.4999999967044,-22.9999997317791,19.));
#8097=CARTESIAN_POINT('',(-18.4999999967044,-26.9999997317791,19.));
#8098=CARTESIAN_POINT('',(-18.4999999967044,-22.9999997317791,18.));
#8099=CARTESIAN_POINT('Origin',(30.5000000032956,-22.9999997317791,18.));
#8100=CARTESIAN_POINT('',(30.5000000032956,-26.9999997317791,17.));
#8101=CARTESIAN_POINT('',(30.5000000032956,-22.9999997317791,17.));
#8102=CARTESIAN_POINT('',(30.5000000032956,-23.9999997988343,17.));
#8103=CARTESIAN_POINT('',(30.5000000032956,-22.9999997317791,19.));
#8104=CARTESIAN_POINT('',(30.5000000032956,-22.9999997317791,18.));
#8105=CARTESIAN_POINT('',(30.5000000032956,-26.9999997317791,19.));
#8106=CARTESIAN_POINT('',(30.5000000032956,-22.9999997317791,19.));
#8107=CARTESIAN_POINT('',(30.5000000032956,-26.9999997317791,18.));
#8108=CARTESIAN_POINT('Origin',(35.5000000032957,-6.4999997317791,0.));
#8109=CARTESIAN_POINT('',(36.5000000032956,-6.49999973177909,-5.55111512312578E-16));
#8110=CARTESIAN_POINT('',(36.7500002847699,-6.4999997317791,-5.55111512312578E-16));
#8111=CARTESIAN_POINT('',(36.5000000032956,-6.4999997317791,0.));
#8112=CARTESIAN_POINT('Origin',(39.5000000032956,28.0000002682209,0.));
#8113=CARTESIAN_POINT('',(39.5000000032956,28.0000002682209,28.7));
#8114=CARTESIAN_POINT('Origin',(36.5000000032956,25.0000002682209,3.));
#8115=CARTESIAN_POINT('',(36.5000000032956,-54.4999997317791,19.));
#8116=CARTESIAN_POINT('',(36.5000000032956,-65.9999997317791,28.7));
#8117=CARTESIAN_POINT('',(36.5000000032956,-65.9999997317791,10.5));
#8118=CARTESIAN_POINT('',(36.5000000032956,25.0000002682209,28.7));
#8119=CARTESIAN_POINT('',(36.5000000032956,17.5000002682209,28.7));
#8120=CARTESIAN_POINT('',(36.5000000032956,25.0000002682209,23.));
#8121=CARTESIAN_POINT('Origin',(-23.4999999967044,25.0000002682209,3.));
#8122=CARTESIAN_POINT('',(-23.4999999967044,25.0000002682209,28.7));
#8123=CARTESIAN_POINT('',(36.5000000032956,25.0000002682209,28.7));
#8124=CARTESIAN_POINT('',(-23.4999999967044,25.0000002682209,23.));
#8125=CARTESIAN_POINT('Origin',(-23.4999999967044,-11.4999997317791,3.));
#8126=CARTESIAN_POINT('',(-23.4999999967044,-65.9999997317791,28.7));
#8127=CARTESIAN_POINT('',(-23.4999999967044,-16.1249997317791,28.7));
#8128=CARTESIAN_POINT('',(-23.4999999967044,-65.9999997317791,3.));
#8129=CARTESIAN_POINT('',(-23.4999999967044,-11.4999997317791,19.));
#8130=CARTESIAN_POINT('Origin',(36.5000000032957,-65.9999997317791,3.));
#8131=CARTESIAN_POINT('',(-23.4999999967044,-65.9999997317791,28.7));
#8132=CARTESIAN_POINT('Origin',(32.5000000032957,-22.9999997317791,18.));
#8133=CARTESIAN_POINT('',(32.5000000032957,-22.9999997317791,17.));
#8134=CARTESIAN_POINT('',(19.2500000032956,-22.9999997317791,17.));
#8135=CARTESIAN_POINT('',(32.5000000032957,-22.9999997317791,19.));
#8136=CARTESIAN_POINT('',(32.5000000032957,-22.9999997317791,10.5));
#8137=CARTESIAN_POINT('',(32.5000000032957,-22.9999997317791,19.));
#8138=CARTESIAN_POINT('Origin',(30.5000000032956,-26.9999997317791,18.));
#8139=CARTESIAN_POINT('',(32.5000000032957,-26.9999997317791,17.));
#8140=CARTESIAN_POINT('',(18.2500000032956,-26.9999997317791,17.));
#8141=CARTESIAN_POINT('',(32.5000000032957,-26.9999997317791,19.));
#8142=CARTESIAN_POINT('',(30.5000000032956,-26.9999997317791,19.));
#8143=CARTESIAN_POINT('',(32.5000000032957,-26.9999997317791,10.5));
#8144=CARTESIAN_POINT('Origin',(32.5000000032957,-38.9999997317791,18.));
#8145=CARTESIAN_POINT('',(32.5000000032957,-38.9999997317791,17.));
#8146=CARTESIAN_POINT('',(19.2500000032956,-38.9999997317791,17.));
#8147=CARTESIAN_POINT('',(32.5000000032957,-38.9999997317791,19.));
#8148=CARTESIAN_POINT('',(32.5000000032957,-38.9999997317791,10.5));
#8149=CARTESIAN_POINT('',(32.5000000032957,-38.9999997317791,19.));
#8150=CARTESIAN_POINT('Origin',(30.5000000032956,-42.9999997317791,18.));
#8151=CARTESIAN_POINT('',(32.5000000032957,-42.9999997317791,17.));
#8152=CARTESIAN_POINT('',(18.2500000032956,-42.9999997317791,17.));
#8153=CARTESIAN_POINT('',(32.5000000032957,-42.9999997317791,19.));
#8154=CARTESIAN_POINT('',(30.5000000032956,-42.9999997317791,19.));
#8155=CARTESIAN_POINT('',(32.5000000032957,-42.9999997317791,10.5));
#8156=CARTESIAN_POINT('Origin',(-20.4999999967044,-42.9999997317791,18.));
#8157=CARTESIAN_POINT('',(-20.4999999967044,-42.9999997317791,17.));
#8158=CARTESIAN_POINT('',(-7.24999999670436,-42.9999997317791,17.));
#8159=CARTESIAN_POINT('',(-20.4999999967044,-42.9999997317791,19.));
#8160=CARTESIAN_POINT('',(-20.4999999967044,-42.9999997317791,10.5));
#8161=CARTESIAN_POINT('',(-18.4999999967044,-42.9999997317791,19.));
#8162=CARTESIAN_POINT('Origin',(-18.4999999967044,-38.9999997317791,18.));
#8163=CARTESIAN_POINT('',(-20.4999999967044,-38.9999997317791,17.));
#8164=CARTESIAN_POINT('',(-6.24999999670436,-38.9999997317791,17.));
#8165=CARTESIAN_POINT('',(-20.4999999967044,-38.9999997317791,19.));
#8166=CARTESIAN_POINT('',(-18.4999999967044,-38.9999997317791,19.));
#8167=CARTESIAN_POINT('',(-20.4999999967044,-38.9999997317791,10.5));
#8168=CARTESIAN_POINT('Origin',(6.00000000329564,-40.9999997317791,17.));
#8169=CARTESIAN_POINT('',(-20.4999999967044,-47.4999997317791,17.));
#8170=CARTESIAN_POINT('',(32.5000000032957,-47.4999997317791,17.));
#8171=CARTESIAN_POINT('',(19.2500000032956,-47.4999997317791,17.));
#8172=CARTESIAN_POINT('',(-20.4999999967044,-9.4999997317791,17.));
#8173=CARTESIAN_POINT('',(-20.4999999967044,-34.4999997317791,17.));
#8174=CARTESIAN_POINT('',(-20.4999999967044,-9.4999997317791,17.));
#8175=CARTESIAN_POINT('',(32.5000000032957,-34.4999997317791,17.));
#8176=CARTESIAN_POINT('',(-7.24999999670436,-34.4999997317791,17.));
#8177=CARTESIAN_POINT('',(32.5000000032957,-69.4999997317791,17.));
#8178=CARTESIAN_POINT('',(32.5000000032957,-69.4999997317791,17.));
#8179=CARTESIAN_POINT('Origin',(-7.24999999670436,-34.4999997317791,16.));
#8180=CARTESIAN_POINT('',(-20.4999999967044,-33.4999997317791,16.));
#8181=CARTESIAN_POINT('Origin',(-20.4999999967044,-34.4999997317791,16.));
#8182=CARTESIAN_POINT('',(32.5000000032957,-33.4999997317791,16.));
#8183=CARTESIAN_POINT('',(-7.24999999670436,-33.4999997317791,16.));
#8184=CARTESIAN_POINT('Origin',(32.5000000032957,-34.4999997317791,16.));
#8185=CARTESIAN_POINT('Origin',(-20.4999999967044,-33.4999997317791,18.));
#8186=CARTESIAN_POINT('',(-20.4999999967044,-33.4999997317791,15.));
#8187=CARTESIAN_POINT('',(-20.4999999967044,-33.4999997317791,18.));
#8188=CARTESIAN_POINT('',(32.5000000032957,-33.4999997317791,15.));
#8189=CARTESIAN_POINT('',(-7.24999999670436,-33.4999997317791,15.));
#8190=CARTESIAN_POINT('',(32.5000000032957,-33.4999997317791,18.));
#8191=CARTESIAN_POINT('Origin',(6.00000000329564,-32.9999997317791,15.));
#8192=CARTESIAN_POINT('',(-20.4999999967044,-32.5,15.));
#8193=CARTESIAN_POINT('',(-20.4999999967044,-9.4999997317791,15.));
#8194=CARTESIAN_POINT('',(32.5000000032957,-32.4999997317791,15.));
#8195=CARTESIAN_POINT('',(19.2500000020305,-32.4999997988343,15.));
#8196=CARTESIAN_POINT('',(32.5000000032957,-69.4999997317791,15.));
#8197=CARTESIAN_POINT('Origin',(32.5000000032957,-32.4999997317791,18.));
#8198=CARTESIAN_POINT('',(32.5000000032957,-32.4999997317791,16.));
#8199=CARTESIAN_POINT('',(-20.4999999967044,-32.5,16.));
#8200=CARTESIAN_POINT('',(19.2500000222735,-32.4999997988343,16.));
#8201=CARTESIAN_POINT('',(32.5000000032957,-32.4999997317791,18.));
#8202=CARTESIAN_POINT('',(-20.4999999967044,-32.5,18.));
#8203=CARTESIAN_POINT('Origin',(19.2500000172128,-31.4999997988343,16.));
#8204=CARTESIAN_POINT('',(32.5000000032957,-31.4999997317791,17.));
#8205=CARTESIAN_POINT('Origin',(32.5000000032957,-31.4999997317791,16.));
#8206=CARTESIAN_POINT('',(-20.4999999967044,-31.5,17.));
#8207=CARTESIAN_POINT('Origin',(-20.4999999967044,-31.5,16.));
#8208=CARTESIAN_POINT('',(19.2500000172128,-31.4999997988343,17.));
#8209=CARTESIAN_POINT('Origin',(-20.4999999967044,-26.9999997317791,18.));
#8210=CARTESIAN_POINT('',(-20.4999999967044,-26.9999997317791,17.));
#8211=CARTESIAN_POINT('',(-7.24999999670436,-26.9999997317791,17.));
#8212=CARTESIAN_POINT('',(-20.4999999967044,-26.9999997317791,19.));
#8213=CARTESIAN_POINT('',(-20.4999999967044,-26.9999997317791,10.5));
#8214=CARTESIAN_POINT('',(-20.4999999967044,-26.9999997317791,19.));
#8215=CARTESIAN_POINT('Origin',(6.50000000329564,-32.9999997317791,19.));
#8216=CARTESIAN_POINT('',(-20.4999999967044,-41.,19.));
#8217=CARTESIAN_POINT('',(-20.4999999967044,-22.9999997317791,19.));
#8218=CARTESIAN_POINT('',(-20.4999999967044,-22.9999997317791,19.));
#8219=CARTESIAN_POINT('',(-18.4999999967044,-22.9999997317791,19.));
#8220=CARTESIAN_POINT('',(32.5000000032957,-42.9999997317791,19.));
#8221=CARTESIAN_POINT('',(32.5000000032957,-32.4999997317791,19.));
#8222=CARTESIAN_POINT('Origin',(-18.4999999967044,-22.9999997317791,18.));
#8223=CARTESIAN_POINT('',(-20.4999999967044,-22.9999997317791,17.));
#8224=CARTESIAN_POINT('',(-6.24999999670436,-22.9999997317791,17.));
#8225=CARTESIAN_POINT('',(-20.4999999967044,-22.9999997317791,10.5));
#8226=CARTESIAN_POINT('Origin',(6.00000000329564,-24.9999998658896,17.));
#8227=CARTESIAN_POINT('',(32.5000000032957,-18.4999997317791,17.));
#8228=CARTESIAN_POINT('',(-20.4999999967044,-18.4999997317791,17.));
#8229=CARTESIAN_POINT('',(-7.24999999670436,-18.4999997317791,17.));
#8230=CARTESIAN_POINT('',(32.5000000032957,-69.4999997317791,17.));
#8231=CARTESIAN_POINT('',(32.5000000032957,-69.4999997317791,17.));
#8232=CARTESIAN_POINT('',(-20.4999999967044,-9.4999997317791,17.));
#8233=CARTESIAN_POINT('',(-20.4999999967044,-9.4999997317791,17.));
#8234=CARTESIAN_POINT('Origin',(-7.24999999670436,-18.4999997317791,16.));
#8235=CARTESIAN_POINT('',(-20.4999999967044,-17.4999997317791,16.));
#8236=CARTESIAN_POINT('Origin',(-20.4999999967044,-18.4999997317791,16.));
#8237=CARTESIAN_POINT('',(32.5000000032957,-17.4999997317791,16.));
#8238=CARTESIAN_POINT('',(-7.24999999670436,-17.4999997317791,16.));
#8239=CARTESIAN_POINT('Origin',(32.5000000032957,-18.4999997317791,16.));
#8240=CARTESIAN_POINT('Origin',(19.2500000032956,-47.4999997317791,16.));
#8241=CARTESIAN_POINT('',(32.5000000032957,-48.4999997317791,16.));
#8242=CARTESIAN_POINT('Origin',(32.5000000032957,-47.4999997317791,16.));
#8243=CARTESIAN_POINT('',(-20.4999999967044,-48.4999997317791,16.));
#8244=CARTESIAN_POINT('',(19.2500000032956,-48.4999997317791,16.));
#8245=CARTESIAN_POINT('Origin',(-20.4999999967044,-47.4999997317791,16.));
#8246=CARTESIAN_POINT('Origin',(36.5000000032956,-6.4999997317791,2.));
#8247=CARTESIAN_POINT('',(36.5000000032956,-37.9999997317791,-5.55111512312578E-16));
#8248=CARTESIAN_POINT('Origin',(38.0000005662441,-69.4999997317791,-5.55111512312578E-16));
#8249=CARTESIAN_POINT('',(-25.000000372529,-1.49999973177909,-5.55111512312578E-16));
#8250=CARTESIAN_POINT('',(38.0000005662441,-1.49999973177909,-5.55111512312578E-16));
#8251=CARTESIAN_POINT('',(-25.000000372529,-69.4999997317791,0.));
#8252=CARTESIAN_POINT('Origin',(6.50000000329564,-20.7499997317791,28.7));
#8253=CARTESIAN_POINT('',(-26.4999999967044,-69.4999997317791,28.7));
#8254=CARTESIAN_POINT('Origin',(-20.4999999967044,-17.4999997317791,18.));
#8255=CARTESIAN_POINT('',(-20.4999999967044,-17.4999997317791,18.));
#8256=CARTESIAN_POINT('',(32.5000000032957,-17.4999997317791,18.));
#8257=CARTESIAN_POINT('Origin',(32.5000000032957,-22.9999997317791,3.));
#8258=CARTESIAN_POINT('',(32.5000000032957,-48.4999997317791,18.));
#8259=CARTESIAN_POINT('Origin',(32.5000000032957,-48.4999997317791,18.));
#8260=CARTESIAN_POINT('',(-20.4999999967044,-48.4999997317791,18.));
#8261=CARTESIAN_POINT('Origin',(-20.4999999967044,-26.9999997317791,3.));
#8262=CARTESIAN_POINT('Origin',(6.50000009685755,-1.49999973177909,1.));
#8263=CARTESIAN_POINT('',(-25.000000372529,-1.49999973177909,-5.55111512312578E-16));
#8264=CARTESIAN_POINT('Origin',(-25.000000372529,-69.4999997317791,0.));
#8265=CARTESIAN_POINT('Origin',(-26.4999999967044,-69.4999997317791,0.));
#8266=CARTESIAN_POINT('Origin',(6.50000000329563,-58.9999997317791,-1.5));
#8267=CARTESIAN_POINT('',(5.43750000329563,-58.9999997317791,-1.5));
#8268=CARTESIAN_POINT('Origin',(99.5000000032957,-59.4999997317791,30.7));
#8269=CARTESIAN_POINT('',(106.500000566244,-66.6414276085221,-1.5));
#8270=CARTESIAN_POINT('',(99.5000000032957,-69.4999997317791,-1.5));
#8271=CARTESIAN_POINT('Origin',(99.5000000032957,-59.4999997317791,-1.5));
#8272=CARTESIAN_POINT('',(106.500000566244,-66.6414276085221,0.));
#8273=CARTESIAN_POINT('',(106.500000566244,-66.6414276085221,30.7));
#8274=CARTESIAN_POINT('',(108.000000566244,-64.7678256998494,0.));
#8275=CARTESIAN_POINT('Origin',(99.5000000032957,-59.4999997317791,0.));
#8276=CARTESIAN_POINT('',(108.000000566244,-64.7678256998494,2.));
#8277=CARTESIAN_POINT('',(108.000000566244,-64.7678256998494,30.7));
#8278=CARTESIAN_POINT('',(99.5000000032957,-69.4999997317791,2.));
#8279=CARTESIAN_POINT('Origin',(99.5000000032957,-59.4999997317791,2.));
#8280=CARTESIAN_POINT('',(99.5000000032957,-69.4999997317791,30.7));
#8281=CARTESIAN_POINT('Origin',(53.5000000032956,-59.4999997317791,30.7));
#8282=CARTESIAN_POINT('',(44.999999627471,-64.7678260017865,2.));
#8283=CARTESIAN_POINT('',(53.5000000032956,-69.4999997317791,2.));
#8284=CARTESIAN_POINT('Origin',(53.5000000032956,-59.4999997317791,2.));
#8285=CARTESIAN_POINT('',(44.999999627471,-64.7678260017865,0.));
#8286=CARTESIAN_POINT('',(44.999999627471,-64.7678260017865,30.7));
#8287=CARTESIAN_POINT('',(46.5000005662441,-66.6414287121218,0.));
#8288=CARTESIAN_POINT('Origin',(53.5000000032956,-59.4999997317791,0.));
#8289=CARTESIAN_POINT('',(46.5000005662441,-66.6414287121218,-1.5));
#8290=CARTESIAN_POINT('',(46.5000005662441,-66.6414287121218,30.7));
#8291=CARTESIAN_POINT('',(53.5000000032956,-69.4999997317791,-1.5));
#8292=CARTESIAN_POINT('Origin',(53.5000000032956,-59.4999997317791,-1.5));
#8293=CARTESIAN_POINT('',(53.5000000032956,-69.4999997317791,30.7));
#8294=CARTESIAN_POINT('Origin',(106.500000566244,-6.49999973177909,-5.55111512312578E-16));
#8295=CARTESIAN_POINT('',(106.500000566244,-6.49999973177909,-1.5));
#8296=CARTESIAN_POINT('',(106.500000566244,-69.4999997317791,-1.5));
#8297=CARTESIAN_POINT('',(106.500000566244,-6.49999973177909,-5.55111512312578E-16));
#8298=CARTESIAN_POINT('',(106.500000566244,-6.49999973177909,-5.55111512312578E-16));
#8299=CARTESIAN_POINT('',(106.500000566244,-3.99999973177909,-5.55111512312578E-16));
#8300=CARTESIAN_POINT('Origin',(44.999999627471,-1.49999973177909,2.));
#8301=CARTESIAN_POINT('',(44.999999627471,-1.49999973177909,2.));
#8302=CARTESIAN_POINT('',(44.999999627471,-1.49999973177909,2.));
#8303=CARTESIAN_POINT('',(44.999999627471,-1.49999973177909,-5.55111512312578E-16));
#8304=CARTESIAN_POINT('',(44.999999627471,-1.49999973177909,-5.55111512312578E-16));
#8305=CARTESIAN_POINT('',(44.999999627471,-1.49999973177909,-5.55111512312578E-16));
#8306=CARTESIAN_POINT('Origin',(76.5000000968575,-69.4999997317791,1.));
#8307=CARTESIAN_POINT('',(44.999999627471,-69.4999997317791,2.));
#8308=CARTESIAN_POINT('',(46.5000005662441,-69.4999997317791,-1.5));
#8309=CARTESIAN_POINT('Origin',(76.5000005662441,-37.9999997317791,-1.5));
#8310=CARTESIAN_POINT('',(46.5000005662441,-6.49999973177909,-1.5));
#8311=CARTESIAN_POINT('',(46.5000005662441,-6.49999973177909,-1.5));
#8312=CARTESIAN_POINT('',(106.500000566244,-6.49999973177909,-1.5));
#8313=CARTESIAN_POINT('',(74.4375005662441,-58.9999997317791,-1.5));
#8314=CARTESIAN_POINT('Origin',(76.5000005662441,-58.9999997317791,-1.5));
#8315=CARTESIAN_POINT('',(77.5000001117587,-15.500000230968,-1.5));
#8316=CARTESIAN_POINT('',(77.5000001117587,-14.4999997317791,-1.5));
#8317=CARTESIAN_POINT('',(77.5000001117587,-26.7499999813735,-1.5));
#8318=CARTESIAN_POINT('',(75.5000000819564,-14.4999997317791,-1.5));
#8319=CARTESIAN_POINT('',(77.0000003390014,-14.4999997317791,-1.5));
#8320=CARTESIAN_POINT('',(75.5000000819564,-15.500000230968,-1.5));
#8321=CARTESIAN_POINT('',(75.5000000819564,-26.2499997317791,-1.5));
#8322=CARTESIAN_POINT('',(74.5000000670552,-15.500000230968,-1.5));
#8323=CARTESIAN_POINT('',(76.0000003241003,-15.500000230968,-1.5));
#8324=CARTESIAN_POINT('',(74.5000000670552,-16.5000002458692,-1.5));
#8325=CARTESIAN_POINT('',(74.5000000670552,-26.7499999813735,-1.5));
#8326=CARTESIAN_POINT('',(73.5000000521541,-16.5000002458692,-1.5));
#8327=CARTESIAN_POINT('',(75.5000003166497,-16.5000002458692,-1.5));
#8328=CARTESIAN_POINT('',(73.5000000521541,-17.5000002607703,-1.5));
#8329=CARTESIAN_POINT('',(73.5000000521541,-27.2499999888241,-1.5));
#8330=CARTESIAN_POINT('',(72.5000005662441,-17.5000002607703,-1.5));
#8331=CARTESIAN_POINT('',(75.0000003091991,-17.5000002607703,-1.5));
#8332=CARTESIAN_POINT('',(72.5000005662441,-18.4999997317791,-1.5));
#8333=CARTESIAN_POINT('',(72.5000005662441,-27.7499999962747,-1.5));
#8334=CARTESIAN_POINT('',(71.5000000223517,-18.4999997317791,-1.5));
#8335=CARTESIAN_POINT('',(74.5000005662441,-18.4999997317791,-1.5));
#8336=CARTESIAN_POINT('',(71.5000000223517,-19.5000002905726,-1.5));
#8337=CARTESIAN_POINT('',(71.5000000223517,-28.2499997317791,-1.5));
#8338=CARTESIAN_POINT('',(70.5000000074506,-19.5000002905726,-1.5));
#8339=CARTESIAN_POINT('',(74.0000002942979,-19.5000002905726,-1.5));
#8340=CARTESIAN_POINT('',(70.5000000074506,-20.5000003054738,-1.5));
#8341=CARTESIAN_POINT('',(70.5000000074506,-28.7500000111759,-1.5));
#8342=CARTESIAN_POINT('',(69.4999999925494,-20.5000003054738,-1.5));
#8343=CARTESIAN_POINT('',(73.5000002868474,-20.5000003054738,-1.5));
#8344=CARTESIAN_POINT('',(69.4999999925494,-21.500000320375,-1.5));
#8345=CARTESIAN_POINT('',(69.4999999925494,-29.2500000186265,-1.5));
#8346=CARTESIAN_POINT('',(68.5000005662441,-21.500000320375,-1.5));
#8347=CARTESIAN_POINT('',(73.0000002793968,-21.500000320375,-1.5));
#8348=CARTESIAN_POINT('',(68.5000005662441,-22.4999997317791,-1.5));
#8349=CARTESIAN_POINT('',(68.5000005662441,-29.750000026077,-1.5));
#8350=CARTESIAN_POINT('',(84.5000005662441,-22.4999997317791,-1.5));
#8351=CARTESIAN_POINT('',(72.5000005662441,-22.4999997317791,-1.5));
#8352=CARTESIAN_POINT('',(84.5000005662441,-21.500000320375,-1.5));
#8353=CARTESIAN_POINT('',(84.5000005662441,-30.2499997317791,-1.5));
#8354=CARTESIAN_POINT('',(83.5000002011657,-21.500000320375,-1.5));
#8355=CARTESIAN_POINT('',(80.5000005662441,-21.500000320375,-1.5));
#8356=CARTESIAN_POINT('',(83.5000002011657,-20.5000003054738,-1.5));
#8357=CARTESIAN_POINT('',(83.5000002011657,-29.750000026077,-1.5));
#8358=CARTESIAN_POINT('',(82.5000001862645,-20.5000003054738,-1.5));
#8359=CARTESIAN_POINT('',(80.0000003837049,-20.5000003054738,-1.5));
#8360=CARTESIAN_POINT('',(82.5000001862645,-19.5000002905726,-1.5));
#8361=CARTESIAN_POINT('',(82.5000001862645,-29.2500000186265,-1.5));
#8362=CARTESIAN_POINT('',(81.5000001713634,-19.5000002905726,-1.5));
#8363=CARTESIAN_POINT('',(79.5000003762543,-19.5000002905726,-1.5));
#8364=CARTESIAN_POINT('',(81.5000001713634,-18.4999997317791,-1.5));
#8365=CARTESIAN_POINT('',(81.5000001713634,-28.7500000111759,-1.5));
#8366=CARTESIAN_POINT('',(80.5000005662441,-18.4999997317791,-1.5));
#8367=CARTESIAN_POINT('',(79.0000003688037,-18.4999997317791,-1.5));
#8368=CARTESIAN_POINT('',(80.5000005662441,-17.5000002607703,-1.5));
#8369=CARTESIAN_POINT('',(80.5000005662441,-28.2499997317791,-1.5));
#8370=CARTESIAN_POINT('',(79.500000141561,-17.5000002607703,-1.5));
#8371=CARTESIAN_POINT('',(78.5000005662441,-17.5000002607703,-1.5));
#8372=CARTESIAN_POINT('',(79.500000141561,-16.5000002458692,-1.5));
#8373=CARTESIAN_POINT('',(79.500000141561,-27.7499999962747,-1.5));
#8374=CARTESIAN_POINT('',(78.5000001266599,-16.5000002458692,-1.5));
#8375=CARTESIAN_POINT('',(78.0000003539026,-16.5000002458692,-1.5));
#8376=CARTESIAN_POINT('',(78.5000001266599,-15.500000230968,-1.5));
#8377=CARTESIAN_POINT('',(78.5000001266599,-27.2499999888241,-1.5));
#8378=CARTESIAN_POINT('',(77.500000346452,-15.500000230968,-1.5));
#8379=CARTESIAN_POINT('',(84.5000002160668,-23.4999997317791,-1.5));
#8380=CARTESIAN_POINT('',(68.4999999776483,-23.4999997317791,-1.5));
#8381=CARTESIAN_POINT('',(80.5000003911555,-23.4999997317791,-1.5));
#8382=CARTESIAN_POINT('',(68.4999999776483,-25.4999997317791,-1.5));
#8383=CARTESIAN_POINT('',(68.4999999776483,-30.7499997317791,-1.5));
#8384=CARTESIAN_POINT('',(84.5000002160668,-25.4999997317791,-1.5));
#8385=CARTESIAN_POINT('',(72.5000002719462,-25.4999997317791,-1.5));
#8386=CARTESIAN_POINT('',(84.5000002160668,-31.7499997317791,-1.5));
#8387=CARTESIAN_POINT('Origin',(84.5000002160668,-23.4999997317791,-1.5));
#8388=CARTESIAN_POINT('',(84.5000002160668,-23.4999997317791,-1.2));
#8389=CARTESIAN_POINT('',(84.5000002160668,-23.4999997317791,-1.5));
#8390=CARTESIAN_POINT('',(68.4999999776483,-23.4999997317791,-1.2));
#8391=CARTESIAN_POINT('',(68.4999999776483,-23.4999997317791,-1.2));
#8392=CARTESIAN_POINT('',(68.4999999776483,-23.4999997317791,-1.5));
#8393=CARTESIAN_POINT('Origin',(84.5000002160668,-25.4999997317791,-1.5));
#8394=CARTESIAN_POINT('',(84.5000002160668,-25.4999997317791,-1.2));
#8395=CARTESIAN_POINT('',(84.5000002160668,-25.4999997317791,-1.5));
#8396=CARTESIAN_POINT('',(84.5000002160668,-23.4999997317791,-1.2));
#8397=CARTESIAN_POINT('Origin',(68.4999999776483,-25.4999997317791,-1.5));
#8398=CARTESIAN_POINT('',(68.4999999776483,-25.4999997317791,-1.2));
#8399=CARTESIAN_POINT('',(68.4999999776483,-25.4999997317791,-1.5));
#8400=CARTESIAN_POINT('',(84.5000002160668,-25.4999997317791,-1.2));
#8401=CARTESIAN_POINT('Origin',(68.4999999776483,-23.4999997317791,-1.5));
#8402=CARTESIAN_POINT('',(68.4999999776483,-25.4999997317791,-1.2));
#8403=CARTESIAN_POINT('Origin',(76.5000000968575,-24.4999997317791,-1.2));
#8404=CARTESIAN_POINT('Origin',(77.5000001117587,-15.500000230968,-1.5));
#8405=CARTESIAN_POINT('',(77.5000001117587,-15.500000230968,-1.2));
#8406=CARTESIAN_POINT('',(77.5000001117587,-15.500000230968,-1.5));
#8407=CARTESIAN_POINT('',(77.5000001117587,-14.4999997317791,-1.2));
#8408=CARTESIAN_POINT('',(77.5000001117587,-14.4999997317791,-1.2));
#8409=CARTESIAN_POINT('',(77.5000001117587,-14.4999997317791,-1.5));
#8410=CARTESIAN_POINT('Origin',(78.5000001266599,-15.500000230968,-1.5));
#8411=CARTESIAN_POINT('',(78.5000001266599,-15.500000230968,-1.2));
#8412=CARTESIAN_POINT('',(78.5000001266599,-15.500000230968,-1.5));
#8413=CARTESIAN_POINT('',(77.5000001117587,-15.500000230968,-1.2));
#8414=CARTESIAN_POINT('Origin',(78.5000001266599,-16.5000002458692,-1.5));
#8415=CARTESIAN_POINT('',(78.5000001266599,-16.5000002458692,-1.2));
#8416=CARTESIAN_POINT('',(78.5000001266599,-16.5000002458692,-1.5));
#8417=CARTESIAN_POINT('',(78.5000001266599,-15.500000230968,-1.2));
#8418=CARTESIAN_POINT('Origin',(79.500000141561,-16.5000002458692,-1.5));
#8419=CARTESIAN_POINT('',(79.500000141561,-16.5000002458692,-1.2));
#8420=CARTESIAN_POINT('',(79.500000141561,-16.5000002458692,-1.5));
#8421=CARTESIAN_POINT('',(78.5000001266599,-16.5000002458692,-1.2));
#8422=CARTESIAN_POINT('Origin',(79.500000141561,-17.5000002607703,-1.5));
#8423=CARTESIAN_POINT('',(79.500000141561,-17.5000002607703,-1.2));
#8424=CARTESIAN_POINT('',(79.500000141561,-17.5000002607703,-1.5));
#8425=CARTESIAN_POINT('',(79.500000141561,-16.5000002458692,-1.2));
#8426=CARTESIAN_POINT('Origin',(80.5000005662441,-17.5000002607703,-1.5));
#8427=CARTESIAN_POINT('',(80.5000005662441,-17.5000002607703,-1.2));
#8428=CARTESIAN_POINT('',(80.5000005662441,-17.5000002607703,-1.5));
#8429=CARTESIAN_POINT('',(79.500000141561,-17.5000002607703,-1.2));
#8430=CARTESIAN_POINT('Origin',(80.5000005662441,-18.4999997317791,-1.5));
#8431=CARTESIAN_POINT('',(80.5000005662441,-18.4999997317791,-1.2));
#8432=CARTESIAN_POINT('',(80.5000005662441,-18.4999997317791,-1.5));
#8433=CARTESIAN_POINT('',(80.5000005662441,-17.5000002607703,-1.2));
#8434=CARTESIAN_POINT('Origin',(81.5000001713634,-18.4999997317791,-1.5));
#8435=CARTESIAN_POINT('',(81.5000001713634,-18.4999997317791,-1.2));
#8436=CARTESIAN_POINT('',(81.5000001713634,-18.4999997317791,-1.5));
#8437=CARTESIAN_POINT('',(80.5000005662441,-18.4999997317791,-1.2));
#8438=CARTESIAN_POINT('Origin',(81.5000001713634,-19.5000002905726,-1.5));
#8439=CARTESIAN_POINT('',(81.5000001713634,-19.5000002905726,-1.2));
#8440=CARTESIAN_POINT('',(81.5000001713634,-19.5000002905726,-1.5));
#8441=CARTESIAN_POINT('',(81.5000001713634,-18.4999997317791,-1.2));
#8442=CARTESIAN_POINT('Origin',(82.5000001862645,-19.5000002905726,-1.5));
#8443=CARTESIAN_POINT('',(82.5000001862645,-19.5000002905726,-1.2));
#8444=CARTESIAN_POINT('',(82.5000001862645,-19.5000002905726,-1.5));
#8445=CARTESIAN_POINT('',(81.5000001713634,-19.5000002905726,-1.2));
#8446=CARTESIAN_POINT('Origin',(82.5000001862645,-20.5000003054738,-1.5));
#8447=CARTESIAN_POINT('',(82.5000001862645,-20.5000003054738,-1.2));
#8448=CARTESIAN_POINT('',(82.5000001862645,-20.5000003054738,-1.5));
#8449=CARTESIAN_POINT('',(82.5000001862645,-19.5000002905726,-1.2));
#8450=CARTESIAN_POINT('Origin',(83.5000002011657,-20.5000003054738,-1.5));
#8451=CARTESIAN_POINT('',(83.5000002011657,-20.5000003054738,-1.2));
#8452=CARTESIAN_POINT('',(83.5000002011657,-20.5000003054738,-1.5));
#8453=CARTESIAN_POINT('',(82.5000001862645,-20.5000003054738,-1.2));
#8454=CARTESIAN_POINT('Origin',(83.5000002011657,-21.500000320375,-1.5));
#8455=CARTESIAN_POINT('',(83.5000002011657,-21.500000320375,-1.2));
#8456=CARTESIAN_POINT('',(83.5000002011657,-21.500000320375,-1.5));
#8457=CARTESIAN_POINT('',(83.5000002011657,-20.5000003054738,-1.2));
#8458=CARTESIAN_POINT('Origin',(84.5000005662441,-21.500000320375,-1.5));
#8459=CARTESIAN_POINT('',(84.5000005662441,-21.500000320375,-1.2));
#8460=CARTESIAN_POINT('',(84.5000005662441,-21.500000320375,-1.5));
#8461=CARTESIAN_POINT('',(83.5000002011657,-21.500000320375,-1.2));
#8462=CARTESIAN_POINT('Origin',(84.5000005662441,-22.4999997317791,-1.5));
#8463=CARTESIAN_POINT('',(84.5000005662441,-22.4999997317791,-1.2));
#8464=CARTESIAN_POINT('',(84.5000005662441,-22.4999997317791,-1.5));
#8465=CARTESIAN_POINT('',(84.5000005662441,-21.500000320375,-1.2));
#8466=CARTESIAN_POINT('Origin',(68.5000005662441,-22.4999997317791,-1.5));
#8467=CARTESIAN_POINT('',(68.5000005662441,-22.4999997317791,-1.2));
#8468=CARTESIAN_POINT('',(68.5000005662441,-22.4999997317791,-1.5));
#8469=CARTESIAN_POINT('',(84.5000005662441,-22.4999997317791,-1.2));
#8470=CARTESIAN_POINT('Origin',(68.5000005662441,-21.500000320375,-1.5));
#8471=CARTESIAN_POINT('',(68.5000005662441,-21.500000320375,-1.2));
#8472=CARTESIAN_POINT('',(68.5000005662441,-21.500000320375,-1.5));
#8473=CARTESIAN_POINT('',(68.5000005662441,-21.500000320375,-1.2));
#8474=CARTESIAN_POINT('Origin',(69.4999999925494,-21.500000320375,-1.5));
#8475=CARTESIAN_POINT('',(69.4999999925494,-21.500000320375,-1.2));
#8476=CARTESIAN_POINT('',(69.4999999925494,-21.500000320375,-1.5));
#8477=CARTESIAN_POINT('',(69.4999999925494,-21.500000320375,-1.2));
#8478=CARTESIAN_POINT('Origin',(69.4999999925494,-20.5000003054738,-1.5));
#8479=CARTESIAN_POINT('',(69.4999999925494,-20.5000003054738,-1.2));
#8480=CARTESIAN_POINT('',(69.4999999925494,-20.5000003054738,-1.5));
#8481=CARTESIAN_POINT('',(69.4999999925494,-20.5000003054738,-1.2));
#8482=CARTESIAN_POINT('Origin',(70.5000000074506,-20.5000003054738,-1.5));
#8483=CARTESIAN_POINT('',(70.5000000074506,-20.5000003054738,-1.2));
#8484=CARTESIAN_POINT('',(70.5000000074506,-20.5000003054738,-1.5));
#8485=CARTESIAN_POINT('',(70.5000000074506,-20.5000003054738,-1.2));
#8486=CARTESIAN_POINT('Origin',(70.5000000074506,-19.5000002905726,-1.5));
#8487=CARTESIAN_POINT('',(70.5000000074506,-19.5000002905726,-1.2));
#8488=CARTESIAN_POINT('',(70.5000000074506,-19.5000002905726,-1.5));
#8489=CARTESIAN_POINT('',(70.5000000074506,-19.5000002905726,-1.2));
#8490=CARTESIAN_POINT('Origin',(71.5000000223517,-19.5000002905726,-1.5));
#8491=CARTESIAN_POINT('',(71.5000000223517,-19.5000002905726,-1.2));
#8492=CARTESIAN_POINT('',(71.5000000223517,-19.5000002905726,-1.5));
#8493=CARTESIAN_POINT('',(71.5000000223517,-19.5000002905726,-1.2));
#8494=CARTESIAN_POINT('Origin',(71.5000000223517,-18.4999997317791,-1.5));
#8495=CARTESIAN_POINT('',(71.5000000223517,-18.4999997317791,-1.2));
#8496=CARTESIAN_POINT('',(71.5000000223517,-18.4999997317791,-1.5));
#8497=CARTESIAN_POINT('',(71.5000000223517,-18.4999997317791,-1.2));
#8498=CARTESIAN_POINT('Origin',(72.5000005662441,-18.4999997317791,-1.5));
#8499=CARTESIAN_POINT('',(72.5000005662441,-18.4999997317791,-1.2));
#8500=CARTESIAN_POINT('',(72.5000005662441,-18.4999997317791,-1.5));
#8501=CARTESIAN_POINT('',(72.5000005662441,-18.4999997317791,-1.2));
#8502=CARTESIAN_POINT('Origin',(72.5000005662441,-17.5000002607703,-1.5));
#8503=CARTESIAN_POINT('',(72.5000005662441,-17.5000002607703,-1.2));
#8504=CARTESIAN_POINT('',(72.5000005662441,-17.5000002607703,-1.5));
#8505=CARTESIAN_POINT('',(72.5000005662441,-17.5000002607703,-1.2));
#8506=CARTESIAN_POINT('Origin',(73.5000000521541,-17.5000002607703,-1.5));
#8507=CARTESIAN_POINT('',(73.5000000521541,-17.5000002607703,-1.2));
#8508=CARTESIAN_POINT('',(73.5000000521541,-17.5000002607703,-1.5));
#8509=CARTESIAN_POINT('',(73.5000000521541,-17.5000002607703,-1.2));
#8510=CARTESIAN_POINT('Origin',(73.5000000521541,-16.5000002458692,-1.5));
#8511=CARTESIAN_POINT('',(73.5000000521541,-16.5000002458692,-1.2));
#8512=CARTESIAN_POINT('',(73.5000000521541,-16.5000002458692,-1.5));
#8513=CARTESIAN_POINT('',(73.5000000521541,-16.5000002458692,-1.2));
#8514=CARTESIAN_POINT('Origin',(74.5000000670552,-16.5000002458692,-1.5));
#8515=CARTESIAN_POINT('',(74.5000000670552,-16.5000002458692,-1.2));
#8516=CARTESIAN_POINT('',(74.5000000670552,-16.5000002458692,-1.5));
#8517=CARTESIAN_POINT('',(74.5000000670552,-16.5000002458692,-1.2));
#8518=CARTESIAN_POINT('Origin',(74.5000000670552,-15.500000230968,-1.5));
#8519=CARTESIAN_POINT('',(74.5000000670552,-15.500000230968,-1.2));
#8520=CARTESIAN_POINT('',(74.5000000670552,-15.500000230968,-1.5));
#8521=CARTESIAN_POINT('',(74.5000000670552,-15.500000230968,-1.2));
#8522=CARTESIAN_POINT('Origin',(75.5000000819564,-15.500000230968,-1.5));
#8523=CARTESIAN_POINT('',(75.5000000819564,-15.500000230968,-1.2));
#8524=CARTESIAN_POINT('',(75.5000000819564,-15.500000230968,-1.5));
#8525=CARTESIAN_POINT('',(75.5000000819564,-15.500000230968,-1.2));
#8526=CARTESIAN_POINT('Origin',(75.5000000819564,-14.4999997317791,-1.5));
#8527=CARTESIAN_POINT('',(75.5000000819564,-14.4999997317791,-1.2));
#8528=CARTESIAN_POINT('',(75.5000000819564,-14.4999997317791,-1.5));
#8529=CARTESIAN_POINT('',(75.5000000819564,-14.4999997317791,-1.2));
#8530=CARTESIAN_POINT('Origin',(77.5000001117587,-14.4999997317791,-1.5));
#8531=CARTESIAN_POINT('',(76.5000005662441,-14.4999997317791,-1.2));
#8532=CARTESIAN_POINT('Origin',(76.5000005662441,-18.4999997317791,-1.2));
#8533=CARTESIAN_POINT('Origin',(76.5000005662441,-58.9999997317791,-1.5));
#8534=CARTESIAN_POINT('',(75.4375005662441,-58.9999997317791,0.499999999999999));
#8535=CARTESIAN_POINT('Origin',(76.5000005662441,-58.9999997317791,0.499999999999999));
#8536=CARTESIAN_POINT('',(75.4375005662441,-58.9999997317791,2.));
#8537=CARTESIAN_POINT('',(75.4375005662441,-58.9999997317791,-1.5));
#8538=CARTESIAN_POINT('Origin',(76.5000005662441,-58.9999997317791,2.));
#8539=CARTESIAN_POINT('Origin',(76.5000005662441,-58.9999997317791,-1.5));
#8540=CARTESIAN_POINT('',(74.4375005662441,-58.9999997317791,0.499999999999999));
#8541=CARTESIAN_POINT('',(74.4375005662441,-58.9999997317791,-1.5));
#8542=CARTESIAN_POINT('Origin',(76.5000005662441,-58.9999997317791,0.499999999999999));
#8543=CARTESIAN_POINT('Origin',(76.5000005662441,-58.9999997317791,0.499999999999999));
#8544=CARTESIAN_POINT('Origin',(46.5000005662441,-69.4999997317791,-5.55111512312578E-16));
#8545=CARTESIAN_POINT('',(46.5000005662441,-6.49999973177909,-5.55111512312578E-16));
#8546=CARTESIAN_POINT('',(46.5000005662441,-35.4999997317791,-5.55111512312578E-16));
#8547=CARTESIAN_POINT('',(46.5000005662441,-6.49999973177909,-5.55111512312578E-16));
#8548=CARTESIAN_POINT('Origin',(46.5000005662441,-6.49999973177909,-5.55111512312578E-16));
#8549=CARTESIAN_POINT('',(45.7500000968576,-6.49999973177909,-5.55111512312578E-16));
#8550=CARTESIAN_POINT('Origin',(44.999999627471,-1.49999973177909,-5.55111512312578E-16));
#8551=CARTESIAN_POINT('',(108.000000566244,-1.49999973177909,-5.55111512312578E-16));
#8552=CARTESIAN_POINT('',(108.000000566244,-1.49999973177909,-5.55111512312578E-16));
#8553=CARTESIAN_POINT('',(108.000000566244,-1.49999973177909,-5.55111512312578E-16));
#8554=CARTESIAN_POINT('Origin',(108.000000566244,-1.49999973177909,2.));
#8555=CARTESIAN_POINT('',(108.000000566244,-1.49999973177909,2.));
#8556=CARTESIAN_POINT('',(108.000000566244,-1.49999973177909,2.));
#8557=CARTESIAN_POINT('',(44.999999627471,-1.49999973177909,2.));
#8558=CARTESIAN_POINT('Origin',(108.000000566244,-1.49999973177909,-5.55111512312578E-16));
#8559=CARTESIAN_POINT('',(108.000000566244,-1.49999973177909,2.));
#8560=CARTESIAN_POINT('Origin',(76.5000000968575,-1.49999973177909,1.));
#8561=CARTESIAN_POINT('Origin',(-89.9999999967044,-62.4999997317791,-1.3));
#8562=CARTESIAN_POINT('',(-92.4999999967044,-62.4999997317791,-2.55));
#8563=CARTESIAN_POINT('Origin',(-89.9999999967044,-62.4999997317791,-2.55));
#8564=CARTESIAN_POINT('',(-92.4999999967044,-62.4999997317791,-1.3));
#8565=CARTESIAN_POINT('',(-92.4999999967044,-62.4999997317791,-1.3));
#8566=CARTESIAN_POINT('Origin',(-89.9999999967044,-62.4999997317791,-1.3));
#8567=CARTESIAN_POINT('Origin',(-89.9999999967044,-62.4999997317791,-2.55));
#8568=CARTESIAN_POINT('',(-88.9374999967044,-62.4999997317791,-2.55));
#8569=CARTESIAN_POINT('Origin',(-89.9999999967044,-62.4999997317791,-2.55));
#8570=CARTESIAN_POINT('Origin',(-36.9999999967044,21.5000002682209,-1.3));
#8571=CARTESIAN_POINT('',(-39.4999996215388,21.5000002682209,-2.55));
#8572=CARTESIAN_POINT('Origin',(-36.9999999967044,21.5000002682209,-2.55));
#8573=CARTESIAN_POINT('',(-39.4999996215388,21.5000002682209,-1.3));
#8574=CARTESIAN_POINT('',(-39.4999996215388,21.5000002682209,-1.3));
#8575=CARTESIAN_POINT('Origin',(-36.9999999967044,21.5000002682209,-1.3));
#8576=CARTESIAN_POINT('Origin',(-36.9999999967044,21.5000002682209,-2.55));
#8577=CARTESIAN_POINT('',(-35.9374999967044,21.5000002682209,-2.55));
#8578=CARTESIAN_POINT('Origin',(-36.9999999967044,21.5000002682209,-2.55));
#8579=CARTESIAN_POINT('Origin',(-36.9999999967044,-62.4999997317791,-1.3));
#8580=CARTESIAN_POINT('',(-39.5000012770579,-62.4999997317791,-2.55));
#8581=CARTESIAN_POINT('Origin',(-36.9999999967044,-62.4999997317791,-2.55));
#8582=CARTESIAN_POINT('',(-39.5000012770579,-62.4999997317791,-1.3));
#8583=CARTESIAN_POINT('',(-39.5000012770579,-62.4999997317791,-1.3));
#8584=CARTESIAN_POINT('Origin',(-36.9999999967044,-62.4999997317791,-1.3));
#8585=CARTESIAN_POINT('Origin',(-36.9999999967044,-62.4999997317791,-2.55));
#8586=CARTESIAN_POINT('',(-35.9374999967044,-62.4999997317791,-2.55));
#8587=CARTESIAN_POINT('Origin',(-36.9999999967044,-62.4999997317791,-2.55));
#8588=CARTESIAN_POINT('Origin',(-89.9999999967044,21.5000002682209,-1.3));
#8589=CARTESIAN_POINT('',(-92.4999999967044,21.5000002682209,-2.55));
#8590=CARTESIAN_POINT('Origin',(-89.9999999967044,21.5000002682209,-2.55));
#8591=CARTESIAN_POINT('',(-92.4999999967044,21.5000002682209,-1.3));
#8592=CARTESIAN_POINT('',(-92.4999999967044,21.5000002682209,-1.3));
#8593=CARTESIAN_POINT('Origin',(-89.9999999967044,21.5000002682209,-1.3));
#8594=CARTESIAN_POINT('Origin',(-89.9999999967044,21.5000002682209,-2.55));
#8595=CARTESIAN_POINT('',(-88.9374999967044,21.5000002682209,-2.55));
#8596=CARTESIAN_POINT('Origin',(-89.9999999967044,21.5000002682209,-2.55));
#8597=CARTESIAN_POINT('Origin',(-86.4999999967043,18.0000002682209,0.699999999999998));
#8598=CARTESIAN_POINT('',(-96.4999999967043,18.0000002682209,-1.3));
#8599=CARTESIAN_POINT('',(-86.4999999967043,28.0000002682209,-1.3));
#8600=CARTESIAN_POINT('Origin',(-86.4999999967043,18.0000002682209,-1.3));
#8601=CARTESIAN_POINT('',(-96.4999999967043,18.0000002682209,0.699999999999998));
#8602=CARTESIAN_POINT('',(-96.4999999967043,18.0000002682209,0.699999999999998));
#8603=CARTESIAN_POINT('',(-86.4999999967043,28.0000002682209,0.699999999999998));
#8604=CARTESIAN_POINT('Origin',(-86.4999999967043,18.0000002682209,0.699999999999998));
#8605=CARTESIAN_POINT('',(-86.4999999967043,28.0000002682209,0.699999999999998));
#8606=CARTESIAN_POINT('Origin',(-40.4999999967043,-59.4999997317791,0.699999999999998));
#8607=CARTESIAN_POINT('',(-30.4999999967044,-59.4999997317791,-1.3));
#8608=CARTESIAN_POINT('',(-40.4999999967043,-69.4999997317791,-1.3));
#8609=CARTESIAN_POINT('Origin',(-40.4999999967043,-59.4999997317791,-1.3));
#8610=CARTESIAN_POINT('',(-30.4999999967044,-59.4999997317791,0.699999999999998));
#8611=CARTESIAN_POINT('',(-30.4999999967044,-59.4999997317791,0.699999999999998));
#8612=CARTESIAN_POINT('',(-40.4999999967043,-69.4999997317791,0.699999999999998));
#8613=CARTESIAN_POINT('Origin',(-40.4999999967043,-59.4999997317791,0.699999999999998));
#8614=CARTESIAN_POINT('',(-40.4999999967043,-69.4999997317791,0.699999999999998));
#8615=CARTESIAN_POINT('Origin',(-86.4999999967043,-59.4999997317791,0.699999999999998));
#8616=CARTESIAN_POINT('',(-86.4999999967043,-69.4999997317791,-1.3));
#8617=CARTESIAN_POINT('',(-96.4999999967043,-59.4999997317791,-1.3));
#8618=CARTESIAN_POINT('Origin',(-86.4999999967043,-59.4999997317791,-1.3));
#8619=CARTESIAN_POINT('',(-86.4999999967043,-69.4999997317791,0.699999999999998));
#8620=CARTESIAN_POINT('',(-86.4999999967043,-69.4999997317791,0.699999999999998));
#8621=CARTESIAN_POINT('',(-96.4999999967043,-59.4999997317791,0.699999999999998));
#8622=CARTESIAN_POINT('Origin',(-86.4999999967043,-59.4999997317791,0.699999999999998));
#8623=CARTESIAN_POINT('',(-96.4999999967043,-59.4999997317791,0.699999999999998));
#8624=CARTESIAN_POINT('Origin',(-40.4999999967043,18.0000002682209,0.699999999999998));
#8625=CARTESIAN_POINT('',(-40.4999999967043,28.0000002682209,-1.3));
#8626=CARTESIAN_POINT('',(-30.4999999967044,18.0000002682209,-1.3));
#8627=CARTESIAN_POINT('Origin',(-40.4999999967043,18.0000002682209,-1.3));
#8628=CARTESIAN_POINT('',(-40.4999999967043,28.0000002682209,0.699999999999998));
#8629=CARTESIAN_POINT('',(-40.4999999967043,28.0000002682209,0.699999999999998));
#8630=CARTESIAN_POINT('',(-30.4999999967044,18.0000002682209,0.699999999999998));
#8631=CARTESIAN_POINT('Origin',(-40.4999999967043,18.0000002682209,0.699999999999998));
#8632=CARTESIAN_POINT('',(-30.4999999967044,18.0000002682209,0.699999999999998));
#8633=CARTESIAN_POINT('Origin',(-63.4999999967043,-20.4999997317791,0.699999999999998));
#8634=CARTESIAN_POINT('',(-96.4999999967043,-69.4999997317791,0.699999999999998));
#8635=CARTESIAN_POINT('',(-30.4999999967044,-69.4999997317791,0.699999999999998));
#8636=CARTESIAN_POINT('',(-30.4999999967044,28.0000002682209,0.699999999999998));
#8637=CARTESIAN_POINT('',(-96.4999999967043,28.0000002682209,0.699999999999998));
#8638=CARTESIAN_POINT('',(-44.7499999967044,-27.9749997317791,0.699999999999998));
#8639=CARTESIAN_POINT('Origin',(-47.2499999967044,-27.9749997317791,0.699999999999998));
#8640=CARTESIAN_POINT('',(-56.5149999967043,-37.0149997317791,0.699999999999998));
#8641=CARTESIAN_POINT('',(-70.5149999967044,-37.0149997317791,0.699999999999998));
#8642=CARTESIAN_POINT('',(-56.5149999967044,-37.0149997317791,0.699999999999998));
#8643=CARTESIAN_POINT('',(-70.5149999967044,-23.0149997317791,0.699999999999998));
#8644=CARTESIAN_POINT('',(-70.5149999967044,-37.0149997317791,0.699999999999998));
#8645=CARTESIAN_POINT('',(-56.5149999967043,-23.0149997317791,0.699999999999998));
#8646=CARTESIAN_POINT('',(-70.5149999967044,-23.0149997317791,0.699999999999998));
#8647=CARTESIAN_POINT('',(-56.5149999967044,-23.0149997317791,0.699999999999998));
#8648=CARTESIAN_POINT('',(-77.2499999967044,-27.9749997317791,0.699999999999998));
#8649=CARTESIAN_POINT('Origin',(-79.7499999967044,-27.9749997317791,0.699999999999998));
#8650=CARTESIAN_POINT('',(-37.1249999967044,-20.6999997317791,0.699999999999998));
#8651=CARTESIAN_POINT('Origin',(-39.6249999967044,-20.6999997317791,0.699999999999998));
#8652=CARTESIAN_POINT('',(-88.9374999967044,21.5000002682209,0.699999999999998));
#8653=CARTESIAN_POINT('Origin',(-89.9999999967044,21.5000002682209,0.699999999999998));
#8654=CARTESIAN_POINT('',(-88.9374999967044,-62.4999997317791,0.699999999999998));
#8655=CARTESIAN_POINT('Origin',(-89.9999999967044,-62.4999997317791,0.699999999999998));
#8656=CARTESIAN_POINT('',(-75.5499999967044,-56.0649997317791,0.699999999999998));
#8657=CARTESIAN_POINT('',(-89.5499999967043,-56.0649997317791,0.699999999999998));
#8658=CARTESIAN_POINT('',(-75.5499999967044,-56.0649997317791,0.699999999999998));
#8659=CARTESIAN_POINT('',(-89.5499999967043,-42.0649997317791,0.699999999999998));
#8660=CARTESIAN_POINT('',(-89.5499999967043,-56.0649997317791,0.699999999999998));
#8661=CARTESIAN_POINT('',(-75.5499999967044,-42.0649997317791,0.699999999999998));
#8662=CARTESIAN_POINT('',(-89.5499999967043,-42.0649997317791,0.699999999999998));
#8663=CARTESIAN_POINT('',(-75.5499999967044,-42.0649997317791,0.699999999999998));
#8664=CARTESIAN_POINT('',(-84.8749999967044,-35.3999997317791,0.699999999999998));
#8665=CARTESIAN_POINT('Origin',(-87.3749999967044,-35.3999997317791,0.699999999999998));
#8666=CARTESIAN_POINT('',(-44.4499999967044,-15.9999997317791,0.699999999999998));
#8667=CARTESIAN_POINT('',(-82.5499999967044,-15.9999997317791,0.699999999999998));
#8668=CARTESIAN_POINT('',(-44.4499999967044,-15.9999997317791,0.699999999999998));
#8669=CARTESIAN_POINT('',(-82.5499999967044,22.5000002682209,0.699999999999998));
#8670=CARTESIAN_POINT('',(-82.5499999967044,-15.9999997317791,0.699999999999998));
#8671=CARTESIAN_POINT('',(-44.4499999967044,22.5000002682209,0.699999999999998));
#8672=CARTESIAN_POINT('',(-82.5499999967044,22.5000002682209,0.699999999999998));
#8673=CARTESIAN_POINT('',(-44.4499999967044,22.5000002682209,0.699999999999998));
#8674=CARTESIAN_POINT('',(-37.4499999967044,-56.0649997317791,0.699999999999998));
#8675=CARTESIAN_POINT('',(-51.4499999967044,-56.0649997317791,0.699999999999998));
#8676=CARTESIAN_POINT('',(-37.4499999967044,-56.0649997317791,0.699999999999998));
#8677=CARTESIAN_POINT('',(-51.4499999967044,-42.0649997317791,0.699999999999998));
#8678=CARTESIAN_POINT('',(-51.4499999967044,-56.0649997317791,0.699999999999998));
#8679=CARTESIAN_POINT('',(-37.4499999967044,-42.0649997317791,0.699999999999998));
#8680=CARTESIAN_POINT('',(-51.4499999967044,-42.0649997317791,0.699999999999998));
#8681=CARTESIAN_POINT('',(-37.4499999967044,-42.0649997317791,0.699999999999998));
#8682=CARTESIAN_POINT('',(-35.9374999967044,-62.4999997317791,0.699999999999998));
#8683=CARTESIAN_POINT('Origin',(-36.9999999967044,-62.4999997317791,0.699999999999998));
#8684=CARTESIAN_POINT('',(-37.1249999967044,-35.3999997317791,0.699999999999998));
#8685=CARTESIAN_POINT('Origin',(-39.6249999967044,-35.3999997317791,0.699999999999998));
#8686=CARTESIAN_POINT('',(-56.4999999967044,-56.0649997317791,0.699999999999998));
#8687=CARTESIAN_POINT('',(-70.4999999967044,-56.0649997317791,0.699999999999998));
#8688=CARTESIAN_POINT('',(-56.4999999967044,-56.0649997317791,0.699999999999998));
#8689=CARTESIAN_POINT('',(-70.4999999967044,-42.0649997317791,0.699999999999998));
#8690=CARTESIAN_POINT('',(-70.4999999967044,-56.0649997317791,0.699999999999998));
#8691=CARTESIAN_POINT('',(-56.4999999967044,-42.0649997317791,0.699999999999998));
#8692=CARTESIAN_POINT('',(-70.4999999967044,-42.0649997317791,0.699999999999998));
#8693=CARTESIAN_POINT('',(-56.4999999967044,-42.0649997317791,0.699999999999998));
#8694=CARTESIAN_POINT('',(-84.8749999967044,-20.6999997317791,0.699999999999998));
#8695=CARTESIAN_POINT('Origin',(-87.3749999967044,-20.6999997317791,0.699999999999998));
#8696=CARTESIAN_POINT('',(-35.9374999967044,21.5000002682209,0.699999999999998));
#8697=CARTESIAN_POINT('Origin',(-36.9999999967044,21.5000002682209,0.699999999999998));
#8698=CARTESIAN_POINT('Origin',(-63.4999999967043,-20.4999997317791,-1.3));
#8699=CARTESIAN_POINT('',(-96.4999999967043,28.0000002682209,-1.3));
#8700=CARTESIAN_POINT('',(-30.4999999967044,28.0000002682209,-1.3));
#8701=CARTESIAN_POINT('',(-30.4999999967044,-69.4999997317791,-1.3));
#8702=CARTESIAN_POINT('',(-96.4999999967043,-69.4999997317791,-1.3));
#8703=CARTESIAN_POINT('',(-44.7499999967044,-27.9749997317791,-1.3));
#8704=CARTESIAN_POINT('Origin',(-47.2499999967044,-27.9749997317791,-1.3));
#8705=CARTESIAN_POINT('',(-56.5149999967044,-37.0149997317791,-1.3));
#8706=CARTESIAN_POINT('',(-70.5149999967044,-37.0149997317791,-1.3));
#8707=CARTESIAN_POINT('',(-56.5149999967044,-37.0149997317791,-1.3));
#8708=CARTESIAN_POINT('',(-56.5149999967044,-23.0149997317791,-1.3));
#8709=CARTESIAN_POINT('',(-56.5149999967044,-23.0149997317791,-1.3));
#8710=CARTESIAN_POINT('',(-70.5149999967044,-23.0149997317791,-1.3));
#8711=CARTESIAN_POINT('',(-70.5149999967044,-23.0149997317791,-1.3));
#8712=CARTESIAN_POINT('',(-70.5149999967044,-37.0149997317791,-1.3));
#8713=CARTESIAN_POINT('',(-77.2499999967044,-27.9749997317791,-1.3));
#8714=CARTESIAN_POINT('Origin',(-79.7499999967044,-27.9749997317791,-1.3));
#8715=CARTESIAN_POINT('',(-37.1249999967044,-20.6999997317791,-1.3));
#8716=CARTESIAN_POINT('Origin',(-39.6249999967044,-20.6999997317791,-1.3));
#8717=CARTESIAN_POINT('',(-75.5499999967044,-56.0649997317791,-1.3));
#8718=CARTESIAN_POINT('',(-89.5499999967043,-56.0649997317791,-1.3));
#8719=CARTESIAN_POINT('',(-75.5499999967044,-56.0649997317791,-1.3));
#8720=CARTESIAN_POINT('',(-75.5499999967044,-42.0649997317791,-1.3));
#8721=CARTESIAN_POINT('',(-75.5499999967044,-42.0649997317791,-1.3));
#8722=CARTESIAN_POINT('',(-89.5499999967043,-42.0649997317791,-1.3));
#8723=CARTESIAN_POINT('',(-89.5499999967043,-42.0649997317791,-1.3));
#8724=CARTESIAN_POINT('',(-89.5499999967043,-56.0649997317791,-1.3));
#8725=CARTESIAN_POINT('',(-84.8749999967044,-35.3999997317791,-1.3));
#8726=CARTESIAN_POINT('Origin',(-87.3749999967044,-35.3999997317791,-1.3));
#8727=CARTESIAN_POINT('',(-44.4499999967044,-15.9999997317791,-1.3));
#8728=CARTESIAN_POINT('',(-82.5499999967044,-15.9999997317791,-1.3));
#8729=CARTESIAN_POINT('',(-44.4499999967044,-15.9999997317791,-1.3));
#8730=CARTESIAN_POINT('',(-44.4499999967044,22.5000002682209,-1.3));
#8731=CARTESIAN_POINT('',(-44.4499999967044,22.5000002682209,-1.3));
#8732=CARTESIAN_POINT('',(-82.5499999967044,22.5000002682209,-1.3));
#8733=CARTESIAN_POINT('',(-82.5499999967044,22.5000002682209,-1.3));
#8734=CARTESIAN_POINT('',(-82.5499999967044,-15.9999997317791,-1.3));
#8735=CARTESIAN_POINT('',(-37.4499999967044,-56.0649997317791,-1.3));
#8736=CARTESIAN_POINT('',(-51.4499999967044,-56.0649997317791,-1.3));
#8737=CARTESIAN_POINT('',(-37.4499999967044,-56.0649997317791,-1.3));
#8738=CARTESIAN_POINT('',(-37.4499999967044,-42.0649997317791,-1.3));
#8739=CARTESIAN_POINT('',(-37.4499999967044,-42.0649997317791,-1.3));
#8740=CARTESIAN_POINT('',(-51.4499999967044,-42.0649997317791,-1.3));
#8741=CARTESIAN_POINT('',(-51.4499999967044,-42.0649997317791,-1.3));
#8742=CARTESIAN_POINT('',(-51.4499999967044,-56.0649997317791,-1.3));
#8743=CARTESIAN_POINT('',(-37.1249999967044,-35.3999997317791,-1.3));
#8744=CARTESIAN_POINT('Origin',(-39.6249999967044,-35.3999997317791,-1.3));
#8745=CARTESIAN_POINT('',(-56.4999999967044,-56.0649997317791,-1.3));
#8746=CARTESIAN_POINT('',(-70.4999999967044,-56.0649997317791,-1.3));
#8747=CARTESIAN_POINT('',(-56.4999999967044,-56.0649997317791,-1.3));
#8748=CARTESIAN_POINT('',(-56.4999999967044,-42.0649997317791,-1.3));
#8749=CARTESIAN_POINT('',(-56.4999999967044,-42.0649997317791,-1.3));
#8750=CARTESIAN_POINT('',(-70.4999999967044,-42.0649997317791,-1.3));
#8751=CARTESIAN_POINT('',(-70.4999999967044,-42.0649997317791,-1.3));
#8752=CARTESIAN_POINT('',(-70.4999999967044,-56.0649997317791,-1.3));
#8753=CARTESIAN_POINT('',(-84.8749999967044,-20.6999997317791,-1.3));
#8754=CARTESIAN_POINT('Origin',(-87.3749999967044,-20.6999997317791,-1.3));
#8755=CARTESIAN_POINT('Origin',(-30.4999999967044,-69.4999997317791,-1.3));
#8756=CARTESIAN_POINT('Origin',(-96.4999999967043,-69.4999997317791,-1.3));
#8757=CARTESIAN_POINT('Origin',(-96.4999999967043,28.0000002682209,-1.3));
#8758=CARTESIAN_POINT('Origin',(-30.4999999967044,28.0000002682209,-1.3));
#8759=CARTESIAN_POINT('Origin',(-47.2499999967044,-27.9749997317791,-1.3));
#8760=CARTESIAN_POINT('',(-44.7499999967044,-27.9749997317791,-1.3));
#8761=CARTESIAN_POINT('Origin',(-56.5149999967044,-23.0149997317791,-1.3));
#8762=CARTESIAN_POINT('',(-56.5149999967044,-37.0149997317791,-1.3));
#8763=CARTESIAN_POINT('',(-56.5149999967044,-23.0149997317791,-1.3));
#8764=CARTESIAN_POINT('Origin',(-70.5149999967044,-23.0149997317791,-1.3));
#8765=CARTESIAN_POINT('',(-70.5149999967044,-23.0149997317791,-1.3));
#8766=CARTESIAN_POINT('Origin',(-70.5149999967044,-37.0149997317791,-1.3));
#8767=CARTESIAN_POINT('',(-70.5149999967044,-37.0149997317791,-1.3));
#8768=CARTESIAN_POINT('Origin',(-56.5149999967044,-37.0149997317791,-1.3));
#8769=CARTESIAN_POINT('Origin',(-79.7499999967044,-27.9749997317791,-1.3));
#8770=CARTESIAN_POINT('',(-77.2499999967044,-27.9749997317791,-1.3));
#8771=CARTESIAN_POINT('Origin',(-39.6249999967044,-20.6999997317791,-1.3));
#8772=CARTESIAN_POINT('',(-37.1249999967044,-20.6999997317791,-1.3));
#8773=CARTESIAN_POINT('Origin',(-89.9999999967044,21.5000002682209,-1.3));
#8774=CARTESIAN_POINT('',(-88.9374999967044,21.5000002682209,-1.3));
#8775=CARTESIAN_POINT('Origin',(-89.9999999967044,-62.4999997317791,-1.3));
#8776=CARTESIAN_POINT('',(-88.9374999967044,-62.4999997317791,-1.3));
#8777=CARTESIAN_POINT('Origin',(-75.5499999967044,-42.0649997317791,-1.3));
#8778=CARTESIAN_POINT('',(-75.5499999967044,-56.0649997317791,-1.3));
#8779=CARTESIAN_POINT('',(-75.5499999967044,-42.0649997317791,-1.3));
#8780=CARTESIAN_POINT('Origin',(-89.5499999967043,-42.0649997317791,-1.3));
#8781=CARTESIAN_POINT('',(-89.5499999967043,-42.0649997317791,-1.3));
#8782=CARTESIAN_POINT('Origin',(-89.5499999967043,-56.0649997317791,-1.3));
#8783=CARTESIAN_POINT('',(-89.5499999967043,-56.0649997317791,-1.3));
#8784=CARTESIAN_POINT('Origin',(-75.5499999967044,-56.0649997317791,-1.3));
#8785=CARTESIAN_POINT('Origin',(-87.3749999967044,-35.3999997317791,-1.3));
#8786=CARTESIAN_POINT('',(-84.8749999967044,-35.3999997317791,-1.3));
#8787=CARTESIAN_POINT('Origin',(-44.4499999967044,22.5000002682209,-1.3));
#8788=CARTESIAN_POINT('',(-44.4499999967044,-15.9999997317791,-1.3));
#8789=CARTESIAN_POINT('',(-44.4499999967044,22.5000002682209,-1.3));
#8790=CARTESIAN_POINT('Origin',(-82.5499999967044,22.5000002682209,-1.3));
#8791=CARTESIAN_POINT('',(-82.5499999967044,22.5000002682209,-1.3));
#8792=CARTESIAN_POINT('Origin',(-82.5499999967044,-15.9999997317791,-1.3));
#8793=CARTESIAN_POINT('',(-82.5499999967044,-15.9999997317791,-1.3));
#8794=CARTESIAN_POINT('Origin',(-44.4499999967044,-15.9999997317791,-1.3));
#8795=CARTESIAN_POINT('Origin',(-37.4499999967044,-42.0649997317791,-1.3));
#8796=CARTESIAN_POINT('',(-37.4499999967044,-56.0649997317791,-1.3));
#8797=CARTESIAN_POINT('',(-37.4499999967044,-42.0649997317791,-1.3));
#8798=CARTESIAN_POINT('Origin',(-51.4499999967044,-42.0649997317791,-1.3));
#8799=CARTESIAN_POINT('',(-51.4499999967044,-42.0649997317791,-1.3));
#8800=CARTESIAN_POINT('Origin',(-51.4499999967044,-56.0649997317791,-1.3));
#8801=CARTESIAN_POINT('',(-51.4499999967044,-56.0649997317791,-1.3));
#8802=CARTESIAN_POINT('Origin',(-37.4499999967044,-56.0649997317791,-1.3));
#8803=CARTESIAN_POINT('Origin',(-36.9999999967044,-62.4999997317791,-1.3));
#8804=CARTESIAN_POINT('',(-35.9374999967044,-62.4999997317791,-1.3));
#8805=CARTESIAN_POINT('Origin',(-39.6249999967044,-35.3999997317791,-1.3));
#8806=CARTESIAN_POINT('',(-37.1249999967044,-35.3999997317791,-1.3));
#8807=CARTESIAN_POINT('Origin',(-56.4999999967044,-42.0649997317791,-1.3));
#8808=CARTESIAN_POINT('',(-56.4999999967044,-56.0649997317791,-1.3));
#8809=CARTESIAN_POINT('',(-56.4999999967044,-42.0649997317791,-1.3));
#8810=CARTESIAN_POINT('Origin',(-70.4999999967044,-42.0649997317791,-1.3));
#8811=CARTESIAN_POINT('',(-70.4999999967044,-42.0649997317791,-1.3));
#8812=CARTESIAN_POINT('Origin',(-70.4999999967044,-56.0649997317791,-1.3));
#8813=CARTESIAN_POINT('',(-70.4999999967044,-56.0649997317791,-1.3));
#8814=CARTESIAN_POINT('Origin',(-56.4999999967044,-56.0649997317791,-1.3));
#8815=CARTESIAN_POINT('Origin',(-87.3749999967044,-20.6999997317791,-1.3));
#8816=CARTESIAN_POINT('',(-84.8749999967044,-20.6999997317791,-1.3));
#8817=CARTESIAN_POINT('Origin',(-36.9999999967044,21.5000002682209,-1.3));
#8818=CARTESIAN_POINT('',(-35.9374999967044,21.5000002682209,-1.3));
#8819=UNCERTAINTY_MEASURE_WITH_UNIT(LENGTH_MEASURE(0.01),#8823,
'DISTANCE_ACCURACY_VALUE',
'Maximum model space distance between geometric entities at asserted c
onnectivities');
#8820=UNCERTAINTY_MEASURE_WITH_UNIT(LENGTH_MEASURE(0.01),#8823,
'DISTANCE_ACCURACY_VALUE',
'Maximum model space distance between geometric entities at asserted c
onnectivities');
#8821=(
GEOMETRIC_REPRESENTATION_CONTEXT(3)
GLOBAL_UNCERTAINTY_ASSIGNED_CONTEXT((#8819))
GLOBAL_UNIT_ASSIGNED_CONTEXT((#8823,#8824,#8825))
REPRESENTATION_CONTEXT('','3D')
);
#8822=(
GEOMETRIC_REPRESENTATION_CONTEXT(3)
GLOBAL_UNCERTAINTY_ASSIGNED_CONTEXT((#8820))
GLOBAL_UNIT_ASSIGNED_CONTEXT((#8823,#8824,#8825))
REPRESENTATION_CONTEXT('','3D')
);
#8823=(
LENGTH_UNIT()
NAMED_UNIT(*)
SI_UNIT(.MILLI.,.METRE.)
);
#8824=(
NAMED_UNIT(*)
PLANE_ANGLE_UNIT()
SI_UNIT($,.RADIAN.)
);
#8825=(
NAMED_UNIT(*)
SI_UNIT($,.STERADIAN.)
SOLID_ANGLE_UNIT()
);
#8826=SHAPE_DEFINITION_REPRESENTATION(#8827,#8828);
#8827=PRODUCT_DEFINITION_SHAPE('',$,#8830);
#8828=SHAPE_REPRESENTATION('',(#5483),#8821);
#8829=PRODUCT_DEFINITION_CONTEXT('part definition',#8834,'design');
#8830=PRODUCT_DEFINITION('2026-08-07-23-02-26-632','3D HACK-PAD',#8831,
#8829);
#8831=PRODUCT_DEFINITION_FORMATION('',$,#8836);
#8832=PRODUCT_RELATED_PRODUCT_CATEGORY('3D HACK-PAD','3D HACK-PAD',(#8836));
#8833=APPLICATION_PROTOCOL_DEFINITION('international standard',
'automotive_design',2009,#8834);
#8834=APPLICATION_CONTEXT(
'Core Data for Automotive Mechanical Design Process');
#8835=PRODUCT_CONTEXT('part definition',#8834,'mechanical');
#8836=PRODUCT('2026-08-07-23-02-26-632','3D HACK-PAD',
'KiCad electronic assembly',(#8835));
#8837=PRESENTATION_STYLE_ASSIGNMENT((#8840));
#8838=PRESENTATION_STYLE_ASSIGNMENT((#8841));
#8839=PRESENTATION_STYLE_ASSIGNMENT((#8842));
#8840=SURFACE_STYLE_USAGE(.BOTH.,#8843);
#8841=SURFACE_STYLE_USAGE(.BOTH.,#8844);
#8842=SURFACE_STYLE_USAGE(.BOTH.,#8845);
#8843=SURFACE_SIDE_STYLE('',(#8846));
#8844=SURFACE_SIDE_STYLE('',(#8847));
#8845=SURFACE_SIDE_STYLE('',(#8848));
#8846=SURFACE_STYLE_FILL_AREA(#8849);
#8847=SURFACE_STYLE_FILL_AREA(#8850);
#8848=SURFACE_STYLE_FILL_AREA(#8851);
#8849=FILL_AREA_STYLE('Steel - Satin',(#8852));
#8850=FILL_AREA_STYLE('Opaque(64,64,64)',(#8853));
#8851=FILL_AREA_STYLE('Powder Coat - Rough (Red)',(#8854));
#8852=FILL_AREA_STYLE_COLOUR('Steel - Satin',#8855);
#8853=FILL_AREA_STYLE_COLOUR('Opaque(64,64,64)',#8856);
#8854=FILL_AREA_STYLE_COLOUR('Powder Coat - Rough (Red)',#8857);
#8855=COLOUR_RGB('Steel - Satin',0.627450980392157,0.627450980392157,0.627450980392157);
#8856=COLOUR_RGB('Opaque(64,64,64)',0.250980392156863,0.250980392156863,
0.250980392156863);
#8857=COLOUR_RGB('Powder Coat - Rough (Red)',0.768627450980392,0.207843137254902,
0.152941176470588);
ENDSEC;
END-ISO-10303-21;
